dataset,arch,config_id,config_label,is_quantized,size_mb,compression_ratio,n_params,latency_ms,acc_clean,top5_clean,ece_clean,mce,mce_noise,mce_blur,mce_weather,mce_digital,acc_gaussian_noise_s1,drop_gaussian_noise_s1,ece_gaussian_noise_s1,acc_gaussian_noise_s2,drop_gaussian_noise_s2,ece_gaussian_noise_s2,acc_gaussian_noise_s3,drop_gaussian_noise_s3,ece_gaussian_noise_s3,acc_gaussian_noise_s4,drop_gaussian_noise_s4,ece_gaussian_noise_s4,acc_gaussian_noise_s5,drop_gaussian_noise_s5,ece_gaussian_noise_s5,acc_shot_noise_s1,drop_shot_noise_s1,ece_shot_noise_s1,acc_shot_noise_s2,drop_shot_noise_s2,ece_shot_noise_s2,acc_shot_noise_s3,drop_shot_noise_s3,ece_shot_noise_s3,acc_shot_noise_s4,drop_shot_noise_s4,ece_shot_noise_s4,acc_shot_noise_s5,drop_shot_noise_s5,ece_shot_noise_s5,acc_impulse_noise_s1,drop_impulse_noise_s1,ece_impulse_noise_s1,acc_impulse_noise_s2,drop_impulse_noise_s2,ece_impulse_noise_s2,acc_impulse_noise_s3,drop_impulse_noise_s3,ece_impulse_noise_s3,acc_impulse_noise_s4,drop_impulse_noise_s4,ece_impulse_noise_s4,acc_impulse_noise_s5,drop_impulse_noise_s5,ece_impulse_noise_s5,acc_defocus_blur_s1,drop_defocus_blur_s1,ece_defocus_blur_s1,acc_defocus_blur_s2,drop_defocus_blur_s2,ece_defocus_blur_s2,acc_defocus_blur_s3,drop_defocus_blur_s3,ece_defocus_blur_s3,acc_defocus_blur_s4,drop_defocus_blur_s4,ece_defocus_blur_s4,acc_defocus_blur_s5,drop_defocus_blur_s5,ece_defocus_blur_s5,acc_glass_blur_s1,drop_glass_blur_s1,ece_glass_blur_s1,acc_glass_blur_s2,drop_glass_blur_s2,ece_glass_blur_s2,acc_glass_blur_s3,drop_glass_blur_s3,ece_glass_blur_s3,acc_glass_blur_s4,drop_glass_blur_s4,ece_glass_blur_s4,acc_glass_blur_s5,drop_glass_blur_s5,ece_glass_blur_s5,acc_motion_blur_s1,drop_motion_blur_s1,ece_motion_blur_s1,acc_motion_blur_s2,drop_motion_blur_s2,ece_motion_blur_s2,acc_motion_blur_s3,drop_motion_blur_s3,ece_motion_blur_s3,acc_motion_blur_s4,drop_motion_blur_s4,ece_motion_blur_s4,acc_motion_blur_s5,drop_motion_blur_s5,ece_motion_blur_s5,acc_zoom_blur_s1,drop_zoom_blur_s1,ece_zoom_blur_s1,acc_zoom_blur_s2,drop_zoom_blur_s2,ece_zoom_blur_s2,acc_zoom_blur_s3,drop_zoom_blur_s3,ece_zoom_blur_s3,acc_zoom_blur_s4,drop_zoom_blur_s4,ece_zoom_blur_s4,acc_zoom_blur_s5,drop_zoom_blur_s5,ece_zoom_blur_s5,acc_snow_s1,drop_snow_s1,ece_snow_s1,acc_snow_s2,drop_snow_s2,ece_snow_s2,acc_snow_s3,drop_snow_s3,ece_snow_s3,acc_snow_s4,drop_snow_s4,ece_snow_s4,acc_snow_s5,drop_snow_s5,ece_snow_s5,acc_frost_s1,drop_frost_s1,ece_frost_s1,acc_frost_s2,drop_frost_s2,ece_frost_s2,acc_frost_s3,drop_frost_s3,ece_frost_s3,acc_frost_s4,drop_frost_s4,ece_frost_s4,acc_frost_s5,drop_frost_s5,ece_frost_s5,acc_fog_s1,drop_fog_s1,ece_fog_s1,acc_fog_s2,drop_fog_s2,ece_fog_s2,acc_fog_s3,drop_fog_s3,ece_fog_s3,acc_fog_s4,drop_fog_s4,ece_fog_s4,acc_fog_s5,drop_fog_s5,ece_fog_s5,acc_brightness_s1,drop_brightness_s1,ece_brightness_s1,acc_brightness_s2,drop_brightness_s2,ece_brightness_s2,acc_brightness_s3,drop_brightness_s3,ece_brightness_s3,acc_brightness_s4,drop_brightness_s4,ece_brightness_s4,acc_brightness_s5,drop_brightness_s5,ece_brightness_s5,acc_contrast_s1,drop_contrast_s1,ece_contrast_s1,acc_contrast_s2,drop_contrast_s2,ece_contrast_s2,acc_contrast_s3,drop_contrast_s3,ece_contrast_s3,acc_contrast_s4,drop_contrast_s4,ece_contrast_s4,acc_contrast_s5,drop_contrast_s5,ece_contrast_s5,acc_elastic_transform_s1,drop_elastic_transform_s1,ece_elastic_transform_s1,acc_elastic_transform_s2,drop_elastic_transform_s2,ece_elastic_transform_s2,acc_elastic_transform_s3,drop_elastic_transform_s3,ece_elastic_transform_s3,acc_elastic_transform_s4,drop_elastic_transform_s4,ece_elastic_transform_s4,acc_elastic_transform_s5,drop_elastic_transform_s5,ece_elastic_transform_s5,acc_pixelate_s1,drop_pixelate_s1,ece_pixelate_s1,acc_pixelate_s2,drop_pixelate_s2,ece_pixelate_s2,acc_pixelate_s3,drop_pixelate_s3,ece_pixelate_s3,acc_pixelate_s4,drop_pixelate_s4,ece_pixelate_s4,acc_pixelate_s5,drop_pixelate_s5,ece_pixelate_s5,acc_jpeg_compression_s1,drop_jpeg_compression_s1,ece_jpeg_compression_s1,acc_jpeg_compression_s2,drop_jpeg_compression_s2,ece_jpeg_compression_s2,acc_jpeg_compression_s3,drop_jpeg_compression_s3,ece_jpeg_compression_s3,acc_jpeg_compression_s4,drop_jpeg_compression_s4,ece_jpeg_compression_s4,acc_jpeg_compression_s5,drop_jpeg_compression_s5,ece_jpeg_compression_s5
cifar10,resnet20,baseline,baseline,False,1.139,1,272474,20.593,92.01,99.76,0.07053,100,100,100,100,100,78.38,13.63,0.03108,61.29,30.72,0.09187,44.5,47.51,0.23304,36.65,55.36,0.31229,31.16,60.85,0.37219,84.57,7.44,0.04719,76.68,15.33,0.03245,57.21,34.8,0.12896,49.55,42.46,0.19194,37.69,54.32,0.30702,87.88,4.13,0.05652,83.13,8.88,0.04426,75.79,16.22,0.02622,57.23,34.78,0.10314,37.45,54.56,0.26972,91.77,0.24,0.06883,90.93,1.08,0.06764,88.66,3.35,0.06259,85.22,6.79,0.05568,75.56,16.45,0.02744,51.4,40.61,0.13809,53.7,38.31,0.1175,55.86,36.15,0.1059,41.35,50.66,0.20674,43.87,48.14,0.18598,87.42,4.59,0.05958,81.14,10.87,0.036,74.42,17.59,0.02604,74.05,17.96,0.02885,68.53,23.48,0.03891,87.32,4.69,0.06231,86.6,5.41,0.06022,84.08,7.93,0.05352,81.31,10.7,0.04586,76.11,15.9,0.02765,87.32,4.69,0.05551,76.11,15.9,0.02374,79.17,12.84,0.02511,75.97,16.04,0.02254,71.9,20.11,0.03278,87.59,4.42,0.05927,82.36,9.65,0.03593,73.02,18.99,0.03698,71.04,20.97,0.0405,60.19,31.82,0.09875,91.85,0.16,0.06995,91.44,0.57,0.06922,90.48,1.53,0.06698,88.69,3.32,0.06212,78.65,13.36,0.03329,91.86,0.15,0.06906,91.73,0.28,0.06932,91.45,0.56,0.0695,90.95,1.06,0.06759,89.92,2.09,0.06621,91.61,0.4,0.06867,90.18,1.83,0.06201,89.14,2.87,0.05915,87.05,4.96,0.05151,77.97,14.04,0.03214,86.75,5.26,0.06112,87.44,4.57,0.06363,85.47,6.54,0.06175,76.93,15.08,0.03651,68.72,23.29,0.01921,89.24,2.77,0.06326,84.13,7.88,0.04912,77.64,14.37,0.02968,55.25,36.76,0.15942,39.98,52.03,0.2658,84.34,7.67,0.04243,79.8,12.21,0.02871,78.31,13.7,0.02681,76.34,15.67,0.02039,72.83,19.18,0.02134
cifar10,resnet20,pruning,pruning,False,1.138,1.001,272474,16.624,91.92,99.74,0.06874,98.254,96.22,99.281,97.697,99.311,78.89,13.03,0.03189,63.18,28.74,0.07676,46,45.92,0.21475,38.66,53.26,0.28698,33.09,58.83,0.3471,84.73,7.19,0.05008,78.02,13.9,0.03238,58.68,33.24,0.11633,51.16,40.76,0.17655,39.39,52.53,0.28742,88.09,3.83,0.05576,83.5,8.42,0.0437,77.37,14.55,0.02099,60.21,31.71,0.08119,40.15,51.77,0.23954,91.87,0.05,0.06877,91.2,0.72,0.06994,88.83,3.09,0.06324,85.44,6.48,0.05585,75.84,16.08,0.0282,52.72,39.2,0.12575,54.64,37.28,0.11117,57.55,34.37,0.09304,41.87,50.05,0.20348,44.53,47.39,0.18031,87.38,4.54,0.05868,81.38,10.54,0.03556,73.99,17.93,0.03004,73.7,18.22,0.03266,67.89,24.03,0.04292,87.41,4.51,0.06165,86.4,5.52,0.0577,83.94,7.98,0.05228,81.49,10.43,0.04237,76.51,15.41,0.02618,87.67,4.25,0.05533,77.49,14.43,0.02047,79.88,12.04,0.02807,76.84,15.08,0.02474,73.32,18.6,0.02871,88.17,3.75,0.06173,83.26,8.66,0.03931,73.94,17.98,0.03729,72,19.92,0.03924,61.81,30.11,0.08805,91.89,0.03,0.06866,91.63,0.29,0.06901,90.59,1.33,0.06614,88.79,3.13,0.06203,78.12,13.8,0.02422,92,-0.08,0.06922,91.82,0.1,0.06882,91.47,0.45,0.06765,91.11,0.81,0.0671,89.99,1.93,0.065,91.59,0.33,0.06639,90.4,1.52,0.06148,89.63,2.29,0.06052,87.65,4.27,0.05465,79.41,12.51,0.03465,87.39,4.53,0.06541,87.7,4.22,0.06539,85.38,6.54,0.0598,77.14,14.78,0.03247,68.55,23.37,0.02354,89.06,2.86,0.06229,82.96,8.96,0.04269,76.28,15.64,0.03693,54.14,37.78,0.16929,39.62,52.3,0.26344,84.63,7.29,0.04704,79.93,11.99,0.0325,78.47,13.45,0.02967,76.3,15.62,0.02063,72.63,19.29,0.01659
cifar10,resnet20,ptq,ptq,True,0.334,3.408,nan,3.074,10.09,50,0.89515,458.755,232.285,439.514,637.286,469.316,10.03,0.06,0.89655,10,0.09,0.89865,10,0.09,0.89955,10,0.09,0.89985,10,0.09,0.9,10.04,0.05,0.8955,10.01,0.08,0.8972,10.03,0.06,0.899,10,0.09,0.8994,10,0.09,0.89975,10.01,0.08,0.8985,10,0.09,0.8992,10,0.09,0.8997,10,0.09,0.89985,10,0.09,0.9,10.11,-0.02,0.8927,10.25,-0.16,0.88775,10.45,-0.36,0.88185,10.56,-0.47,0.8745,10.99,-0.9,0.8482,10,0.09,0.89645,10.01,0.08,0.89575,10.02,0.07,0.892,10,0.09,0.897,10.01,0.08,0.8927,10.21,-0.12,0.88885,10.35,-0.26,0.8823,10.41,-0.32,0.87415,10.49,-0.4,0.8739,10.56,-0.47,0.86243,10.3,-0.21,0.8877,10.37,-0.28,0.88475,10.41,-0.32,0.8817,10.39,-0.3,0.87965,10.53,-0.44,0.87645,10.01,0.08,0.89875,10,0.09,0.89925,10.01,0.08,0.89875,10,0.09,0.8983,10.03,0.06,0.8979,10.04,0.05,0.89465,10.05,0.04,0.8943,10.04,0.05,0.89525,10.06,0.03,0.895,10.02,0.07,0.8943,10.1,-0.01,0.8939,10.15,-0.06,0.8887,10.38,-0.29,0.88295,10.38,-0.29,0.8776,10.45,-0.36,0.8603,10.1,-0.01,0.8942,10.12,-0.03,0.8942,10.13,-0.04,0.89325,10.15,-0.06,0.89235,10.16,-0.07,0.89125,10.14,-0.05,0.89095,10.39,-0.3,0.8792,10.53,-0.44,0.86875,10.85,-0.76,0.8476,12.19,-2.1,0.78425,10.23,-0.14,0.8885,10.28,-0.19,0.88575,10.33,-0.24,0.8836,10.21,-0.12,0.88935,10.07,0.02,0.8917,10.11,-0.02,0.89155,10.16,-0.07,0.8853,10.23,-0.14,0.8818,10.11,-0.02,0.8706,9.96,0.13,0.8623,10.13,-0.04,0.8942,10.07,0.02,0.89405,10.08,0.01,0.89365,10.1,-0.01,0.89305,10.12,-0.03,0.89365
cifar10,resnet20,qat,qat,True,0.334,3.408,nan,1.756,50.07,87.2,0.47963,329.689,188.384,332.874,424.977,337.195,38.43,11.64,0.59056,27.82,22.25,0.69623,20.74,29.33,0.76833,18.43,31.64,0.79111,16.87,33.2,0.81024,43.92,6.15,0.53693,35.95,14.12,0.61782,24.84,25.23,0.72571,22.24,27.83,0.75397,18.72,31.35,0.79032,39.58,10.49,0.58033,32.78,17.29,0.64606,26.96,23.11,0.70168,19.42,30.65,0.77827,15.87,34.2,0.81586,48.13,1.94,0.49824,42.67,7.4,0.5513,35.76,14.31,0.61453,30.38,19.69,0.66942,26.08,23.99,0.71073,19.03,31.04,0.78616,19.56,30.51,0.77904,23.47,26.6,0.73945,16.44,33.63,0.81281,19.09,30.98,0.78427,39.2,10.87,0.58229,33.77,16.3,0.63294,30.3,19.77,0.66765,30.4,19.67,0.66708,28.24,21.83,0.68562,35.49,14.58,0.61972,32.85,17.22,0.6464,30.26,19.81,0.67444,28.51,21.56,0.68904,25.76,24.31,0.71589,41.17,8.9,0.56724,30.03,20.04,0.67739,34.56,15.51,0.63158,33.91,16.16,0.63651,31.02,19.05,0.66689,43.5,6.57,0.54285,37.05,13.02,0.60869,31.28,18.79,0.66273,29.88,20.19,0.67676,25.73,24.34,0.71838,47.6,2.47,0.50137,42.57,7.5,0.54897,38.32,11.75,0.58837,34.1,15.97,0.62798,25.59,24.48,0.7077,49.01,1.06,0.49032,48.69,1.38,0.49171,47.21,2.86,0.50676,45.98,4.09,0.51805,42.19,7.88,0.5559,45.97,4.1,0.51692,35.91,14.16,0.61418,29.93,20.14,0.67509,23.82,26.25,0.73671,18.14,31.93,0.79301,39.83,10.24,0.5784,38.62,11.45,0.58883,35.52,14.55,0.61888,30.72,19.35,0.66713,28.57,21.5,0.68761,47.96,2.11,0.49622,46.87,3.2,0.5076,45.38,4.69,0.5218,40.65,9.42,0.56634,29.36,20.71,0.68334,43.98,6.09,0.53502,40.89,9.18,0.56688,40.36,9.71,0.57068,39.21,10.86,0.58073,37.85,12.22,0.59164
cifar10,resnet20,pruning_qat,pruning_qat,True,0.341,3.343,nan,221.976,47.99,88.57,0.49929,336.921,190.351,344.802,432.388,343.499,38.1,9.89,0.59062,28.81,19.18,0.68012,20.36,27.63,0.76967,18.1,29.89,0.79212,16.07,31.92,0.81383,42.68,5.31,0.54835,37.12,10.87,0.60131,25.38,22.61,0.71751,21.98,26.01,0.7527,18.23,29.76,0.79294,38.05,9.94,0.5945,31.24,16.75,0.65882,25.34,22.65,0.71782,17.01,30.98,0.80098,14.39,33.6,0.83145,46.08,1.91,0.51552,39.98,8.01,0.57472,32.99,15,0.64036,27.53,20.46,0.69495,22.29,25.7,0.74466,17.5,30.49,0.80519,18.38,29.61,0.794,21.6,26.39,0.75908,16.32,31.67,0.81659,17.98,30.01,0.79728,36.6,11.39,0.60501,31.42,16.57,0.65447,27.57,20.42,0.69445,27.93,20.06,0.68866,25.14,22.85,0.71612,32.76,15.23,0.64549,30.45,17.54,0.66883,27.98,20.01,0.6909,26.36,21.63,0.70661,24.33,23.66,0.7277,38.92,9.07,0.58928,30.87,17.12,0.66708,35.17,12.82,0.62535,34.04,13.95,0.63505,32.67,15.32,0.64777,42.66,5.33,0.54827,37.19,10.8,0.60373,32.02,15.97,0.65306,31.05,16.94,0.66108,26.45,21.54,0.70764,45.03,2.96,0.52544,40.69,7.3,0.56342,36.16,11.83,0.60664,32.48,15.51,0.63893,25.03,22.96,0.70922,47.33,0.66,0.50466,46.78,1.21,0.50914,45.62,2.37,0.5222,44.25,3.74,0.53345,41.54,6.45,0.56075,43.74,4.25,0.53655,34.39,13.6,0.624,29.78,18.21,0.66792,24.33,23.66,0.72112,16.25,31.74,0.80215,37.8,10.19,0.59649,36.49,11.5,0.60745,33.31,14.68,0.63743,28.95,19.04,0.67993,26.8,21.19,0.70172,46.54,1.45,0.5104,44.75,3.24,0.52584,44.73,3.26,0.52598,39.38,8.61,0.57912,30.73,17.26,0.66699,42.85,5.14,0.54513,40.65,7.34,0.56653,39.64,8.35,0.57364,38.33,9.66,0.59023,36.65,11.34,0.60413
cifar10,resnet20,pruning_kd,pruning_kd,False,1.14,0.999,272474,12.786,92.22,99.84,0.07029,96.35,94.496,96.95,96.475,97.016,79.68,12.54,0.03634,64.04,28.18,0.0634,47.64,44.58,0.19512,39.56,52.66,0.2692,33.23,58.99,0.33476,85.59,6.63,0.05278,78.87,13.35,0.03094,59.85,32.37,0.10053,51.97,40.25,0.16092,39.98,52.24,0.26935,88.47,3.75,0.06008,83.86,8.36,0.04771,77.89,14.33,0.02828,60.46,31.76,0.07593,40.58,51.64,0.2301,91.98,0.24,0.06821,91.12,1.1,0.06702,88.86,3.36,0.06223,85.67,6.55,0.05629,76.76,15.46,0.03059,53.35,38.87,0.11927,54.8,37.42,0.10792,57.21,35.01,0.0934,42.74,49.48,0.19281,45.25,46.97,0.17258,88.16,4.06,0.06266,81.52,10.7,0.03426,74.82,17.4,0.03284,74.85,17.37,0.02618,68.99,23.23,0.03665,87.96,4.26,0.0646,87.07,5.15,0.0617,84.6,7.62,0.0553,81.98,10.24,0.04603,76.88,15.34,0.03398,87.6,4.62,0.05285,77.59,14.63,0.02122,80.38,11.84,0.0321,76.81,15.41,0.02676,72.72,19.5,0.0352,88.25,3.97,0.06009,83.54,8.68,0.0426,74.15,18.07,0.03582,72.2,20.02,0.0366,62.1,30.12,0.08094,91.9,0.32,0.06927,91.69,0.53,0.06877,90.75,1.47,0.06599,88.98,3.24,0.06171,78.96,13.26,0.02868,92.26,-0.04,0.07069,92.01,0.21,0.06991,91.71,0.51,0.06979,91.3,0.92,0.06891,89.99,2.23,0.06491,92,0.22,0.06966,90.42,1.8,0.062,89.49,2.73,0.06009,87.88,4.34,0.0575,78.23,13.99,0.03001,87.31,4.91,0.06301,87.83,4.39,0.06423,85.79,6.43,0.06189,78.23,13.99,0.03939,69.47,22.75,0.02315,89.83,2.39,0.06635,84.3,7.92,0.05053,77.95,14.27,0.03292,55.17,37.05,0.15799,40.53,51.69,0.25993,84.97,7.25,0.04555,80.99,11.23,0.03729,79.29,12.93,0.03421,77.1,15.12,0.02434,73.82,18.4,0.02441
cifar10,resnet20,quant_int8,quant_int8,True,0.341,3.344,nan,140.987,10.07,50,0.89555,458.735,232.284,439.553,637.264,469.225,10.02,0.05,0.8967,10.01,0.06,0.8987,10,0.07,0.89955,10,0.07,0.9,10,0.07,0.8999,10.06,0.01,0.8963,10,0.07,0.8972,10.01,0.06,0.8987,10,0.07,0.8994,10,0.07,0.89985,10.02,0.05,0.8978,10,0.07,0.8989,10,0.07,0.8995,10,0.07,0.89995,10,0.07,0.9,10.11,-0.04,0.89325,10.24,-0.17,0.88855,10.37,-0.3,0.881,10.47,-0.4,0.87475,11.13,-1.06,0.84825,10,0.07,0.89585,10.02,0.05,0.89585,10.04,0.03,0.8915,10.01,0.06,0.8964,10,0.07,0.89235,10.2,-0.13,0.88845,10.22,-0.15,0.883,10.51,-0.44,0.87168,10.47,-0.4,0.87275,10.55,-0.48,0.8601,10.25,-0.18,0.8872,10.39,-0.32,0.8844,10.37,-0.3,0.88085,10.4,-0.33,0.88055,10.55,-0.48,0.87523,10.02,0.05,0.8982,10,0.07,0.8991,10.01,0.06,0.8986,10.01,0.06,0.89855,10.05,0.02,0.8977,10.06,0.01,0.89415,10.08,-0.01,0.8947,10.03,0.04,0.895,10.06,0.01,0.8945,10.01,0.06,0.89545,10.13,-0.06,0.89215,10.21,-0.14,0.88825,10.29,-0.22,0.88285,10.4,-0.33,0.8759,10.54,-0.47,0.8583,10.1,-0.03,0.894,10.08,-0.01,0.8941,10.12,-0.05,0.8939,10.16,-0.09,0.89215,10.13,-0.06,0.89205,10.13,-0.06,0.8905,10.43,-0.36,0.8793,10.51,-0.44,0.86865,10.9,-0.83,0.84635,12.41,-2.34,0.77513,10.27,-0.2,0.88735,10.26,-0.19,0.88645,10.3,-0.23,0.8829,10.16,-0.09,0.8897,10.07,0,0.8926,10.11,-0.04,0.89105,10.18,-0.11,0.88515,10.2,-0.13,0.88135,10.2,-0.13,0.87325,10.05,0.02,0.8609,10.11,-0.04,0.89415,10.07,0,0.89435,10.05,0.02,0.89495,10.06,0.01,0.8935,10.08,-0.01,0.8943
cifar10,resnet20,sparsity,sparsity,False,1.14,0.999,272474,282.15,91.88,99.79,0.06791,98.842,95.928,100.139,98.541,100.03,78.91,12.97,0.03203,63.25,28.63,0.0763,46.36,45.52,0.21158,38.14,53.74,0.29135,33.2,58.68,0.34392,84.94,6.94,0.04806,78.14,13.74,0.03072,59,32.88,0.11281,51.3,40.58,0.17501,39.61,52.27,0.28277,88.06,3.82,0.056,83.49,8.39,0.04356,77.41,14.47,0.02248,60.29,31.59,0.0789,40.61,51.27,0.23038,91.93,-0.05,0.06777,91.18,0.7,0.06724,89.08,2.8,0.06363,85.31,6.57,0.05327,75.55,16.33,0.02814,51.4,40.48,0.13913,53.61,38.27,0.12077,56.23,35.65,0.1042,40.87,51.01,0.21347,43.94,47.94,0.18651,87.47,4.41,0.05743,81.19,10.69,0.03232,73.87,18.01,0.02924,73.42,18.46,0.03457,67.09,24.79,0.04728,87.52,4.36,0.06172,86.62,5.26,0.05818,84.04,7.84,0.0519,81.3,10.58,0.04171,76.24,15.64,0.02795,87.4,4.48,0.05367,76.73,15.15,0.01902,79.53,12.35,0.02545,76.46,15.42,0.02314,72.96,18.92,0.02486,88.19,3.69,0.06009,83.1,8.78,0.03789,74.08,17.8,0.0381,72.12,19.76,0.03989,62.2,29.68,0.0864,91.78,0.1,0.06639,91.43,0.45,0.06609,90.4,1.48,0.06353,88.72,3.16,0.05941,77.79,14.09,0.02313,91.91,-0.03,0.06658,91.79,0.09,0.06696,91.39,0.49,0.06519,90.97,0.91,0.0644,90.19,1.69,0.06508,91.66,0.22,0.06623,90.31,1.57,0.05903,89.04,2.84,0.05624,87.27,4.61,0.0483,79.28,12.6,0.03143,87.17,4.71,0.06189,87.56,4.32,0.06134,85.25,6.63,0.05508,77.14,14.74,0.03035,69.13,22.75,0.02274,88.95,2.93,0.06095,82.75,9.13,0.04117,75.75,16.13,0.03856,52.97,38.91,0.18575,39.52,52.36,0.27661,84.95,6.93,0.04578,79.74,12.14,0.02783,78.28,13.6,0.02389,76.48,15.4,0.0201,72.68,19.2,0.01952
cifar10,resnet20,sparsity_quant_int8,sparsity_quant_int8,True,0.342,3.329,nan,4.812,10,50,0.89918,459.864,232.304,440.788,638.262,471.212,10,0,0.8998,10,0,0.8999,10,0,0.9,10,0,0.9,10,0,0.9,10,0,0.8996,10,0,0.8997,10,0,0.8999,10,0,0.9,10,0,0.89995,10,0,0.89985,10,0,0.89995,10,0,0.9,10,0,0.9,10,0,0.9,10.01,-0.01,0.89868,10.02,-0.02,0.89578,10.05,-0.05,0.89062,10.16,-0.16,0.88088,10.58,-0.58,0.84767,10,0,0.89945,10,0,0.8996,10,0,0.89925,10,0,0.89975,10,0,0.89965,10.04,-0.04,0.89678,10.07,-0.07,0.89475,10.08,-0.08,0.89101,10.1,-0.1,0.89028,10.22,-0.22,0.88648,10.05,-0.05,0.89173,10.07,-0.07,0.88747,10.12,-0.12,0.88313,10.19,-0.19,0.87751,10.31,-0.31,0.86573,10,0,0.8997,10,0,0.8999,10,0,0.89995,10,0,0.89985,10,0,0.89973,10,0,0.89943,10,0,0.89953,10,0,0.89953,10,0,0.89948,10,0,0.8997,10,0,0.8989,10,0,0.89862,10,0,0.89688,10.01,-0.01,0.8957,10.09,-0.09,0.89033,10.01,-0.01,0.8991,10,0,0.89903,10.01,-0.01,0.89908,10.01,-0.01,0.89885,10.02,-0.02,0.89872,10.01,-0.01,0.89848,10.03,-0.03,0.89713,10.08,-0.08,0.89532,10.07,-0.07,0.89268,10.25,-0.25,0.88367,10.03,-0.03,0.89562,10.03,-0.03,0.89558,10,0,0.8945,10.03,-0.03,0.89472,10.01,-0.01,0.89847,10.01,-0.01,0.89893,10.02,-0.02,0.89868,10.01,-0.01,0.89798,10,0,0.8963,10.01,-0.01,0.8969,10.01,-0.01,0.89913,10,0,0.89893,10.01,-0.01,0.89893,9.99,0.01,0.89888,10,0,0.89885
cifar10,resnet20,clustering,clustering,False,1.14,0.999,272474,206.601,85.81,99.43,0.07538,160.025,87.118,191.343,167.439,175.972,79.37,6.44,0.07483,69.35,16.46,0.03741,58.98,26.83,0.02827,53.35,32.46,0.04894,48.7,37.11,0.06824,82.85,2.96,0.07764,78.48,7.33,0.06812,67.77,18.04,0.03659,62.49,23.32,0.02977,54.31,31.5,0.04243,80.67,5.14,0.05528,75.77,10.04,0.03968,70.21,15.6,0.01853,58.9,26.91,0.02669,47.47,38.34,0.07389,84.21,1.6,0.0704,80.24,5.57,0.05535,73.25,12.56,0.02599,64.16,21.65,0.03493,47.58,38.23,0.14497,41.45,44.36,0.19777,41.12,44.69,0.21086,44.11,41.7,0.18079,30.68,55.13,0.30369,33.97,51.84,0.26479,73.84,11.97,0.02723,62.94,22.87,0.04261,52.95,32.86,0.10612,52.78,33.03,0.10847,45.04,40.77,0.16655,70.81,15,0.02099,66.93,18.88,0.02791,60.86,24.95,0.06505,55.07,30.74,0.10832,46.51,39.3,0.18271,78.34,7.47,0.0396,68.43,17.38,0.02064,68.96,16.85,0.018,66.68,19.13,0.02022,65.06,20.75,0.03222,81.23,4.58,0.06846,75.34,10.47,0.04946,65.63,20.18,0.0295,64.5,21.31,0.02361,55.49,30.32,0.0517,84.42,1.39,0.07171,81.41,4.4,0.06085,78.25,7.56,0.04914,73.81,12,0.03163,60.34,25.47,0.03613,85.12,0.69,0.07202,84.2,1.61,0.0692,83.06,2.75,0.06355,81.84,3.97,0.05861,78.36,7.45,0.04341,83.62,2.19,0.06662,78.09,7.72,0.0423,73.12,12.69,0.02096,64.47,21.34,0.03531,30.33,55.48,0.3181,73.56,12.25,0.03271,73.62,12.19,0.03189,67.89,17.92,0.0193,57.78,28.03,0.07158,51.07,34.74,0.11324,82.58,3.23,0.06814,76.72,9.09,0.04438,71.06,14.75,0.03552,51.22,34.59,0.1576,35.18,50.63,0.30722,79.65,6.16,0.06413,73.25,12.56,0.04058,70.94,14.87,0.03019,68.08,17.73,0.02041,64.19,21.62,0.02084
cifar10,resnet20,clustering_quant_int8,clustering_quant_int8,True,0.342,3.327,nan,2.733,10,50,0.9,460.107,232.304,441.42,638.333,471.42,10,0,0.9,10,0,0.9,10,0,0.9,10,0,0.9,10,0,0.9,10,0,0.9,10,0,0.9,10,0,0.9,10,0,0.9,10,0,0.9,10,0,0.9,10,0,0.9,10,0,0.9,10,0,0.9,10,0,0.9,10,0,0.89995,10,0,0.9,10,0,0.8999,10,0,0.89955,10,0,0.89935,10,0,0.9,10,0,0.9,10,0,0.9,10,0,0.89995,10,0,0.89995,10,0,0.8999,10,0,0.9,10,0,0.89965,10,0,0.8999,10,0,0.89985,10,0,0.9,10,0,0.89995,10,0,0.8999,10,0,0.8999,10,0,0.8998,10,0,0.9,10,0,0.9,10,0,0.9,10,0,0.9,10,0,0.9,10,0,0.9,10,0,0.9,10,0,0.9,10,0,0.9,10,0,0.9,10,0,0.89995,10,0,0.9,10,0,0.9,10,0,0.8998,10,0,0.8997,10,0,0.9,10,0,0.9,10,0,0.89995,10,0,0.9,10,0,0.9,10,0,0.89995,10,0,0.89995,10,0,0.89995,10,0,0.8997,10,0,0.89985,10,0,0.9,10,0,0.89985,10,0,0.89985,10,0,0.89995,10,0,0.9,10,0,0.89995,10,0,0.89995,10,0,0.8999,10,0,0.8995,10,0,0.8993,10,0,0.9,10,0,0.9,10,0,0.9,10,0,0.9,10,0,0.9
cifar10,resnet20,sparsity_clustering,sparsity_clustering,False,1.142,0.998,272474,86.429,86.98,99.59,0.08205,139.622,92.581,150.71,151.446,151.992,76.36,10.62,0.04076,64.91,22.07,0.01727,52.81,34.17,0.08122,47.49,39.49,0.11123,42.89,44.09,0.13697,81.38,5.6,0.06127,76.17,10.81,0.03854,62.89,24.09,0.02835,57.02,29.96,0.06075,47.61,39.37,0.114,82.57,4.41,0.06599,78.28,8.7,0.0531,72.72,14.26,0.03314,59.96,27.02,0.02132,46.67,40.31,0.07647,85.91,1.07,0.07815,83.13,3.85,0.06687,78.91,8.07,0.0525,73,13.98,0.03349,62.38,24.6,0.03042,43.82,43.16,0.17396,44.76,42.22,0.16775,47.21,39.77,0.14848,34.62,52.36,0.2426,37.19,49.79,0.21654,78.39,8.59,0.04566,69.74,17.24,0.02573,62.35,24.63,0.04238,62.35,24.63,0.04116,55.2,31.78,0.08249,77.63,9.35,0.05,75.98,11,0.04349,73.04,13.94,0.03674,69.35,17.63,0.02356,64.07,22.91,0.02317,80.65,6.33,0.04827,69.08,17.9,0.02845,70.7,16.28,0.01729,66.32,20.66,0.04806,64.03,22.95,0.05607,81.96,5.02,0.06635,76.31,10.67,0.04337,66.93,20.05,0.01283,64.56,22.42,0.02063,55.23,31.75,0.06818,86.32,0.66,0.08084,84.97,2.01,0.07844,82.79,4.19,0.07149,79.01,7.97,0.05657,63.8,23.18,0.0316,86.67,0.31,0.08147,86.17,0.81,0.07899,85.4,1.58,0.07554,84.56,2.42,0.07197,81.7,5.28,0.0588,85.79,1.19,0.07774,82.39,4.59,0.06721,79.29,7.69,0.05702,72.64,14.34,0.03248,44.83,42.15,0.13491,78.35,8.63,0.05004,78.81,8.17,0.05486,74.98,12,0.03889,64.48,22.5,0.02722,55.23,31.75,0.0836,84.35,2.63,0.0787,79.37,7.61,0.06167,74.05,12.93,0.03667,52.78,34.2,0.1305,36.1,50.88,0.27983,79.47,7.51,0.05553,74.07,12.91,0.03325,72.03,14.95,0.02742,69.23,17.75,0.02833,66.58,20.4,0.02173
cifar10,resnet20,sparsity_clustering_quant_int8,sparsity_clustering_quant_int8,True,0.344,3.311,nan,66.267,10.69,50,0.87068,454.211,231.91,434.526,630.436,464.398,10.37,0.32,0.86612,10.33,0.36,0.8665,10.1,0.59,0.87155,10,0.69,0.87585,9.98,0.71,0.877,10.58,0.11,0.86628,10.46,0.23,0.86747,10.18,0.51,0.8708,10.13,0.56,0.8731,9.87,0.82,0.87645,10.43,0.26,0.87262,10.07,0.62,0.87488,9.98,0.71,0.87495,9.96,0.73,0.87805,9.94,0.75,0.88275,10.88,-0.19,0.86323,11.2,-0.51,0.85223,11.56,-0.87,0.83832,11.87,-1.18,0.8233,12.37,-1.68,0.78837,10.06,0.63,0.86455,10.07,0.62,0.8644,10.51,0.18,0.8515,9.95,0.74,0.8644,9.99,0.7,0.8564,11.06,-0.37,0.85727,11.19,-0.5,0.84765,11.45,-0.76,0.83768,11.42,-0.73,0.83598,11.59,-0.9,0.8304,11.48,-0.79,0.84555,11.58,-0.89,0.83718,11.71,-1.02,0.83337,11.74,-1.05,0.82527,11.84,-1.15,0.82004,10.31,0.38,0.87698,10.35,0.34,0.87207,10.51,0.18,0.87088,10.83,-0.14,0.86523,11.12,-0.43,0.85033,10.7,-0.01,0.86082,10.76,-0.07,0.8587,10.88,-0.19,0.85108,10.64,0.05,0.84835,10.56,0.13,0.84322,10.87,-0.18,0.86338,11.12,-0.43,0.85217,11.68,-0.99,0.83642,12.21,-1.52,0.81708,13.07,-2.38,0.77588,10.87,-0.18,0.86677,10.87,-0.18,0.86663,10.9,-0.21,0.86377,10.89,-0.2,0.86307,11.2,-0.51,0.8597,11.02,-0.33,0.85842,11.82,-1.13,0.83923,12.29,-1.6,0.82437,13.14,-2.45,0.80505,13.99,-3.3,0.7745,11.08,-0.39,0.85568,11,-0.31,0.84957,11.26,-0.57,0.84612,11.09,-0.4,0.85142,11.07,-0.38,0.85457,10.85,-0.16,0.85768,10.64,0.05,0.84765,10.63,0.06,0.84035,9.83,0.86,0.8395,8.75,1.94,0.84965,10.56,0.13,0.86862,10.62,0.07,0.86837,10.64,0.05,0.86797,10.55,0.14,0.8666,10.54,0.15,0.8694
cifar10,resnet20,qat_only,qat_only,True,0.34,3.346,nan,6,50.09,87.41,0.47898,328.622,188.836,331.826,422.725,336.156,38.11,11.98,0.59208,27.27,22.82,0.70003,20.16,29.93,0.77425,18.14,31.95,0.7939,16.24,33.85,0.81435,43.6,6.49,0.5411,35.72,14.37,0.61957,24.58,25.51,0.73116,22.02,28.07,0.75731,18.13,31.96,0.79671,40.19,9.9,0.57636,33.06,17.03,0.64203,27.12,22.97,0.69899,19.42,30.67,0.77632,15.51,34.58,0.81838,48.53,1.56,0.49349,42.62,7.47,0.54909,35.86,14.23,0.61486,30.75,19.34,0.6681,25.8,24.29,0.71349,19.46,30.63,0.78275,20.05,30.04,0.77633,23.52,26.57,0.73845,16.39,33.7,0.81533,19.38,30.71,0.78108,39.16,10.93,0.58379,34.12,15.97,0.63267,30.85,19.24,0.66301,31.06,19.03,0.66348,28.95,21.14,0.6813,35.01,15.08,0.62587,33.42,16.67,0.64194,30.61,19.48,0.66889,28.38,21.71,0.69244,26.27,23.82,0.71135,40.88,9.21,0.56863,30.29,19.8,0.67601,34.44,15.65,0.63472,33.8,16.29,0.63774,31.13,18.96,0.66645,43.88,6.21,0.53913,37.4,12.69,0.60262,31.07,19.02,0.66789,30.14,19.95,0.67435,25.82,24.27,0.71751,47.73,2.36,0.50081,43.04,7.05,0.545,38.98,11.11,0.58211,34.1,15.99,0.62903,26.85,23.24,0.69889,49.14,0.95,0.48875,48.84,1.25,0.49101,47.57,2.52,0.50324,46.3,3.79,0.51651,43.07,7.02,0.54864,45.73,4.36,0.51973,35.94,14.15,0.61433,30.56,19.53,0.66822,24.07,26.02,0.73555,18.34,31.75,0.79404,40.94,9.15,0.56785,39.07,11.02,0.58354,35.14,14.95,0.62034,30.43,19.66,0.67022,29.05,21.04,0.68306,48.36,1.73,0.49449,47.31,2.78,0.50438,46.12,3.97,0.5151,40.57,9.52,0.56795,29.58,20.51,0.67939,44.15,5.94,0.5362,41.24,8.85,0.56143,40.28,9.81,0.57257,39.13,10.96,0.58203,37.74,12.35,0.59821
cifar10,resnet20,qat_int8,qat_int8,True,0.34,3.346,nan,4.744,49.55,88.02,0.48439,329.488,188.35,333.108,424.105,337.105,38.04,11.51,0.59203,27.45,22.1,0.69971,20.86,28.69,0.76752,18.51,31.04,0.79222,16.74,32.81,0.81118,43.2,6.35,0.5418,35.47,14.08,0.61944,24.95,24.6,0.72708,22.33,27.22,0.75562,18.49,31.06,0.79227,39.96,9.59,0.57612,33.36,16.19,0.63613,27.44,22.11,0.69664,19.67,29.88,0.77384,15.79,33.76,0.81512,48.16,1.39,0.49598,42.24,7.31,0.55429,35.44,14.11,0.61759,30.4,19.15,0.66794,25.52,24.03,0.71622,19.31,30.24,0.78464,20.3,29.25,0.77158,23.95,25.6,0.7344,16.79,32.76,0.80907,19.36,30.19,0.77978,39,10.55,0.58368,33.54,16.01,0.63685,30.26,19.29,0.66794,30.84,18.71,0.66117,28.91,20.64,0.68185,35.06,14.49,0.6249,32.5,17.05,0.6494,30.26,19.29,0.66986,28.35,21.2,0.6885,26.3,23.25,0.70965,41.21,8.34,0.56705,29.76,19.79,0.68063,34.27,15.28,0.63403,33,16.55,0.64565,30.58,18.97,0.67217,43.44,6.11,0.54191,37.12,12.43,0.60653,31.37,18.18,0.66283,30.29,19.26,0.67337,25.82,23.73,0.7175,47.97,1.58,0.49732,43.23,6.32,0.54147,38.5,11.05,0.58892,34.36,15.19,0.62495,26.63,22.92,0.69669,49.23,0.32,0.48668,48.44,1.11,0.49504,47.48,2.07,0.50337,45.89,3.66,0.51853,42.24,7.31,0.55611,45.98,3.57,0.51603,35.51,14.04,0.61775,30.21,19.34,0.66959,24.1,25.45,0.73432,18.18,31.37,0.79442,39.9,9.65,0.57532,38.86,10.69,0.5845,35.17,14.38,0.62274,30.26,19.29,0.6713,28.74,20.81,0.68553,48.42,1.13,0.49245,47.3,2.25,0.50372,46.53,3.02,0.5104,41.43,8.12,0.56016,30.19,19.36,0.67249,43.74,5.81,0.53831,40.75,8.8,0.56379,39.92,9.63,0.57467,38.68,10.87,0.58825,37.04,12.51,0.60282
cifar10,resnet20,cqat,cqat,True,0.335,3.405,nan,12.87,47.84,90.64,0.48993,336.145,186.458,341.49,434.84,344.372,39.82,8.02,0.56377,30.88,16.96,0.65452,23.44,24.4,0.72673,21.29,26.55,0.74874,18.72,29.12,0.77577,43.62,4.22,0.52932,38.87,8.97,0.5721,28.51,19.33,0.67796,24.65,23.19,0.71566,21.3,26.54,0.74959,36.65,11.19,0.59702,30.6,17.24,0.65714,25.09,22.75,0.71231,18.67,29.17,0.77342,15.98,31.86,0.80069,45.96,1.88,0.50313,39.87,7.97,0.56336,33.59,14.25,0.6237,28.38,19.46,0.67469,24.11,23.73,0.7212,21,26.84,0.75846,21.09,26.75,0.75781,25.02,22.82,0.71504,18.1,29.74,0.7897,20.48,27.36,0.76044,36.86,10.98,0.59022,30.58,17.26,0.65129,27.73,20.11,0.68193,27.46,20.38,0.68187,25.26,22.58,0.7033,33.73,14.11,0.61906,30.59,17.25,0.65304,28.75,19.09,0.67293,26.69,21.15,0.69294,25.47,22.37,0.70346,40.66,7.18,0.56147,31.65,16.19,0.65393,34.91,12.93,0.61682,33.9,13.94,0.62553,31.6,16.24,0.65082,42.72,5.12,0.53864,36.99,10.85,0.59357,31.21,16.63,0.65184,30.84,17,0.6529,26.28,21.56,0.6973,45.31,2.53,0.50797,39.57,8.27,0.5591,35.24,12.6,0.5958,31.9,15.94,0.6288,24.43,23.41,0.69752,47.37,0.47,0.49423,46.5,1.34,0.5035,45.35,2.49,0.51332,43.86,3.98,0.52836,40.36,7.48,0.56009,43.36,4.48,0.52721,33.32,14.52,0.62014,27.98,19.86,0.66616,23.68,24.16,0.70803,17.9,29.94,0.76858,37.76,10.08,0.58207,36.76,11.08,0.59346,33.36,14.48,0.6239,30.22,17.62,0.6553,28.8,19.04,0.66697,46.25,1.59,0.50511,44.59,3.25,0.51744,43.39,4.45,0.52804,39.24,8.6,0.5687,30.87,16.97,0.65827,42.44,5.4,0.53943,39.48,8.36,0.56684,39.35,8.49,0.56717,37.7,10.14,0.58222,36.37,11.47,0.59585
cifar10,resnet20,cqat_int8,cqat_int8,True,0.341,3.345,nan,1.878,44.15,88.77,0.53319,346.527,185.857,352.56,450.67,356.853,38.43,5.72,0.59021,30.09,14.06,0.67125,23.81,20.34,0.73419,21.81,22.34,0.75638,19.59,24.56,0.77788,42.05,2.1,0.55212,37.64,6.51,0.59584,27.44,16.71,0.69851,24.18,19.97,0.73201,21.04,23.11,0.76379,36.68,7.47,0.60768,31.56,12.59,0.65753,27.49,16.66,0.69627,20.57,23.58,0.7628,17.57,26.58,0.79668,42.4,1.75,0.54975,37.18,6.97,0.59623,31.09,13.06,0.65434,26.17,17.98,0.7051,22.17,21.98,0.74649,19.37,24.78,0.78415,19.97,24.18,0.779,23.22,20.93,0.74189,17.2,26.95,0.80634,19.7,24.45,0.77764,34.74,9.41,0.62199,28.81,15.34,0.68004,26.35,17.8,0.70234,26.24,17.91,0.70536,24.53,19.62,0.72164,29.4,14.75,0.67408,27.87,16.28,0.69127,25.69,18.46,0.71313,24.85,19.3,0.718,23.46,20.69,0.73368,37.83,6.32,0.59525,30.79,13.36,0.6676,33.35,10.8,0.64117,31.71,12.44,0.65653,29.05,15.1,0.6842,40.46,3.69,0.56772,35.51,8.64,0.61704,29.79,14.36,0.67241,29.39,14.76,0.67666,25.23,18.92,0.7199,42.15,2,0.5506,37.12,7.03,0.59344,33.94,10.21,0.6218,30.03,14.12,0.65912,23.51,20.64,0.71515,44.04,0.11,0.53261,43.29,0.86,0.54408,42.5,1.65,0.5491,41.41,2.74,0.56028,38.25,5.9,0.5901,39.75,4.4,0.57202,30.88,13.27,0.65549,25.56,18.59,0.70795,20.39,23.76,0.76112,14.37,29.78,0.83018,35.48,8.67,0.61582,34.2,9.95,0.62755,30.84,13.31,0.6604,27.96,16.19,0.68804,27.62,16.53,0.69086,42.89,1.26,0.54435,42.25,1.9,0.55071,40.51,3.64,0.56853,38.04,6.11,0.58981,30.02,14.13,0.6722,40.37,3.78,0.56992,38.54,5.61,0.58338,36.65,7.5,0.60287,36.4,7.75,0.60495,35,9.15,0.61828
cifar10,resnet20,pqat,pqat,True,0.335,3.405,nan,282.084,49.72,88.34,0.48157,331.366,195.032,331.21,427.127,338.011,34.8,14.92,0.62786,23.99,25.73,0.73587,18.17,31.55,0.79982,15.99,33.73,0.82128,14.65,35.07,0.83441,40.21,9.51,0.57153,32.19,17.53,0.65404,21.71,28.01,0.76258,19.5,30.22,0.78443,16.67,33.05,0.81462,39.05,10.67,0.58549,31.15,18.57,0.66061,24.85,24.87,0.72215,16.4,33.32,0.80854,13.49,36.23,0.84516,48.39,1.33,0.49388,43.48,6.24,0.53921,36.98,12.74,0.60077,30.53,19.19,0.6656,25.61,24.11,0.71404,18.8,30.92,0.79616,19.09,30.63,0.79168,22.96,26.76,0.74788,16.94,32.78,0.81546,19.03,30.69,0.7896,39.41,10.31,0.57792,33.9,15.82,0.6329,29.89,19.83,0.672,30.3,19.42,0.66729,27.41,22.31,0.6948,36.82,12.9,0.6062,33.65,16.07,0.63431,30.69,19.03,0.66356,29.3,20.42,0.67763,26.58,23.14,0.70456,39.58,10.14,0.58131,28.57,21.15,0.69298,34.17,15.55,0.63501,34.13,15.59,0.63387,30.79,18.93,0.66808,43.31,6.41,0.54499,35.99,13.73,0.61494,29.76,19.96,0.6786,28.49,21.23,0.68903,23.89,25.83,0.73783,47.26,2.46,0.50379,42.7,7.02,0.54708,38.43,11.29,0.58662,34.47,15.25,0.6217,27.19,22.53,0.69236,48.78,0.94,0.48951,48.12,1.6,0.49465,46.84,2.88,0.50902,45.51,4.21,0.52063,42.13,7.59,0.55361,44.75,4.97,0.52573,35.81,13.91,0.61487,29.99,19.73,0.67009,23.87,25.85,0.73248,15.63,34.09,0.82044,40.49,9.23,0.56991,40.2,9.52,0.57286,36.35,13.37,0.60665,32.4,17.32,0.64631,30.89,18.83,0.66304,48.09,1.63,0.4945,45.75,3.97,0.52016,44.49,5.23,0.52683,37.63,12.09,0.59799,25.51,24.21,0.72449,43.53,6.19,0.53913,41.05,8.67,0.56416,40.61,9.11,0.56752,39.67,10.05,0.57465,38.26,11.46,0.58814
cifar10,resnet20,pqat_int8,pqat_int8,True,0.341,3.345,nan,1.617,52.48,89.3,0.45378,317.074,190.021,318.953,403.48,324.08,37.92,14.56,0.59449,25.87,26.61,0.71819,18.98,33.5,0.78683,17.06,35.42,0.80802,15.7,36.78,0.82377,44.41,8.07,0.52879,35.46,17.02,0.62145,23.28,29.2,0.74427,20.67,31.81,0.77127,17.09,35.39,0.80717,41.44,11.04,0.55814,33.6,18.88,0.63195,26.72,25.76,0.69881,18.43,34.05,0.78715,14.84,37.64,0.82537,50.71,1.77,0.46765,46.79,5.69,0.50356,39.92,12.56,0.57013,33.5,18.98,0.63136,27.45,25.03,0.69201,20.22,32.26,0.77579,20.55,31.93,0.77352,24.07,28.41,0.7326,17.34,35.14,0.80854,19.81,32.67,0.77589,42.41,10.07,0.54675,36.73,15.75,0.60031,32.9,19.58,0.63796,33.58,18.9,0.63207,29.9,22.58,0.66524,39,13.48,0.57921,36.84,15.64,0.60093,33.51,18.97,0.6329,31.49,20.99,0.65448,28.47,24.01,0.68188,42.16,10.32,0.55413,30.88,21.6,0.66983,36.78,15.7,0.60663,36,16.48,0.6147,32.81,19.67,0.64713,46.16,6.32,0.51293,39.58,12.9,0.5777,32.74,19.74,0.64726,31.37,21.11,0.65927,26.34,26.14,0.71007,50.69,1.79,0.46707,46.87,5.61,0.5023,43.22,9.26,0.53401,38.97,13.51,0.56886,30.28,22.2,0.65277,51.82,0.66,0.45955,50.97,1.51,0.46668,50.39,2.09,0.47117,49.23,3.25,0.4851,45.96,6.52,0.51476,48.47,4.01,0.48822,40.24,12.24,0.56448,34.48,18,0.61894,27.51,24.97,0.68385,17.32,35.16,0.78347,43.91,8.57,0.5332,42.82,9.66,0.54108,39.26,13.22,0.57741,34.63,17.85,0.62277,32.05,20.43,0.64505,50.24,2.24,0.47295,47.29,5.19,0.50065,45.16,7.32,0.52171,37.75,14.73,0.59648,24.85,27.63,0.73019,46.65,5.83,0.50652,43.95,8.53,0.53203,43.12,9.36,0.53987,41.82,10.66,0.55048,40.75,11.73,0.56258
cifar10,resnet20,pcqat,pcqat,True,0.335,3.404,nan,10.456,44.86,89.33,0.52424,344.546,190.575,349.002,446.1,354.015,37.59,7.27,0.59239,29.4,15.46,0.6732,21.63,23.23,0.75179,19.37,25.49,0.78029,17.93,26.93,0.79602,41.68,3.18,0.5541,36.89,7.97,0.60088,25.44,19.42,0.71456,21.74,23.12,0.75295,18.16,26.7,0.79138,36.63,8.23,0.60143,30.77,14.09,0.66042,24.76,20.1,0.71955,16.82,28.04,0.80455,14.33,30.53,0.83408,43.1,1.76,0.53938,38.31,6.55,0.58465,31.75,13.11,0.64672,27.01,17.85,0.69322,22.82,22.04,0.73604,20.02,24.84,0.7747,20.04,24.82,0.77328,22.84,22.02,0.73951,17.64,27.22,0.80108,19.77,25.09,0.77282,34.88,9.98,0.61685,29.62,15.24,0.66845,26.24,18.62,0.70085,26.35,18.51,0.69768,23.68,21.18,0.72431,31.19,13.67,0.65314,29.55,15.31,0.67111,27.51,17.35,0.69072,25.82,19.04,0.70575,23.92,20.94,0.7246,38.52,6.34,0.58647,30.44,14.42,0.66978,33.31,11.55,0.63795,31.73,13.13,0.65465,29.54,15.32,0.67613,40.48,4.38,0.56516,35.41,9.45,0.61667,29.45,15.41,0.67493,29.74,15.12,0.67058,25.46,19.4,0.71332,42.91,1.95,0.53936,39.02,5.84,0.57484,34.69,10.17,0.61189,31.27,13.59,0.63993,24.6,20.26,0.70188,44.96,-0.1,0.52443,44.58,0.28,0.52716,42.89,1.97,0.54372,41.67,3.19,0.55469,38.77,6.09,0.58332,41.6,3.26,0.55248,32.91,11.95,0.63133,27.4,17.46,0.6812,21.37,23.49,0.74212,13.42,31.44,0.827,35.88,8.98,0.60655,35.42,9.44,0.60922,31.62,13.24,0.64698,28.62,16.24,0.67915,27.11,17.75,0.69263,43.79,1.07,0.53153,42.55,2.31,0.54403,41.82,3.04,0.54957,36.72,8.14,0.5983,28.03,16.83,0.68926,40.92,3.94,0.55864,38.08,6.78,0.5876,37.12,7.74,0.59566,36.22,8.64,0.60181,34.84,10.02,0.6156
cifar10,resnet20,pcqat_int8,pcqat_int8,True,0.341,3.344,nan,54.653,48.2,89.45,0.49248,332.544,185.11,336.499,431.15,340.561,41.52,6.68,0.55266,31.83,16.37,0.65,23.32,24.88,0.73547,20.54,27.66,0.76502,18.03,30.17,0.79207,44.79,3.41,0.51965,39.98,8.22,0.56978,27.52,20.68,0.69592,24.22,23.98,0.72658,19.44,28.76,0.77702,38.19,10.01,0.58921,32.58,15.62,0.64439,27.65,20.55,0.69029,19.65,28.55,0.77132,15.45,32.75,0.81925,46.54,1.66,0.5074,42,6.2,0.54695,35.52,12.68,0.61142,30.22,17.98,0.66192,25.57,22.63,0.70615,19.51,28.69,0.78185,19.77,28.43,0.77787,22.81,25.39,0.7416,17.31,30.89,0.80512,19.29,28.91,0.78004,38.75,9.45,0.58206,33.56,14.64,0.62813,29.48,18.72,0.66827,29.48,18.72,0.66732,27.15,21.05,0.68974,32.97,15.23,0.63764,31.48,16.72,0.64952,29.25,18.95,0.67296,27.59,20.61,0.68964,25.48,22.72,0.70849,40.28,7.92,0.57149,31.78,16.42,0.65507,34.65,13.55,0.6278,33.73,14.47,0.63411,29.84,18.36,0.67479,42.75,5.45,0.54375,36.83,11.37,0.60166,31.09,17.11,0.66019,30.57,17.63,0.66228,26.1,22.1,0.70614,46.19,2.01,0.5104,41.87,6.33,0.5449,38.23,9.97,0.57838,34.32,13.88,0.61372,26.64,21.56,0.68445,47.44,0.76,0.4992,47.17,1.03,0.50426,45.49,2.71,0.51747,43.86,4.34,0.53701,39.13,9.07,0.58317,44.64,3.56,0.52225,34.94,13.26,0.60898,29.44,18.76,0.6627,23.72,24.48,0.71687,17.39,30.81,0.79517,39.12,9.08,0.57592,38.17,10.03,0.58496,34.69,13.51,0.61949,31.12,17.08,0.65475,28.75,19.45,0.67976,46.59,1.61,0.50478,44.28,3.92,0.52839,43.56,4.64,0.53262,37.55,10.65,0.59073,26.79,21.41,0.70281,44.03,4.17,0.53142,41.58,6.62,0.55294,40.66,7.54,0.56057,39.46,8.74,0.57139,37.81,10.39,0.58739
cifar10,resnet20,pruning_20,pruning_20,False,1.14,0.999,272474,21.489,92.08,99.76,0.06677,98.458,95.894,100.315,98.054,98.928,79.39,12.69,0.03173,63.11,28.97,0.07774,46.15,45.93,0.21194,38.14,53.94,0.29092,32.24,59.84,0.35251,85.06,7.02,0.04616,78.35,13.73,0.03297,58.93,33.15,0.11376,51.15,40.93,0.17615,38.46,53.62,0.29116,88.23,3.85,0.05391,83.68,8.4,0.04232,77.56,14.52,0.024,61.03,31.05,0.07322,40.9,51.18,0.22701,91.96,0.12,0.06657,90.85,1.23,0.06313,88.71,3.37,0.05976,84.75,7.33,0.04764,74.83,17.25,0.03108,52.79,39.29,0.12938,54.84,37.24,0.11322,57.5,34.58,0.09756,42.14,49.94,0.20217,45.02,47.06,0.17676,87.36,4.72,0.05823,81.13,10.95,0.03245,74.1,17.98,0.02962,73.63,18.45,0.03111,67.44,24.64,0.04481,87.46,4.62,0.05845,86.51,5.57,0.055,83.98,8.1,0.04893,81.24,10.84,0.03747,75.83,16.25,0.0265,87.5,4.58,0.05136,77.18,14.9,0.02499,79.66,12.42,0.02668,76.68,15.4,0.02542,72.88,19.2,0.03144,87.98,4.1,0.05721,83.17,8.91,0.04015,74.02,18.06,0.0386,72.08,20,0.04322,61.68,30.4,0.0889,91.85,0.23,0.06599,91.45,0.63,0.06497,90.37,1.71,0.06137,88.51,3.57,0.05727,77.92,14.16,0.02843,92.14,-0.06,0.06751,92.17,-0.09,0.06955,91.81,0.27,0.0686,91.11,0.97,0.06519,89.83,2.25,0.06093,91.81,0.27,0.06564,90.46,1.62,0.06054,89.43,2.65,0.05693,87.8,4.28,0.05255,80.57,11.51,0.03527,86.79,5.29,0.05802,87.28,4.8,0.0584,85.07,7.01,0.05419,76.09,15.99,0.03293,67.92,24.16,0.03018,89.14,2.94,0.05905,83.86,8.22,0.04494,76.93,15.15,0.03417,54.4,37.68,0.16644,39.61,52.47,0.2677,85.08,7,0.04546,80.24,11.84,0.0306,78.47,13.61,0.02808,76.48,15.6,0.01813,73.12,18.96,0.01621
cifar10,resnet20,pruning_50,pruning_50,False,1.14,0.999,272474,6.83,91.98,99.78,0.06986,99.575,96.747,101.981,99.154,99.71,78.78,13.2,0.03208,62.54,29.44,0.08004,46.02,45.96,0.21118,38.39,53.59,0.28295,33.23,58.75,0.3392,84.8,7.18,0.04983,78.04,13.94,0.03175,58.51,33.47,0.11413,51.3,40.68,0.17147,39.29,52.69,0.28106,87.9,4.08,0.05669,83.56,8.42,0.04499,76.92,15.06,0.02316,59.54,32.44,0.08324,39.48,52.5,0.24348,91.82,0.16,0.06921,90.89,1.09,0.06811,88.37,3.61,0.06133,84.67,7.31,0.05172,74.45,17.53,0.02808,51.92,40.06,0.13077,54.37,37.61,0.11029,56.35,35.63,0.1011,41.14,50.84,0.20728,43.7,48.28,0.18681,87.27,4.71,0.05918,80.78,11.2,0.03203,73.59,18.39,0.02856,73.37,18.61,0.02906,67.55,24.43,0.04191,87.21,4.77,0.06325,86.22,5.76,0.05856,83.4,8.58,0.04956,80.84,11.14,0.04191,75.25,16.73,0.02496,87.21,4.77,0.05322,76.96,15.02,0.01931,79.36,12.62,0.02819,76.23,15.75,0.02326,72.93,19.05,0.0242,87.98,4,0.06043,82.9,9.08,0.03872,74.03,17.95,0.03124,71.46,20.52,0.04201,61.53,30.45,0.08695,91.97,0.01,0.07056,91.47,0.51,0.06869,90.32,1.66,0.06532,88.51,3.47,0.06096,77.68,14.3,0.02399,91.93,0.05,0.06893,91.85,0.13,0.06954,91.35,0.63,0.06686,90.96,1.02,0.06666,89.99,1.99,0.06549,91.67,0.31,0.06812,90.24,1.74,0.0607,89.5,2.48,0.05979,87.73,4.25,0.05508,80.35,11.63,0.0312,86.89,5.09,0.06311,87.47,4.51,0.06442,85.02,6.96,0.05739,76.27,15.71,0.03103,68.15,23.83,0.02388,88.99,2.99,0.06208,83.06,8.92,0.04253,76.71,15.27,0.03324,53.62,38.36,0.17212,39.78,52.2,0.26087,84.65,7.33,0.04718,79.85,12.13,0.03229,78.36,13.62,0.02929,76.21,15.77,0.02176,72.42,19.56,0.01717
cifar10,resnet20,pruning_70,pruning_70,False,1.14,0.999,272474,295.927,91.64,99.73,0.07293,102.759,99.927,105.948,102.169,102.285,77.89,13.75,0.03363,61.35,30.29,0.08053,44.15,47.49,0.22291,36.23,55.41,0.30312,30.68,60.96,0.36301,84.18,7.46,0.05404,76.66,14.98,0.03218,57.2,34.44,0.11661,49.19,42.45,0.1836,37.22,54.42,0.29958,87.66,3.98,0.06124,83.03,8.61,0.04954,75.77,15.87,0.02154,58.91,32.73,0.08048,38.55,53.09,0.2467,91.41,0.23,0.0717,90.41,1.23,0.07016,87.55,4.09,0.06301,83.66,7.98,0.05196,73.61,18.03,0.02643,51.08,40.56,0.1307,52.83,38.81,0.119,55.61,36.03,0.09963,40.51,51.13,0.2068,42.81,48.83,0.18745,86.92,4.72,0.06395,80.07,11.57,0.03362,72.48,19.16,0.02869,72.7,18.94,0.02751,66.62,25.02,0.03782,86.38,5.26,0.06452,85.32,6.32,0.06188,82.47,9.17,0.05118,79.83,11.81,0.04154,74.27,17.37,0.02228,86.65,4.99,0.05624,75.94,15.7,0.02266,78.5,13.14,0.03281,75.88,15.76,0.02059,72.19,19.45,0.02018,87.8,3.84,0.06652,82.36,9.28,0.04087,72.96,18.68,0.03648,70.71,20.93,0.04248,60.56,31.08,0.08667,91.5,0.14,0.07172,91.19,0.45,0.07096,90.17,1.47,0.06811,88.32,3.32,0.06346,77.28,14.36,0.02318,91.62,0.02,0.0724,91.49,0.15,0.07196,91.25,0.39,0.07182,90.75,0.89,0.06979,89.42,2.22,0.06584,91.35,0.29,0.07045,89.85,1.79,0.06233,88.84,2.8,0.05839,87.2,4.44,0.05458,78.48,13.16,0.03327,86.35,5.29,0.06461,86.8,4.84,0.06613,83.92,7.72,0.05742,75.93,15.71,0.03108,68.23,23.41,0.01512,88.82,2.82,0.06731,82.56,9.08,0.04454,76.32,15.32,0.02781,53.42,38.22,0.16877,38.87,52.77,0.27549,84.06,7.58,0.04854,79.83,11.81,0.03798,78.36,13.28,0.03536,76.25,15.39,0.0289,72.68,18.96,0.01555
cifar10,resnet20,pruning_90,pruning_90,False,1.14,0.999,272474,303.811,87.56,99.42,0.0712,137.023,132.086,135.79,144.669,134.312,65.53,22.03,0.0197,43.48,44.08,0.18571,27.37,60.19,0.34842,22.7,64.86,0.40769,19.29,68.27,0.45483,75.42,12.14,0.03796,63.42,24.14,0.03753,40.33,47.23,0.22306,32.2,55.36,0.30276,23.68,63.88,0.40359,82.05,5.51,0.06522,74.87,12.69,0.04628,65.72,21.84,0.02082,44.46,43.1,0.15484,26.48,61.08,0.33802,87.21,0.35,0.07095,85.91,1.65,0.07539,82.53,5.03,0.0761,77.56,10,0.06607,66.76,20.8,0.03758,40.34,47.22,0.18518,42.28,45.28,0.1685,46,41.56,0.13154,33.11,54.45,0.24781,35.9,51.66,0.2129,81.58,5.98,0.07027,74.75,12.81,0.05022,65.9,21.66,0.01211,65.69,21.87,0.01254,58.17,29.39,0.03371,81.25,6.31,0.07965,80.17,7.39,0.07874,77.15,10.41,0.07555,73.73,13.83,0.06383,67.48,20.08,0.03887,81.37,6.19,0.0638,66.11,21.45,0.01127,71.32,16.24,0.03779,67.32,20.24,0.01674,61.36,26.2,0.01818,81.72,5.84,0.06759,74.03,13.53,0.03475,62.64,24.92,0.02958,60.01,27.55,0.04028,48.58,38.98,0.12061,87.45,0.11,0.07287,86.71,0.85,0.07662,85.65,1.91,0.08178,83.02,4.54,0.08208,69.96,17.6,0.0293,87.32,0.24,0.06867,87.06,0.5,0.0691,86.55,1.01,0.06857,86.06,1.5,0.07039,85.2,2.36,0.07951,87.13,0.43,0.07195,84.68,2.88,0.06972,82.81,4.75,0.0708,79.13,8.43,0.06576,64.25,23.31,0.02463,81.82,5.74,0.08772,82.17,5.39,0.08737,78.97,8.59,0.08255,70.6,16.96,0.06302,61.96,25.6,0.01634,84.14,3.42,0.07581,76.96,10.6,0.0542,70.34,17.22,0.02195,46.61,40.95,0.17893,32.36,55.2,0.29618,79.69,7.87,0.06842,74.71,12.85,0.06074,73.03,14.53,0.05583,70.67,16.89,0.0482,68.34,19.22,0.04487
cifar10,resnet20,kd_temp2,kd_temp2,False,1.14,0.999,272474,24.2,92.11,99.78,0.06875,97.564,97.862,97.454,97.546,97.469,78.67,13.44,0.03182,62.14,29.97,0.08008,45.11,47,0.22206,37.63,54.48,0.29529,31.5,60.61,0.36143,85.25,6.86,0.05246,77.8,14.31,0.0299,57.9,34.21,0.11806,49.91,42.2,0.18416,37.84,54.27,0.29993,88.32,3.79,0.05909,83.57,8.54,0.047,76.94,15.17,0.02525,59.11,33,0.08792,39.3,52.81,0.24675,91.83,0.28,0.06672,91.12,0.99,0.06661,88.73,3.38,0.06003,85.4,6.71,0.05388,76.54,15.57,0.0304,53.09,39.02,0.11975,55.67,36.44,0.0981,57.01,35.1,0.09605,42.97,49.14,0.18402,44.93,47.18,0.17367,87.78,4.33,0.0595,81.85,10.26,0.03914,75,17.11,0.02817,74.81,17.3,0.03294,68.98,23.13,0.03424,87.73,4.38,0.06302,86.98,5.13,0.06013,84.48,7.63,0.05449,81.9,10.21,0.04551,76.49,15.62,0.0333,88.06,4.05,0.05836,76.98,15.13,0.02447,79.82,12.29,0.03101,76.36,15.75,0.02338,71.93,20.18,0.03273,88.01,4.1,0.06019,82.98,9.13,0.04132,73.64,18.47,0.0348,71.33,20.78,0.03917,61.11,31,0.0879,92.03,0.08,0.06862,91.71,0.4,0.06862,90.74,1.37,0.06646,88.99,3.12,0.06143,78.78,13.33,0.02814,92.06,0.05,0.06902,91.82,0.29,0.0682,91.7,0.41,0.06879,91.38,0.73,0.06908,90.34,1.77,0.06755,91.7,0.41,0.06666,90.78,1.33,0.06513,89.43,2.68,0.05966,87.65,4.46,0.05497,78.92,13.19,0.03319,87.35,4.76,0.06384,87.86,4.25,0.06397,85.59,6.52,0.0592,78.12,13.99,0.04185,69.42,22.69,0.02227,89.73,2.38,0.06471,84.35,7.76,0.04839,78.09,14.02,0.03365,55.78,36.33,0.15636,41.26,50.85,0.25962,84.98,7.13,0.04685,79.83,12.28,0.03084,78.36,13.75,0.02943,76.54,15.57,0.02345,73.04,19.07,0.02215
cifar10,resnet20,kd_temp4,kd_temp4,False,1.14,0.999,272474,23.335,92.18,99.82,0.06875,97.432,96.927,97.077,97.609,97.991,78.62,13.56,0.03382,62.54,29.64,0.08128,45.8,46.38,0.21664,38.21,53.97,0.29171,32.31,59.87,0.35318,85.18,7,0.05022,77.67,14.51,0.02756,58.62,33.56,0.11497,50.79,41.39,0.17677,39.09,53.09,0.28681,88.44,3.74,0.05869,83.75,8.43,0.04665,76.87,15.31,0.0208,59.42,32.76,0.08491,39.49,52.69,0.24705,91.94,0.24,0.06706,91.18,1,0.0671,88.85,3.33,0.0614,85.72,6.46,0.05494,76.81,15.37,0.0288,52.73,39.45,0.12476,54.67,37.51,0.10758,57.26,34.92,0.09063,42.56,49.62,0.19079,44.38,47.8,0.17885,88.12,4.06,0.06166,82,10.18,0.03918,75.14,17.04,0.03169,75.02,17.16,0.02723,68.91,23.27,0.03757,88.06,4.12,0.06487,86.92,5.26,0.06028,84.36,7.82,0.05159,81.79,10.39,0.04292,76.75,15.43,0.02603,87.85,4.33,0.05401,77.31,14.87,0.02363,79.97,12.21,0.02694,76.57,15.61,0.02351,72.45,19.73,0.03117,88.22,3.96,0.06167,82.91,9.27,0.0414,73.13,19.05,0.03922,71.27,20.91,0.04234,60.71,31.47,0.09152,91.9,0.28,0.06684,91.6,0.58,0.06716,90.86,1.32,0.06664,88.8,3.38,0.05937,79.22,12.96,0.03057,92.2,-0.02,0.06936,91.95,0.23,0.06828,91.55,0.63,0.06669,91.19,0.99,0.06629,90.09,2.09,0.06536,91.7,0.48,0.06558,90.46,1.72,0.06217,89.45,2.73,0.05917,87.48,4.7,0.05283,78.86,13.32,0.0389,87.13,5.05,0.06161,87.81,4.37,0.06261,85.87,6.31,0.06057,78.43,13.75,0.03915,69.65,22.53,0.02073,89.37,2.81,0.06169,83.8,8.38,0.04521,77.06,15.12,0.03355,53.92,38.26,0.17471,40.03,52.15,0.27604,84.64,7.54,0.04467,80.6,11.58,0.03409,78.74,13.44,0.03129,76.94,15.24,0.02605,73.38,18.8,0.02382
cifar10,resnet20,kd_temp8,kd_temp8,False,1.14,0.999,272474,602.426,92.11,99.76,0.07098,97.088,97.198,96.437,97.59,97.155,78.99,13.12,0.03297,62.28,29.83,0.08024,45.43,46.68,0.22295,38.2,53.91,0.29573,31.72,60.39,0.3664,84.95,7.16,0.04943,77.94,14.17,0.02717,58.3,33.81,0.11799,50.02,42.09,0.18621,38.4,53.71,0.29903,88.38,3.73,0.06071,83.73,8.38,0.04842,77.2,14.91,0.0337,59.32,32.79,0.08707,40.02,52.09,0.24164,92.05,0.06,0.07096,91.37,0.74,0.07014,89.28,2.83,0.06637,85.83,6.28,0.05992,76.85,15.26,0.032,53.4,38.71,0.11486,55.21,36.9,0.10104,57.28,34.83,0.08686,42.52,49.59,0.18726,45.24,46.87,0.16494,88.02,4.09,0.0628,82.14,9.97,0.04111,74.89,17.22,0.0273,74.91,17.2,0.0283,69.06,23.05,0.03322,87.87,4.24,0.06477,87.18,4.93,0.06399,84.71,7.4,0.05773,81.99,10.12,0.04746,76.64,15.47,0.02865,87.81,4.3,0.05677,77.52,14.59,0.02314,80.1,12.01,0.03499,76.91,15.2,0.02374,72.58,19.53,0.02881,88.28,3.83,0.06508,83.12,8.99,0.04256,73.64,18.47,0.03745,71.64,20.47,0.03856,61.01,31.1,0.09058,91.9,0.21,0.06923,91.57,0.54,0.06886,90.52,1.59,0.06559,89.11,3,0.06406,79.02,13.09,0.02943,92.01,0.1,0.06952,91.85,0.26,0.06965,91.42,0.69,0.06747,91.12,0.99,0.06783,89.99,2.12,0.06649,91.82,0.29,0.06896,90.68,1.43,0.06512,89.57,2.54,0.06308,87.64,4.47,0.05773,78.85,13.26,0.03516,87.31,4.8,0.06495,87.77,4.34,0.06434,85.88,6.23,0.06397,78.69,13.42,0.04445,70.16,21.95,0.02377,89.47,2.64,0.064,83.93,8.18,0.0476,77.51,14.6,0.03418,55.29,36.82,0.15571,40.26,51.85,0.26547,84.9,7.21,0.04695,80.35,11.76,0.03455,78.72,13.39,0.03134,76.98,15.13,0.02882,73.28,18.83,0.01629
cifar10,resnet20,structured_pruning_30,structured_pruning_30,False,1.142,0.998,272474,377.372,90.52,99.72,0.07046,110.717,108.302,111.137,111.646,111.181,77.03,13.49,0.02942,58.57,31.95,0.10262,40.04,50.48,0.26141,32.97,57.55,0.33701,27.19,63.33,0.40257,83.32,7.2,0.04939,75.72,14.8,0.0276,54.09,36.43,0.1404,45.18,45.34,0.21866,33.05,57.47,0.33895,85.74,4.78,0.05625,80.63,9.89,0.04231,72.87,17.65,0.02063,53.06,37.46,0.12762,31.74,58.78,0.31609,90.36,0.16,0.07087,89.2,1.32,0.06931,86.41,4.11,0.06448,82.13,8.39,0.05661,72.39,18.13,0.03321,49.48,41.04,0.14439,51.04,39.48,0.13019,54.42,36.1,0.10647,39.64,50.88,0.21552,42.72,47.8,0.1829,85.85,4.67,0.06382,79.68,10.84,0.04123,72.68,17.84,0.01818,72.4,18.12,0.02066,66.13,24.39,0.03387,85.25,5.27,0.06715,84.26,6.26,0.06631,81.09,9.43,0.05451,78.35,12.17,0.04378,72.79,17.73,0.03421,85.37,5.15,0.05311,73.45,17.07,0.02127,76.83,13.69,0.02353,73.48,17.04,0.02667,69.95,20.57,0.02434,86.61,3.91,0.06032,81.25,9.27,0.03812,72.37,18.15,0.0319,70.21,20.31,0.04149,60.01,30.51,0.09194,90.44,0.08,0.07154,90.22,0.3,0.07468,88.57,1.95,0.06711,86.77,3.75,0.06356,75.28,15.24,0.0262,90.48,0.04,0.07117,90.42,0.1,0.07151,89.9,0.62,0.06897,89.44,1.08,0.06804,88.39,2.13,0.06814,90.14,0.38,0.06825,88.83,1.69,0.06426,87.76,2.76,0.06198,85.34,5.18,0.05222,75.64,14.88,0.02988,85.67,4.85,0.0706,85.79,4.73,0.06996,83.34,7.18,0.0662,75.52,15,0.03784,66.56,23.96,0.0222,86.97,3.55,0.05831,79.58,10.94,0.02668,72.73,17.79,0.03237,48.2,42.32,0.22892,36.36,54.16,0.31642,82.62,7.9,0.04404,77.97,12.55,0.02945,76.57,13.95,0.02921,74.36,16.16,0.01825,71.01,19.51,0.02315
cifar10,resnet20,structured_pruning_50,structured_pruning_50,False,1.142,0.998,272474,14.51,87.54,99.46,0.06454,130.744,123.88,128.385,136.504,132.493,69.73,17.81,0.02677,50.13,37.41,0.15754,32.41,55.13,0.32763,26.75,60.79,0.39437,22.49,65.05,0.44442,78.85,8.69,0.03655,68.7,18.84,0.02933,46.11,41.43,0.19702,37.96,49.58,0.27334,27.73,59.81,0.38081,82.77,4.77,0.05379,76.18,11.36,0.02907,67.08,20.46,0.02208,45.05,42.49,0.18072,26.91,60.63,0.36316,87.62,-0.08,0.06718,86.54,1,0.06797,83.53,4.01,0.06417,78.84,8.7,0.05291,69.4,18.14,0.03265,41.64,45.9,0.2175,44.45,43.09,0.18641,47.76,39.78,0.15367,33.8,53.74,0.28529,36.43,51.11,0.25066,82.67,4.87,0.06171,76.14,11.4,0.03835,68.38,19.16,0.02417,68.51,19.03,0.01709,62.48,25.06,0.03174,81.72,5.82,0.06504,81.14,6.4,0.06586,77.7,9.84,0.05319,75.18,12.36,0.04779,70.58,16.96,0.03073,82.41,5.13,0.05102,68.18,19.36,0.02939,72.49,15.05,0.0112,69.44,18.1,0.01651,64.57,22.97,0.04742,83.15,4.39,0.05304,76.89,10.65,0.02693,67.08,20.46,0.03693,64.57,22.97,0.05326,54.08,33.46,0.12789,87.63,-0.09,0.06617,86.97,0.57,0.06531,86.18,1.36,0.06799,83.82,3.72,0.0636,71.39,16.15,0.01956,87.57,-0.03,0.06465,87.42,0.12,0.06398,87.01,0.53,0.06246,86.49,1.05,0.06126,85.25,2.29,0.06091,87.44,0.1,0.065,85.08,2.46,0.05381,82.98,4.56,0.04945,80.12,7.42,0.03934,64.61,22.93,0.03701,82.01,5.53,0.06487,82.58,4.96,0.06721,79.95,7.59,0.06108,72.54,15,0.037,63.42,24.12,0.02718,83.85,3.69,0.05001,75.58,11.96,0.01665,68.04,19.5,0.05656,45.06,42.48,0.26878,32.76,54.78,0.37759,80.05,7.49,0.04303,75.25,12.29,0.0224,73.73,13.81,0.02047,71.47,16.07,0.01113,67.96,19.58,0.01614
cifar10,resnet20,pruning_kd_70,pruning_kd_70,False,1.141,0.999,272474,375.798,92.22,99.81,0.06919,96.179,94.851,95.925,96.251,97.357,79.39,12.83,0.0339,63.39,28.83,0.07083,46.91,45.31,0.2035,39.28,52.94,0.27784,32.91,59.31,0.34467,85.46,6.76,0.05153,78.73,13.49,0.0298,59.43,32.79,0.1061,51.56,40.66,0.16844,39.66,52.56,0.27887,88.67,3.55,0.06055,84.04,8.18,0.04652,78.04,14.18,0.02501,60.85,31.37,0.06992,40.58,51.64,0.22847,92.14,0.08,0.06942,91.3,0.92,0.06798,88.77,3.45,0.06048,85.71,6.51,0.05419,76.9,15.32,0.0293,53.92,38.3,0.11249,55.48,36.74,0.10174,57.86,34.36,0.08781,43.05,49.17,0.1845,45.35,46.87,0.1703,87.88,4.34,0.05881,82.5,9.72,0.04264,75.34,16.88,0.03024,75.7,16.52,0.02716,69.55,22.67,0.03498,87.59,4.63,0.06091,87.19,5.03,0.06192,84.68,7.54,0.05422,82.18,10.04,0.04647,77.07,15.15,0.02904,87.97,4.25,0.05672,77.78,14.44,0.02308,80.16,12.06,0.03159,76.92,15.3,0.02439,73.2,19.02,0.02662,88.2,4.02,0.06063,83.54,8.68,0.04366,74.28,17.94,0.03385,72.02,20.2,0.03574,61.74,30.48,0.0844,91.97,0.25,0.06742,91.62,0.6,0.06722,90.94,1.28,0.06804,88.98,3.24,0.06131,79.08,13.14,0.0342,92.16,0.06,0.06948,92.02,0.2,0.06909,91.67,0.55,0.06812,91.25,0.97,0.06707,90.12,2.1,0.06474,91.74,0.48,0.06618,90.58,1.64,0.06207,89.45,2.77,0.05826,87.9,4.32,0.0564,79.01,13.21,0.03252,87.56,4.66,0.06412,87.85,4.37,0.06262,85.86,6.36,0.06063,78.29,13.93,0.04116,69.6,22.62,0.01934,89.5,2.72,0.06317,84.2,8.02,0.04895,77.58,14.64,0.03188,55,37.22,0.16153,39.51,52.71,0.27067,84.95,7.27,0.04657,80.43,11.79,0.03525,78.78,13.44,0.02891,76.89,15.33,0.02429,73.32,18.9,0.02031
cifar10,resnet20,fp16,fp16,False,0.586,1.945,272474,145.225,92,99.76,0.07042,99.985,100.037,99.991,99.969,99.956,78.4,13.6,0.03186,61.28,30.72,0.09202,44.49,47.51,0.23322,36.65,55.35,0.31243,31.15,60.85,0.37241,84.57,7.43,0.0478,76.68,15.32,0.03269,57.23,34.77,0.12881,49.54,42.46,0.1921,37.68,54.32,0.30722,87.85,4.15,0.05621,83.09,8.91,0.04384,75.77,16.23,0.02693,57.18,34.82,0.10374,37.42,54.58,0.27014,91.78,0.22,0.06892,90.93,1.07,0.06757,88.67,3.33,0.06267,85.23,6.77,0.05596,75.55,16.45,0.02788,51.36,40.64,0.13853,53.64,38.36,0.11821,55.87,36.13,0.10581,41.33,50.67,0.20704,43.86,48.14,0.18613,87.43,4.57,0.05949,81.15,10.85,0.03578,74.42,17.58,0.02584,74.08,17.92,0.02855,68.53,23.47,0.03853,87.33,4.67,0.06197,86.6,5.4,0.06015,84.07,7.93,0.05339,81.31,10.69,0.04618,76.12,15.88,0.02888,87.32,4.68,0.05531,76.07,15.93,0.02359,79.15,12.85,0.02403,75.99,16.01,0.02263,71.87,20.13,0.0332,87.57,4.43,0.05975,82.38,9.62,0.03575,73.03,18.97,0.03638,71.06,20.94,0.04036,60.23,31.77,0.09837,91.85,0.15,0.06994,91.42,0.58,0.06912,90.49,1.51,0.06707,88.72,3.28,0.06235,78.64,13.36,0.03274,91.86,0.14,0.06905,91.75,0.25,0.06952,91.48,0.52,0.06984,90.96,1.04,0.06769,89.91,2.09,0.06611,91.62,0.38,0.06875,90.19,1.81,0.0621,89.14,2.86,0.05915,87.01,4.99,0.05124,77.96,14.04,0.03226,86.78,5.22,0.06139,87.47,4.53,0.06387,85.49,6.51,0.06143,76.96,15.04,0.03611,68.78,23.22,0.0189,89.24,2.76,0.06325,84.14,7.86,0.04958,77.64,14.36,0.03025,55.27,36.73,0.15926,39.96,52.04,0.26612,84.33,7.67,0.04229,79.83,12.17,0.02877,78.31,13.69,0.02718,76.34,15.66,0.02031,72.85,19.15,0.02177
cifar10,resnet50,baseline,baseline,False,94.402,1,23520842,45.591,94.52,99.8,0.06961,100,100,100,100,100,85.09,9.43,0.04917,73.24,21.28,0.05526,56.79,37.73,0.1639,49.02,45.5,0.22525,41.85,52.67,0.28472,88.93,5.59,0.05334,83.79,10.73,0.04852,68.49,26.03,0.08205,61.41,33.11,0.13228,49.01,45.51,0.22979,92.02,2.5,0.06302,89.3,5.22,0.05873,85.12,9.4,0.05264,71.13,23.39,0.05794,49.44,45.08,0.20214,94.24,0.28,0.06719,93.49,1.03,0.06492,91.59,2.93,0.05917,88.43,6.09,0.05244,79,15.52,0.04254,66.05,28.47,0.07684,67.82,26.7,0.06429,70.34,24.18,0.06277,53.98,40.54,0.15473,56.36,38.16,0.13812,91.45,3.07,0.06042,86.82,7.7,0.05009,82,12.52,0.05004,82.11,12.41,0.04986,76.75,17.77,0.05537,90.81,3.71,0.0581,90.16,4.36,0.05598,87.8,6.72,0.05488,85.25,9.27,0.04954,79.88,14.64,0.04644,91.31,3.21,0.05616,83.62,10.9,0.04495,84.97,9.55,0.04471,82.48,12.04,0.04855,79.38,15.14,0.05032,91.51,3.01,0.05999,87.7,6.82,0.05551,80.87,13.65,0.05339,79,15.52,0.05204,69.52,25,0.08016,94.1,0.42,0.06934,93.82,0.7,0.0662,93.06,1.46,0.06422,91.44,3.08,0.05933,83.19,11.33,0.04788,94.28,0.24,0.06832,94.02,0.5,0.06655,93.84,0.68,0.06746,93.63,0.89,0.06813,92.77,1.75,0.06417,94.04,0.48,0.06858,93.1,1.42,0.0656,92.12,2.4,0.06561,90.48,4.04,0.06193,84.72,9.8,0.05243,90.71,3.81,0.05732,91,3.52,0.05961,88.78,5.74,0.05002,82.85,11.67,0.043,76.88,17.64,0.04252,92.48,2.04,0.06158,86.62,7.9,0.05229,81.22,13.3,0.05851,58.2,36.32,0.17336,41.49,53.03,0.28809,89.21,5.31,0.05222,84.49,10.03,0.0469,82.71,11.81,0.04857,80.78,13.74,0.04664,77.69,16.83,0.05081
cifar10,resnet50,pruning,pruning,False,94.402,1,23520842,388.942,94.61,99.83,0.06955,98.502,98.024,99.652,98.502,97.71,85.07,9.54,0.05212,72.99,21.62,0.05715,57.39,37.22,0.16808,50.19,44.42,0.22434,42.88,51.73,0.28692,89.11,5.5,0.05388,83.6,11.01,0.04915,68.96,25.65,0.08688,62.02,32.59,0.13588,50.36,44.25,0.22879,92.4,2.21,0.06135,89.79,4.82,0.05582,85.54,9.07,0.0538,71.94,22.67,0.05724,50.72,43.89,0.20241,94.47,0.14,0.06963,93.56,1.05,0.06655,91.84,2.77,0.06115,88.64,5.97,0.05709,79.19,15.42,0.04269,66.52,28.09,0.07914,68.63,25.98,0.06407,71.44,23.17,0.05286,54.33,40.28,0.15931,57.8,36.81,0.1332,91.62,2.99,0.06012,86.78,7.83,0.04993,81.19,13.42,0.05086,81.46,13.15,0.04844,75.86,18.75,0.05754,90.91,3.7,0.05981,90.26,4.35,0.05774,87.93,6.68,0.0524,85.01,9.6,0.04658,79.86,14.75,0.04554,91.75,2.86,0.05762,83.92,10.69,0.04921,85.54,9.07,0.04623,82.49,12.12,0.05258,79.53,15.08,0.0506,91.42,3.19,0.05815,87.83,6.78,0.05223,80.54,14.07,0.05988,78.97,15.64,0.05119,69.65,24.96,0.08321,94.39,0.22,0.06938,93.97,0.64,0.06822,93.19,1.42,0.0629,91.67,2.94,0.05781,83.01,11.6,0.04932,94.43,0.18,0.06959,94.34,0.27,0.07019,94.06,0.55,0.06934,93.84,0.77,0.0682,92.79,1.82,0.06475,94.31,0.3,0.06902,93.36,1.25,0.06941,92.7,1.91,0.07034,91.17,3.44,0.06473,85.63,8.98,0.05658,90.88,3.73,0.05698,91.02,3.59,0.05895,89.06,5.55,0.05104,82.58,12.03,0.04623,76.28,18.33,0.04714,92.55,2.06,0.06385,87.33,7.28,0.05378,81.49,13.12,0.05518,57.96,36.65,0.1839,41.52,53.09,0.29424,89.43,5.18,0.05249,85.37,9.24,0.04946,83.7,10.91,0.04682,81.2,13.41,0.04507,77.89,16.72,0.04932
cifar10,resnet50,ptq,ptq,True,24.075,3.921,nan,10.769,10,50,0.9,616.882,311.169,581.24,877.906,620.786,10,0,0.9,10,0,0.9,10,0,0.9,10,0,0.9,10,0,0.9,10,0,0.9,10,0,0.9,10,0,0.9,10,0,0.9,10,0,0.9,10,0,0.9,10,0,0.9,10,0,0.9,10,0,0.9,10,0,0.9,10,0,0.9,10,0,0.9,10,0,0.9,10,0,0.9,10,0,0.9,10,0,0.9,10,0,0.9,10,0,0.9,10,0,0.9,10,0,0.9,10,0,0.9,10,0,0.9,10,0,0.9,10,0,0.9,10,0,0.9,10,0,0.9,10,0,0.9,10,0,0.9,10,0,0.9,10,0,0.9,10,0,0.9,10,0,0.9,10,0,0.9,10,0,0.9,10,0,0.9,10,0,0.9,10,0,0.9,10,0,0.9,10,0,0.9,10,0,0.9,10,0,0.9,10,0,0.9,10,0,0.9,10,0,0.9,10,0,0.9,10,0,0.9,10,0,0.9,10,0,0.9,10,0,0.9,10,0,0.9,10,0,0.9,10,0,0.9,10,0,0.9,10,0,0.9,10,0,0.9,10,0,0.9,10,0,0.9,10,0,0.9,10,0,0.9,10,0,0.9,10,0,0.9,10,0,0.9,10,0,0.9,10,0,0.9,10,0,0.9,10,0,0.9,10,0,0.9,10,0,0.9,10,0,0.9,10,0,0.9
cifar10,resnet50,qat,qat,True,24.075,3.921,nan,211.539,17.92,56.05,0.79012,577.769,297.068,544.259,815.235,584.34,15.16,2.76,0.81526,13.95,3.97,0.82684,13.78,4.14,0.83353,13.06,4.86,0.84023,12.46,5.46,0.84685,16.3,1.62,0.80418,15.29,2.63,0.8144,13.56,4.36,0.8328,13.37,4.55,0.83747,12.21,5.71,0.85052,16.43,1.49,0.80242,15.35,2.57,0.81418,14.32,3.6,0.82464,12.91,5.01,0.84312,12.28,5.64,0.85142,17.48,0.44,0.79277,17.01,0.91,0.79782,16.32,1.6,0.80376,15.01,2.91,0.81612,14.34,3.58,0.82566,14.82,3.1,0.82296,14.09,3.83,0.83141,15.27,2.65,0.81524,14.18,3.74,0.82889,13.93,3.99,0.82951,16.54,1.38,0.8008,16.15,1.77,0.80122,15.53,2.39,0.81147,15.47,2.45,0.81101,15.42,2.5,0.81179,16.1,1.82,0.80333,16.29,1.63,0.80129,15.6,2.32,0.80988,15.51,2.41,0.81047,15.1,2.82,0.81584,16.67,1.25,0.80063,15.24,2.68,0.81517,15.8,2.12,0.81166,16,1.92,0.80803,15.8,2.12,0.81017,16.67,1.25,0.79892,16.02,1.9,0.8082,15.45,2.47,0.81146,14.79,3.13,0.81642,14.05,3.87,0.82635,17.23,0.69,0.79417,15.94,1.98,0.80446,15.76,2.16,0.80591,14.16,3.76,0.82147,12.75,5.17,0.83772,17.93,-0.01,0.78678,18.3,-0.38,0.78546,17.85,0.07,0.79075,17.78,0.14,0.78873,17.54,0.38,0.79163,17.69,0.23,0.79045,14.81,3.11,0.8154,13.41,4.51,0.82784,11.89,6.03,0.84188,10.15,7.77,0.85443,15.95,1.97,0.80599,16.05,1.87,0.80651,16.16,1.76,0.80751,15.08,2.84,0.81441,15.85,2.07,0.80512,17.31,0.61,0.79468,17.14,0.78,0.79412,17.62,0.3,0.79275,16.41,1.51,0.80127,15.72,2.2,0.81118,17.35,0.57,0.79577,16.6,1.32,0.79984,16.74,1.18,0.79985,16.75,1.17,0.79991,16.82,1.1,0.79788
cifar10,resnet50,pruning_qat,pruning_qat,True,24.091,3.919,nan,8.973,15.65,57.43,0.80013,588.984,302.047,554.69,833.222,594.242,12.94,2.71,0.82767,12.51,3.14,0.83085,12.94,2.71,0.82889,12.79,2.86,0.83179,11.69,3.96,0.84325,13.49,2.16,0.81685,12.93,2.72,0.82626,11.96,3.69,0.83851,12.04,3.61,0.83849,12.34,3.31,0.83892,14,1.65,0.81336,13.12,2.53,0.82187,12.31,3.34,0.83364,12.3,3.35,0.83663,11.98,3.67,0.8396,15.38,0.27,0.80231,14.86,0.79,0.80358,14.69,0.96,0.80569,14.38,1.27,0.80879,13.19,2.46,0.82171,14.15,1.5,0.81881,14.21,1.44,0.81534,14.02,1.63,0.81537,13.49,2.16,0.82411,13.1,2.55,0.82565,14.1,1.55,0.81654,13.03,2.62,0.82325,13.54,2.11,0.81675,13.43,2.22,0.81774,13.17,2.48,0.82162,14.91,0.74,0.80533,14.36,1.29,0.81206,14.34,1.31,0.81308,13.97,1.68,0.81294,13.81,1.84,0.81525,15.13,0.52,0.80655,13.56,2.09,0.82105,14.04,1.61,0.81669,14.46,1.19,0.814,13.79,1.86,0.81823,14.5,1.15,0.81186,14.02,1.63,0.81767,12.71,2.94,0.82764,12.65,3,0.82745,11.78,3.87,0.83693,15.47,0.18,0.79832,14.11,1.54,0.81044,14.19,1.46,0.80958,13.48,2.17,0.81241,12.27,3.38,0.82195,16.01,-0.36,0.79594,15.87,-0.22,0.7992,15.41,0.24,0.79915,15.61,0.04,0.8017,15.67,-0.02,0.80046,14.97,0.68,0.80074,13.09,2.56,0.81507,12.71,2.94,0.82176,11.47,4.18,0.83053,11.8,3.85,0.82938,14.52,1.13,0.80842,14.6,1.05,0.80752,14.31,1.34,0.80909,13.87,1.78,0.81229,13.86,1.79,0.81702,15.8,-0.15,0.79455,15.42,0.23,0.80191,15.22,0.43,0.8019,14.71,0.94,0.80578,14.38,1.27,0.81069,15.12,0.53,0.80685,14.35,1.3,0.81107,14.56,1.09,0.80976,14.23,1.42,0.81198,14.54,1.11,0.81063
cifar10,resnet50,pruning_kd,pruning_kd,False,94.404,1,23520842,52.911,95.29,99.85,0.07722,88.347,90.259,86.02,87.763,89.826,86.53,8.76,0.05204,75.2,20.09,0.06332,60.58,34.71,0.12015,53.58,41.71,0.1698,46.18,49.11,0.22608,90.13,5.16,0.05633,85.66,9.63,0.05013,72.53,22.76,0.06564,65.53,29.76,0.08912,53.7,41.59,0.17386,93.26,2.03,0.07068,90.83,4.46,0.06477,87.07,8.22,0.05961,73.62,21.67,0.05626,53.76,41.53,0.14369,95.07,0.22,0.07601,94.58,0.71,0.07408,93.09,2.2,0.06981,90.78,4.51,0.0637,83.92,11.37,0.0471,68.59,26.7,0.06523,70.04,25.25,0.0688,72.24,23.05,0.06084,56.59,38.7,0.11836,59.1,36.19,0.10543,92.92,2.37,0.07035,89,6.29,0.05539,83.89,11.4,0.05096,84.35,10.94,0.04983,79.41,15.88,0.049,92.26,3.03,0.06811,91.6,3.69,0.06452,89.95,5.34,0.06275,87.96,7.33,0.05751,83.01,12.28,0.04763,92.63,2.66,0.06364,86.17,9.12,0.04705,87.45,7.84,0.05118,84.4,10.89,0.04872,81.61,13.68,0.04939,92.36,2.93,0.06757,89.27,6.02,0.05816,82.65,12.64,0.05479,81.01,14.28,0.05362,72.21,23.08,0.07397,94.92,0.37,0.0751,94.65,0.64,0.0749,93.93,1.36,0.07271,92.72,2.57,0.06619,85.04,10.25,0.05029,95.1,0.19,0.07655,94.97,0.32,0.07626,94.7,0.59,0.07557,94.49,0.8,0.0759,93.39,1.9,0.07207,94.88,0.41,0.07495,93.98,1.31,0.07269,93.06,2.23,0.07016,91.63,3.66,0.06467,86.93,8.36,0.05402,91.79,3.5,0.06524,91.83,3.46,0.06391,90.56,4.73,0.0624,85.1,10.19,0.04424,79.61,15.68,0.04524,93.54,1.75,0.07075,88.15,7.14,0.05705,83.19,12.1,0.05029,60.75,34.54,0.14074,42.31,52.98,0.27001,90.02,5.27,0.05886,86.41,8.88,0.04985,84.58,10.71,0.04942,82.76,12.53,0.04584,79.1,16.19,0.04819
cifar10,resnet50,quant_int8,quant_int8,True,24.091,3.919,nan,10.062,10,50,0.9,616.882,311.169,581.24,877.906,620.786,10,0,0.9,10,0,0.9,10,0,0.9,10,0,0.9,10,0,0.9,10,0,0.9,10,0,0.9,10,0,0.9,10,0,0.9,10,0,0.9,10,0,0.9,10,0,0.9,10,0,0.9,10,0,0.9,10,0,0.9,10,0,0.9,10,0,0.9,10,0,0.9,10,0,0.9,10,0,0.9,10,0,0.9,10,0,0.9,10,0,0.9,10,0,0.9,10,0,0.9,10,0,0.9,10,0,0.9,10,0,0.9,10,0,0.9,10,0,0.9,10,0,0.9,10,0,0.9,10,0,0.9,10,0,0.9,10,0,0.9,10,0,0.9,10,0,0.9,10,0,0.9,10,0,0.9,10,0,0.9,10,0,0.9,10,0,0.9,10,0,0.9,10,0,0.9,10,0,0.9,10,0,0.9,10,0,0.9,10,0,0.9,10,0,0.9,10,0,0.9,10,0,0.9,10,0,0.9,10,0,0.9,10,0,0.9,10,0,0.9,10,0,0.9,10,0,0.9,10,0,0.9,10,0,0.9,10,0,0.9,10,0,0.9,10,0,0.9,10,0,0.9,10,0,0.9,10,0,0.9,10,0,0.9,10,0,0.9,10,0,0.9,10,0,0.9,10,0,0.9,10,0,0.9,10,0,0.9,10,0,0.9,10,0,0.9,10,0,0.9
cifar10,resnet50,sparsity,sparsity,False,94.403,1,23520842,47.499,94.66,99.81,0.06716,96.899,96.042,95.634,97.774,97.931,85.68,8.98,0.04958,73.92,20.74,0.05319,58.42,36.24,0.15764,51.33,43.33,0.2105,44.11,50.55,0.26988,89.3,5.36,0.05262,84.23,10.43,0.05023,70.06,24.6,0.07765,63.3,31.36,0.12387,51.64,43.02,0.2126,92.42,2.24,0.06077,89.78,4.88,0.05629,85.72,8.94,0.0535,71.66,23,0.06628,51.24,43.42,0.19405,94.48,0.18,0.06599,93.75,0.91,0.06507,91.94,2.72,0.0596,89.4,5.26,0.05317,81.26,13.4,0.04251,66.75,27.91,0.08018,68.92,25.74,0.06452,70.97,23.69,0.06044,54.8,39.86,0.1557,57.55,37.11,0.13661,91.79,2.87,0.0568,87.8,6.86,0.04567,82.05,12.61,0.04497,82.17,12.49,0.04236,76.65,18.01,0.05166,91.43,3.23,0.05897,90.91,3.75,0.05783,88.46,6.2,0.05209,85.96,8.7,0.05013,80.95,13.71,0.04549,91.66,3,0.05654,84.4,10.26,0.0497,85.95,8.71,0.04604,83.08,11.58,0.04879,79.56,15.1,0.04873,91.62,3.04,0.05986,88.08,6.58,0.05114,81.36,13.3,0.05223,79.48,15.18,0.04857,70.31,24.35,0.07671,94.32,0.34,0.06833,93.8,0.86,0.06671,93.08,1.58,0.06233,91.58,3.08,0.05681,82.54,12.12,0.05221,94.39,0.27,0.06821,94.39,0.27,0.06694,94.16,0.5,0.06849,93.86,0.8,0.06854,92.81,1.85,0.06186,94.12,0.54,0.06603,93.1,1.56,0.06457,92.5,2.16,0.06211,91.25,3.41,0.06471,85.65,9.01,0.05788,91,3.66,0.05679,91.22,3.44,0.05498,89.2,5.46,0.05085,83.61,11.05,0.04392,77.3,17.36,0.04849,92.53,2.13,0.06135,86.32,8.34,0.05303,80.53,14.13,0.05488,57.02,37.64,0.1859,40.67,53.99,0.28732,89.3,5.36,0.05514,85.1,9.56,0.04826,83.6,11.06,0.04551,81.1,13.56,0.04508,78,16.66,0.04725
cifar10,resnet50,sparsity_quant_int8,sparsity_quant_int8,True,24.093,3.918,nan,8.314,9.92,49.92,0.8612,617.215,311.352,581.594,878.349,621.099,9.93,-0.01,0.8529,9.94,-0.02,0.85505,9.98,-0.06,0.85755,9.97,-0.05,0.857,9.92,0,0.8635,9.95,-0.03,0.85235,9.89,0.03,0.848,9.96,-0.04,0.8474,9.86,0.06,0.8483,9.91,0.01,0.85555,9.94,-0.02,0.8703,9.97,-0.05,0.8706,9.95,-0.03,0.87225,10,-0.08,0.87705,10,-0.08,0.88585,9.92,0,0.85295,9.98,-0.06,0.8289,10.03,-0.11,0.8134,9.97,-0.05,0.7975,9.83,0.09,0.76605,10.03,-0.11,0.8787,10,-0.08,0.87835,10.09,-0.17,0.86785,10.01,-0.09,0.88505,9.97,-0.05,0.87705,10.05,-0.13,0.80855,10.13,-0.21,0.79195,9.97,-0.05,0.78045,9.93,-0.01,0.7867,9.96,-0.04,0.77395,9.94,-0.02,0.79295,9.96,-0.04,0.79215,9.84,0.08,0.7906,9.8,0.12,0.7901,9.79,0.13,0.7829,9.96,-0.04,0.8744,9.97,-0.05,0.8786,9.98,-0.06,0.88045,10,-0.08,0.8767,9.9,0.02,0.87855,9.99,-0.07,0.85845,9.9,0.02,0.8578,9.89,0.03,0.8502,9.88,0.04,0.846,9.92,0,0.83645,10.04,-0.12,0.8414,9.94,-0.02,0.82355,10.03,-0.11,0.8132,9.84,0.08,0.79995,9.83,0.09,0.7732,9.98,-0.06,0.861,10.05,-0.13,0.8588,9.94,-0.02,0.8643,9.98,-0.06,0.86375,9.94,-0.02,0.8653,9.95,-0.03,0.83635,9.95,-0.03,0.80685,9.83,0.09,0.773,9.79,0.13,0.71938,10.24,-0.32,0.63973,9.96,-0.04,0.83475,10.04,-0.12,0.82735,10.08,-0.16,0.8203,10.01,-0.09,0.8241,10.01,-0.09,0.83645,9.92,0,0.86215,9.96,-0.04,0.868,9.93,-0.01,0.8694,9.98,-0.06,0.87525,9.93,-0.01,0.8727,9.9,0.02,0.861,9.87,0.05,0.86205,9.88,0.04,0.8589,9.92,0,0.85665,9.86,0.06,0.85355
cifar10,resnet50,clustering,clustering,False,94.404,1,23520842,54.096,82.54,98.73,0.10779,284.59,166.198,317.459,306.337,318.768,66.56,15.98,0.04189,51.3,31.24,0.06319,38.32,44.22,0.1696,33.58,48.96,0.20936,30.84,51.7,0.23291,73.43,9.11,0.06799,65.34,17.2,0.0362,47.21,35.33,0.10109,40.93,41.61,0.15347,33.17,49.37,0.21885,76.23,6.31,0.08162,68.79,13.75,0.05202,60.55,21.99,0.03321,44.46,38.08,0.09662,32.04,50.5,0.19414,80.07,2.47,0.10258,72.7,9.84,0.0808,61.98,20.56,0.06059,49.9,32.64,0.04994,29.41,53.13,0.17573,42.16,40.38,0.12076,42.95,39.59,0.11547,43.72,38.82,0.09372,36,46.54,0.15183,37.35,45.19,0.12912,65.54,17,0.05767,51.62,30.92,0.06127,41.16,41.38,0.10593,41.53,41.01,0.10529,34.56,47.98,0.14676,61.1,21.44,0.05659,55.79,26.75,0.05157,48.15,34.39,0.06587,41.14,41.4,0.10378,33.33,49.21,0.16384,75.58,6.96,0.07937,61.65,20.89,0.02603,64.49,18.05,0.03513,60.6,21.94,0.02703,57.26,25.28,0.02767,74.24,8.3,0.0814,67.1,15.44,0.04938,56.02,26.52,0.03592,53.31,29.23,0.04028,43.09,39.45,0.0863,78.34,4.2,0.09635,70.79,11.75,0.07461,62.79,19.75,0.0536,53.55,28.99,0.05051,34.45,48.09,0.13888,82.07,0.47,0.10642,81.53,1.01,0.10615,80.65,1.89,0.10393,79.55,2.99,0.10006,76.04,6.5,0.08645,76.27,6.27,0.08898,61.22,21.32,0.04318,48.84,33.7,0.0611,31.92,50.62,0.16186,11.01,71.53,0.41725,66.18,16.36,0.05263,65.47,17.07,0.05239,58.56,23.98,0.04092,48.73,33.81,0.06899,44.71,37.83,0.07841,78.36,4.18,0.09036,71.67,10.87,0.05284,66.97,15.57,0.02517,48.99,33.55,0.13211,32.72,49.82,0.28663,70.49,12.05,0.05248,63.42,19.12,0.03094,60.95,21.59,0.01922,58.06,24.48,0.02209,54.09,28.45,0.03512
cifar10,resnet50,clustering_quant_int8,clustering_quant_int8,True,24.094,3.918,nan,113.166,10,50,0.9,616.882,311.169,581.24,877.906,620.786,10,0,0.9,10,0,0.9,10,0,0.9,10,0,0.9,10,0,0.9,10,0,0.9,10,0,0.9,10,0,0.9,10,0,0.9,10,0,0.9,10,0,0.9,10,0,0.9,10,0,0.9,10,0,0.9,10,0,0.9,10,0,0.9,10,0,0.9,10,0,0.9,10,0,0.9,10,0,0.9,10,0,0.9,10,0,0.9,10,0,0.9,10,0,0.9,10,0,0.9,10,0,0.9,10,0,0.9,10,0,0.9,10,0,0.9,10,0,0.9,10,0,0.9,10,0,0.9,10,0,0.9,10,0,0.9,10,0,0.9,10,0,0.9,10,0,0.9,10,0,0.9,10,0,0.9,10,0,0.9,10,0,0.9,10,0,0.9,10,0,0.9,10,0,0.9,10,0,0.9,10,0,0.9,10,0,0.9,10,0,0.9,10,0,0.9,10,0,0.9,10,0,0.9,10,0,0.9,10,0,0.9,10,0,0.9,10,0,0.9,10,0,0.9,10,0,0.9,10,0,0.9,10,0,0.9,10,0,0.9,10,0,0.9,10,0,0.9,10,0,0.9,10,0,0.9,10,0,0.9,10,0,0.9,10,0,0.9,10,0,0.9,10,0,0.9,10,0,0.9,10,0,0.9,10,0,0.9,10,0,0.9,10,0,0.9,10,0,0.9
cifar10,resnet50,sparsity_clustering,sparsity_clustering,False,94.407,1,23520842,52.316,73.75,96.85,0.06144,349.473,181.155,383.895,401.291,389.471,60.71,13.04,0.02027,49.24,24.51,0.10531,38.09,35.66,0.20629,33.6,40.15,0.24919,30.19,43.56,0.28702,66.57,7.18,0.02527,60.27,13.48,0.02266,45.65,28.1,0.14052,40.04,33.71,0.19334,32.81,40.94,0.26501,67.64,6.11,0.02892,60.4,13.35,0.02525,52.89,20.86,0.07499,38.37,35.38,0.19364,28.4,45.35,0.28494,69,4.75,0.03666,57.84,15.91,0.03145,45.08,28.67,0.11204,35.55,38.2,0.18506,24.83,48.92,0.27432,39.38,34.37,0.17775,39.26,34.49,0.1795,38.15,35.6,0.18962,32.92,40.83,0.22845,32.09,41.66,0.23602,51.79,21.96,0.0638,39.34,34.41,0.1557,33,40.75,0.20528,32.99,40.76,0.20599,28.78,44.97,0.24165,49.7,24.05,0.07356,42.65,31.1,0.12699,36.7,37.05,0.17515,31.18,42.57,0.23047,27.2,46.55,0.26996,67.55,6.2,0.03182,54.14,19.61,0.06815,55.17,18.58,0.05254,51.1,22.65,0.07164,47.95,25.8,0.09664,64.74,9.01,0.0306,58.12,15.63,0.02783,46.69,27.06,0.11258,44.44,29.31,0.1309,34.78,38.97,0.21723,67.04,6.71,0.02564,56.73,17.02,0.04634,48.09,25.66,0.1081,38.47,35.28,0.18352,23.52,50.23,0.32067,73.33,0.42,0.06032,73.1,0.65,0.06306,72.58,1.17,0.0619,72.06,1.69,0.06223,69.15,4.6,0.05157,63.73,10.02,0.02133,45.24,28.51,0.14083,35.78,37.97,0.22329,26.04,47.71,0.31323,17.04,56.71,0.36372,51.65,22.1,0.07437,50.36,23.39,0.08344,42.47,31.28,0.14076,36.47,37.28,0.18788,33.2,40.55,0.23027,67.55,6.2,0.02734,61.69,12.06,0.03194,58.74,15.01,0.05328,46.64,27.11,0.1576,36.62,37.13,0.2454,58.98,14.77,0.04147,51.32,22.43,0.09542,48.48,25.27,0.11799,45.19,28.56,0.14763,41.23,32.52,0.1819
cifar10,resnet50,sparsity_clustering_quant_int8,sparsity_clustering_quant_int8,True,24.096,3.918,nan,22.956,10,50,0.9,616.882,311.169,581.24,877.906,620.786,10,0,0.9,10,0,0.9,10,0,0.9,10,0,0.9,10,0,0.9,10,0,0.9,10,0,0.9,10,0,0.9,10,0,0.9,10,0,0.9,10,0,0.9,10,0,0.9,10,0,0.9,10,0,0.9,10,0,0.9,10,0,0.9,10,0,0.9,10,0,0.9,10,0,0.9,10,0,0.9,10,0,0.9,10,0,0.9,10,0,0.9,10,0,0.9,10,0,0.9,10,0,0.9,10,0,0.9,10,0,0.9,10,0,0.9,10,0,0.9,10,0,0.9,10,0,0.9,10,0,0.9,10,0,0.9,10,0,0.9,10,0,0.9,10,0,0.9,10,0,0.9,10,0,0.9,10,0,0.9,10,0,0.9,10,0,0.9,10,0,0.9,10,0,0.9,10,0,0.9,10,0,0.9,10,0,0.9,10,0,0.9,10,0,0.9,10,0,0.9,10,0,0.9,10,0,0.9,10,0,0.9,10,0,0.9,10,0,0.9,10,0,0.9,10,0,0.9,10,0,0.9,10,0,0.9,10,0,0.9,10,0,0.9,10,0,0.9,10,0,0.9,10,0,0.9,10,0,0.9,10,0,0.9,10,0,0.9,10,0,0.9,10,0,0.9,10,0,0.9,10,0,0.9,10,0,0.9,10,0,0.9,10,0,0.9,10,0,0.9
cifar10,resnet50,qat_only,qat_only,True,24.09,3.919,nan,10.328,17.55,55.85,0.79156,576.825,294.282,546.968,813.163,582.251,16.63,0.92,0.80163,15.74,1.81,0.80872,14.5,3.05,0.82247,13.89,3.66,0.83098,13.7,3.85,0.83154,16.9,0.65,0.7954,16.08,1.47,0.80158,14.72,2.83,0.81949,14.41,3.14,0.82014,13.35,4.2,0.8349,16.74,0.81,0.79927,15.94,1.61,0.81038,14.64,2.91,0.8222,13.1,4.45,0.83702,13.19,4.36,0.83815,17.39,0.16,0.79375,16.05,1.5,0.80706,15.69,1.86,0.81006,14.45,3.1,0.8221,13.54,4.01,0.83542,15.03,2.52,0.81678,15.06,2.49,0.81586,14.79,2.76,0.81634,14.73,2.82,0.82093,14.53,3.02,0.82377,16.06,1.49,0.80807,14.85,2.7,0.81945,15.04,2.51,0.81723,14.72,2.83,0.81996,14.37,3.18,0.82413,16.04,1.51,0.80594,16,1.55,0.80814,15.67,1.88,0.81243,15.29,2.26,0.81741,14.88,2.67,0.81964,16.64,0.91,0.80187,16.08,1.47,0.80761,16.29,1.26,0.80489,16.38,1.17,0.80277,16.04,1.51,0.80603,17.25,0.3,0.79612,16.77,0.78,0.79701,15.86,1.69,0.80518,15.57,1.98,0.80699,14.91,2.64,0.81377,16.68,0.87,0.79962,16.12,1.43,0.80205,15.45,2.1,0.80866,15.04,2.51,0.8129,13.92,3.63,0.82171,18.04,-0.49,0.78592,17.74,-0.19,0.79073,17.59,-0.04,0.79405,17.92,-0.37,0.78834,17.81,-0.26,0.79002,17.19,0.36,0.79537,15,2.55,0.81523,14.77,2.78,0.81411,13.71,3.84,0.8208,11.3,6.25,0.84993,16.12,1.43,0.80709,15.54,2.01,0.81243,15.15,2.4,0.81644,15.77,1.78,0.80897,15.44,2.11,0.81237,16.9,0.65,0.79929,17.06,0.49,0.7954,16.82,0.73,0.79781,16.05,1.5,0.80662,15.96,1.59,0.80881,17.86,-0.31,0.78938,17.11,0.44,0.79429,17.02,0.53,0.79566,17.31,0.24,0.79303,16.72,0.83,0.79997
cifar10,resnet50,qat_int8,qat_int8,True,24.09,3.919,nan,13.675,17.34,57.7,0.78757,582.988,295.94,550.859,823.708,589.682,16.03,1.31,0.80027,14.99,2.35,0.8098,13.9,3.44,0.82131,13.02,4.32,0.83079,12.87,4.47,0.83587,15.65,1.69,0.80386,15.1,2.24,0.8087,14.76,2.58,0.81123,14.18,3.16,0.81899,12.11,5.23,0.84191,16.88,0.46,0.79078,16.07,1.27,0.79803,13.98,3.36,0.81893,13.32,4.02,0.82885,12.65,4.69,0.83668,16.23,1.11,0.7977,16.06,1.28,0.79806,15.06,2.28,0.80502,14.42,2.92,0.81047,13.17,4.17,0.82139,15.34,2,0.80793,15.32,2.02,0.80812,15.11,2.23,0.80962,13.99,3.35,0.82086,14.74,2.6,0.81042,15.44,1.9,0.8042,14.97,2.37,0.80652,14.6,2.74,0.80936,14.55,2.79,0.80994,14.44,2.9,0.81187,14.56,2.78,0.80978,15.11,2.23,0.80521,14.18,3.16,0.81387,13.88,3.46,0.81943,13.29,4.05,0.82379,17.25,0.09,0.78936,15.83,1.51,0.80374,16.23,1.11,0.79631,15.61,1.73,0.80453,15.78,1.56,0.80259,16.24,1.1,0.79604,15.74,1.6,0.79983,15.28,2.06,0.80202,14.75,2.59,0.80912,13.65,3.69,0.81857,16.49,0.85,0.79115,14.58,2.76,0.80886,13.56,3.78,0.8217,12.83,4.51,0.82371,10.85,6.49,0.84581,16.55,0.79,0.79458,17.32,0.02,0.7878,16.56,0.78,0.79499,17.17,0.17,0.79031,16.45,0.89,0.79824,15.36,1.98,0.80467,12.77,4.57,0.82524,12.23,5.11,0.8285,12.23,5.11,0.82842,12.42,4.92,0.82791,16.03,1.31,0.80007,15.71,1.63,0.80114,15.07,2.27,0.80512,14.08,3.26,0.81457,13.69,3.65,0.81816,16.3,1.04,0.79241,16.35,0.99,0.79314,16.22,1.12,0.79666,15.1,2.24,0.80682,14.11,3.23,0.81817,16.94,0.4,0.79093,16.24,1.1,0.79678,16.09,1.25,0.79675,16.03,1.31,0.79863,15.49,1.85,0.80278
cifar10,resnet50,cqat,cqat,True,24.076,3.921,nan,10.077,16.81,63.32,0.79066,578.186,299.333,541.51,820.633,581.556,14.15,2.66,0.81881,13.73,3.08,0.82383,12.99,3.82,0.83278,12.47,4.34,0.83911,12.45,4.36,0.8453,14.95,1.86,0.80774,14.74,2.07,0.81315,13.7,3.11,0.82405,12.84,3.97,0.83579,12.66,4.15,0.84021,15.14,1.67,0.81054,13.66,3.15,0.82625,13,3.81,0.83548,12.39,4.42,0.8468,12.35,4.46,0.84771,17.05,-0.24,0.78875,16.96,-0.15,0.78663,16.75,0.06,0.78815,16.98,-0.17,0.78351,16.48,0.33,0.79019,12.85,3.96,0.83543,12.46,4.35,0.83661,13.34,3.47,0.82552,12.38,4.43,0.83879,12.04,4.77,0.83893,16.01,0.8,0.79739,16.18,0.63,0.79375,15.9,0.91,0.79768,16.47,0.34,0.79066,16.11,0.7,0.79366,17.24,-0.43,0.78504,16.44,0.37,0.79128,16.35,0.46,0.79241,16.2,0.61,0.79354,16.61,0.2,0.78966,15.69,1.12,0.80641,14.47,2.34,0.81955,14.12,2.69,0.82163,15.38,1.43,0.80989,14.36,2.45,0.81977,15.64,1.17,0.80224,15.12,1.69,0.80865,13.96,2.85,0.82059,13.69,3.12,0.82075,12.54,4.27,0.83202,16.42,0.39,0.79316,16.08,0.73,0.79296,15.86,0.95,0.79526,15.2,1.61,0.80134,14.1,2.71,0.81082,17.11,-0.3,0.7891,17.49,-0.68,0.78661,17.21,-0.4,0.7881,16.86,-0.05,0.7915,16.93,-0.12,0.79175,16.8,0.01,0.78898,16.08,0.73,0.7959,15.81,1,0.79737,14.44,2.37,0.81132,12.37,4.44,0.82941,15.91,0.9,0.79857,16.43,0.38,0.79262,16.76,0.05,0.78686,15.65,1.16,0.79853,15.62,1.19,0.79738,16.41,0.4,0.79479,15.76,1.05,0.80103,16.31,0.5,0.79595,15.61,1.2,0.7998,16.35,0.46,0.79629,16.66,0.15,0.79195,16.25,0.56,0.80022,15.77,1.04,0.80197,15.57,1.24,0.80317,16.1,0.71,0.79992
cifar10,resnet50,cqat_int8,cqat_int8,True,24.09,3.919,nan,9.898,11.62,60.36,0.8529,608.268,306.548,572.896,862.838,615.358,11.55,0.07,0.8578,11.41,0.21,0.86068,11.13,0.49,0.86385,10.94,0.68,0.86343,11.55,0.07,0.85802,11.84,-0.22,0.85298,11.36,0.26,0.85946,11,0.62,0.8623,11.02,0.6,0.86494,10.97,0.65,0.86197,11.41,0.21,0.85677,11.63,-0.01,0.85583,11.72,-0.1,0.85583,11.46,0.16,0.85899,10.9,0.72,0.86265,11.7,-0.08,0.8529,11.46,0.16,0.85515,11.57,0.05,0.85344,11.57,0.05,0.85215,10.75,0.87,0.85946,11.61,0.01,0.85685,11.46,0.16,0.85914,11.02,0.6,0.86475,11.54,0.08,0.85736,11.27,0.35,0.85989,11.51,0.11,0.85339,11.74,-0.12,0.85219,10.9,0.72,0.85956,11.06,0.56,0.85642,11.09,0.53,0.85734,11.35,0.27,0.85735,11.14,0.48,0.85897,11.41,0.21,0.85425,11.01,0.61,0.85888,10.79,0.83,0.86106,11.93,-0.31,0.85293,11.31,0.31,0.85962,12.41,-0.79,0.848,11.5,0.12,0.85904,11.16,0.46,0.86171,12.06,-0.44,0.85054,11.54,0.08,0.85688,11.47,0.15,0.85636,11.63,-0.01,0.85636,10.85,0.77,0.86374,11.52,0.1,0.85607,10.62,1,0.86661,10.19,1.43,0.87092,10.39,1.23,0.86705,9.68,1.94,0.8715,11.78,-0.16,0.85142,12.31,-0.69,0.85041,12.16,-0.54,0.84761,12.93,-1.31,0.84096,12.14,-0.52,0.8484,11,0.62,0.86299,9.7,1.92,0.87579,9.54,2.08,0.87085,10.17,1.45,0.85404,9.74,1.88,0.84771,10.82,0.8,0.86016,11.26,0.36,0.85584,11.42,0.2,0.85789,10.88,0.74,0.86189,11.04,0.58,0.86028,11.84,-0.22,0.85367,11.08,0.54,0.86246,11.47,0.15,0.8565,11.29,0.33,0.86178,10.91,0.71,0.86528,11.35,0.27,0.8601,11.5,0.12,0.85573,11.52,0.1,0.85933,11.82,-0.2,0.85539,11.39,0.23,0.85842
cifar10,resnet50,pqat,pqat,True,24.076,3.921,nan,7.532,15.78,55.88,0.81307,586.309,297.267,554.067,828.316,593.327,14.94,0.84,0.82021,14.15,1.63,0.82946,13.33,2.45,0.83992,13.32,2.46,0.8435,13,2.78,0.8473,16.11,-0.33,0.80818,14.95,0.83,0.81794,14.04,1.74,0.83348,13.22,2.56,0.84077,12.89,2.89,0.8459,14.67,1.11,0.82233,14.82,0.96,0.82282,14.4,1.38,0.82537,13.57,2.21,0.83684,12.6,3.18,0.84835,16.2,-0.42,0.80684,15.31,0.47,0.81532,14.2,1.58,0.82544,13.7,2.08,0.83167,13.22,2.56,0.8345,14.78,1,0.82296,14.83,0.95,0.82189,14.5,1.28,0.81984,14.07,1.71,0.83452,14.22,1.56,0.82883,14.64,1.14,0.82363,13.44,2.34,0.83515,13.5,2.28,0.83429,13.8,1.98,0.83246,13.07,2.71,0.83742,14.89,0.89,0.82083,14.53,1.25,0.82312,13.52,2.26,0.83479,14.11,1.67,0.82957,13.64,2.14,0.83335,15.45,0.33,0.81577,15.64,0.14,0.8129,14.89,0.89,0.82042,15.9,-0.12,0.81164,14.84,0.94,0.81871,15.66,0.12,0.8121,15.68,0.1,0.81122,15.6,0.18,0.81366,14.4,1.38,0.82231,14.28,1.5,0.82565,15.46,0.32,0.81232,14.9,0.88,0.81821,13.67,2.11,0.82855,13.38,2.4,0.8303,12.67,3.11,0.83801,15.72,0.06,0.8152,15.35,0.43,0.81976,15.73,0.05,0.81413,15.87,-0.09,0.81332,15.94,-0.16,0.81413,14.72,1.06,0.81986,13.67,2.11,0.82895,12.07,3.71,0.84612,11.09,4.69,0.85626,10.01,5.77,0.8705,15.09,0.69,0.81664,14.65,1.13,0.82368,14.24,1.54,0.82724,14.19,1.59,0.82707,14.77,1.01,0.82208,15.87,-0.09,0.80981,15.58,0.2,0.81216,15.24,0.54,0.8134,15.43,0.35,0.81316,14.51,1.27,0.82292,15.58,0.2,0.81194,15.31,0.47,0.81431,15.86,-0.08,0.80862,15.65,0.13,0.81067,15.31,0.47,0.81201
cifar10,resnet50,pqat_int8,pqat_int8,True,24.09,3.919,nan,11.624,15.36,55.05,0.80688,591.574,301.612,557.017,837.096,598.081,12.98,2.38,0.83064,13.26,2.1,0.82737,12.61,2.75,0.83699,12.14,3.22,0.84101,12.19,3.17,0.84359,13.14,2.22,0.82592,13.03,2.33,0.82588,12.58,2.78,0.83237,12.45,2.91,0.83708,11.76,3.6,0.84585,13.72,1.64,0.82245,13.82,1.54,0.82345,13.24,2.12,0.82748,12.25,3.11,0.84116,11.82,3.54,0.85072,15.07,0.29,0.80776,14.64,0.72,0.80859,14,1.36,0.81531,13.64,1.72,0.81739,12.63,2.73,0.8287,14.11,1.25,0.81995,14.04,1.32,0.82019,13.5,1.86,0.82462,14.05,1.31,0.82,12.8,2.56,0.83032,14.25,1.11,0.81614,13.3,2.06,0.82316,13.05,2.31,0.82752,13.62,1.74,0.82052,12.65,2.71,0.83187,14.67,0.69,0.80942,14.32,1.04,0.81302,13.72,1.64,0.81806,13.45,1.91,0.82336,12.7,2.66,0.82892,14.88,0.48,0.81174,13.83,1.53,0.8249,13.88,1.48,0.82416,13.81,1.55,0.82328,13.18,2.18,0.82696,14.02,1.34,0.81777,13.41,1.95,0.82345,12.8,2.56,0.8283,12.58,2.78,0.83243,11.95,3.41,0.83739,14.68,0.68,0.81032,13.77,1.59,0.81927,13.24,2.12,0.82112,12.11,3.25,0.832,10.92,4.44,0.84321,15.42,-0.06,0.80673,15.68,-0.32,0.80347,15.56,-0.2,0.80408,15.9,-0.54,0.80277,15.41,-0.05,0.80834,14.93,0.43,0.81097,12.78,2.58,0.82557,11.66,3.7,0.83813,10.64,4.72,0.84462,10.5,4.86,0.84454,14.49,0.87,0.81221,13.98,1.38,0.81873,13.99,1.37,0.81511,13.85,1.51,0.81678,13.21,2.15,0.82604,14.91,0.45,0.80892,14.51,0.85,0.81288,14.9,0.46,0.80628,13.01,2.35,0.82874,13.44,1.92,0.8242,14.47,0.89,0.81454,14.56,0.8,0.81438,13.89,1.47,0.81811,14.49,0.87,0.81392,13.81,1.55,0.81696
cifar10,resnet50,pcqat,pcqat,True,24.076,3.921,nan,6.698,15.1,61.02,0.79336,592.59,299.232,563.242,837.476,597.073,14.26,0.84,0.79973,14.23,0.87,0.79993,13.55,1.55,0.81039,13,2.1,0.81838,13.27,1.83,0.8136,14.84,0.26,0.79269,13.78,1.32,0.80583,13.48,1.62,0.80642,13.63,1.47,0.80785,13.48,1.62,0.81188,14.11,0.99,0.80249,13.81,1.29,0.80277,13.12,1.98,0.81637,12.65,2.45,0.82015,11.48,3.62,0.8307,14.13,0.97,0.80042,13.57,1.53,0.80066,12.99,2.11,0.80534,12.1,3,0.81436,11.54,3.56,0.81718,14.89,0.21,0.7941,14.65,0.45,0.7943,13.54,1.56,0.80313,15.38,-0.28,0.79394,14.12,0.98,0.7987,13.17,1.93,0.80977,12.32,2.78,0.81631,12.81,2.29,0.81149,12.95,2.15,0.81131,11.89,3.21,0.81921,12.32,2.78,0.8146,12.48,2.62,0.81034,11.78,3.32,0.81602,12.26,2.84,0.81323,12.17,2.93,0.81108,14.92,0.18,0.79486,14.75,0.35,0.79579,14.65,0.45,0.79627,14.69,0.41,0.7974,14.45,0.65,0.79926,15.11,-0.01,0.78943,14.77,0.33,0.79202,14.39,0.71,0.79226,14.12,0.98,0.79784,13.83,1.27,0.80032,14.2,0.9,0.79303,13.12,1.98,0.79595,12.1,3,0.804,11.76,3.34,0.81054,11.33,3.77,0.80989,15.11,-0.01,0.79386,15.12,-0.02,0.7938,15.47,-0.37,0.78981,14.65,0.45,0.79927,14.58,0.52,0.8002,14.24,0.86,0.79464,12.79,2.31,0.79941,12.44,2.66,0.79805,12.7,2.4,0.79227,11.43,3.67,0.81446,13.74,1.36,0.80134,13.82,1.28,0.79723,12.57,2.53,0.80914,12.45,2.65,0.81117,12.86,2.24,0.80639,15.13,-0.03,0.78928,15.55,-0.45,0.78192,14.28,0.82,0.79099,14.29,0.81,0.79195,13.42,1.68,0.7985,15.19,-0.09,0.79184,14.72,0.38,0.79142,14.21,0.89,0.79766,14.63,0.47,0.79462,13.95,1.15,0.79835
cifar10,resnet50,pcqat_int8,pcqat_int8,True,24.091,3.919,nan,511.943,14.96,57.46,0.8256,592.011,296.974,560.525,839.27,597.515,14.79,0.17,0.82149,14.7,0.26,0.82195,14.08,0.88,0.82778,14.11,0.85,0.82567,13.91,1.05,0.82739,14.73,0.23,0.82176,14.51,0.45,0.8233,13.97,0.99,0.82845,13.84,1.12,0.8285,13.19,1.77,0.83561,14.42,0.54,0.82719,14.6,0.36,0.82523,14.85,0.11,0.82002,13.69,1.27,0.83262,12.57,2.39,0.84548,14.19,0.77,0.83177,13.61,1.35,0.83571,13.3,1.66,0.83714,12.44,2.52,0.84795,13.02,1.94,0.8378,13.92,1.04,0.82894,13.78,1.18,0.83409,12.91,2.05,0.84023,14.16,0.8,0.82835,12.97,1.99,0.83885,13.19,1.77,0.84097,13.19,1.77,0.8409,12.46,2.5,0.84809,12.42,2.54,0.84809,12.32,2.64,0.84885,13.79,1.17,0.83289,13.45,1.51,0.83375,13.02,1.94,0.83961,13.31,1.65,0.83691,13.22,1.74,0.83822,14.51,0.45,0.82693,14.7,0.26,0.82237,14.68,0.28,0.82308,14.36,0.6,0.82603,13.63,1.33,0.8324,14.28,0.68,0.82875,14.55,0.41,0.82644,13.74,1.22,0.83452,13.44,1.52,0.83439,13.67,1.29,0.82945,14.19,0.77,0.83091,13.31,1.65,0.83567,13.08,1.88,0.83697,12.83,2.13,0.84041,11.77,3.19,0.85042,14.94,0.02,0.82345,14.85,0.11,0.82754,14.4,0.56,0.83019,14.08,0.88,0.83501,14.02,0.94,0.83591,13.88,1.08,0.83014,12.73,2.23,0.83971,12.22,2.74,0.84314,12.27,2.69,0.8441,10.65,4.31,0.8652,13.91,1.05,0.83283,13.64,1.32,0.83697,13.2,1.76,0.83809,13.15,1.81,0.8381,13.14,1.82,0.84042,14.43,0.53,0.82759,14.62,0.34,0.82453,14.57,0.39,0.82174,14.14,0.82,0.82424,13.3,1.66,0.83242,15.21,-0.25,0.82007,14.61,0.35,0.82427,15.02,-0.06,0.82004,14.42,0.54,0.82675,14.42,0.54,0.82451
cifar10,resnet50,pruning_20,pruning_20,False,94.404,1,23520842,50.047,94.72,99.78,0.06844,98.262,100.006,97.082,97.965,98.43,85.35,9.37,0.05435,72.68,22.04,0.05955,56.62,38.1,0.18014,48.43,46.29,0.24502,41.82,52.9,0.29998,89.02,5.7,0.05283,84.02,10.7,0.04615,69.17,25.55,0.08805,61.8,32.92,0.14092,49.2,45.52,0.24216,92.39,2.33,0.06153,89.86,4.86,0.05441,85.28,9.44,0.05032,70.53,24.19,0.05734,48.36,46.36,0.22196,94.46,0.26,0.06738,93.59,1.13,0.06425,91.89,2.83,0.06128,89.21,5.51,0.05493,80.42,14.3,0.04487,65.44,29.28,0.09153,67.05,27.67,0.07972,70.12,24.6,0.0599,53.38,41.34,0.17394,55.93,38.79,0.15399,91.81,2.91,0.0591,87.52,7.2,0.05186,82.06,12.66,0.04874,82.31,12.41,0.04962,76.95,17.77,0.05587,91.17,3.55,0.05906,90.67,4.05,0.05727,88.67,6.05,0.0509,86.19,8.53,0.04783,81.11,13.61,0.04691,91.81,2.91,0.06009,83.82,10.9,0.0517,85.2,9.52,0.04976,82.51,12.21,0.05172,79.4,15.32,0.04898,91.51,3.21,0.0571,88.13,6.59,0.05816,80.63,14.09,0.04929,78.94,15.78,0.04852,69.44,25.28,0.08958,94.41,0.31,0.0684,94.11,0.61,0.06814,93.2,1.52,0.06576,91.8,2.92,0.05969,82.78,11.94,0.05161,94.5,0.22,0.06761,94.46,0.26,0.06784,94.25,0.47,0.06662,93.94,0.78,0.06672,93.05,1.67,0.06825,94.39,0.33,0.06713,93.44,1.28,0.0661,92.53,2.19,0.06403,91.05,3.67,0.0627,85.66,9.06,0.05142,91.26,3.46,0.05946,91.13,3.59,0.05757,89.08,5.64,0.05124,82.82,11.9,0.047,76.64,18.08,0.0481,92.64,2.08,0.06226,87.25,7.47,0.05334,81.26,13.46,0.05502,56.91,37.81,0.19568,40.95,53.77,0.30518,89.31,5.41,0.05519,84.6,10.12,0.05035,83.05,11.67,0.04569,80.68,14.04,0.04131,77.45,17.27,0.05407
cifar10,resnet50,pruning_50,pruning_50,False,94.404,1,23520842,53.192,94.68,99.83,0.07171,99.834,99.694,100.503,99.615,99.488,85.22,9.46,0.04913,72.15,22.53,0.05812,55.88,38.8,0.17872,48.83,45.85,0.23276,41.71,52.97,0.29568,88.67,6.01,0.05685,83.11,11.57,0.05357,68.18,26.5,0.08978,61.43,33.25,0.13603,49.33,45.35,0.23417,92.71,1.97,0.06386,89.91,4.77,0.05791,85.54,9.14,0.05349,71.79,22.89,0.05822,50.07,44.61,0.20503,94.49,0.19,0.06885,93.61,1.07,0.06465,91.88,2.8,0.06171,88.77,5.91,0.0541,79.51,15.17,0.05012,65.3,29.38,0.08749,67.63,27.05,0.06861,69.66,25.02,0.06377,53.82,40.86,0.16449,56.11,38.57,0.14586,91.45,3.23,0.05848,86.56,8.12,0.0534,80.97,13.71,0.0519,81.26,13.42,0.04847,75.55,19.13,0.05513,91.1,3.58,0.06092,90.29,4.39,0.056,87.93,6.75,0.05213,85.06,9.62,0.04745,79.77,14.91,0.04792,91.82,2.86,0.05861,84.13,10.55,0.0484,85.64,9.04,0.04554,82.25,12.43,0.05344,79.04,15.64,0.05512,91.57,3.11,0.06112,87.38,7.3,0.05584,79.88,14.8,0.05835,78.1,16.58,0.05292,68.2,26.48,0.09157,94.4,0.28,0.06727,94.1,0.58,0.06825,93.16,1.52,0.06806,91.54,3.14,0.05947,82.86,11.82,0.04846,94.47,0.21,0.06818,94.26,0.42,0.06744,94.07,0.61,0.0681,93.83,0.85,0.06863,92.82,1.86,0.06702,94.16,0.52,0.06726,93.18,1.5,0.0644,92.48,2.2,0.06606,91.13,3.55,0.06266,85.66,9.02,0.05548,90.72,3.96,0.05719,90.68,4,0.05643,88.85,5.83,0.04925,81.96,12.72,0.04891,75.8,18.88,0.04726,92.75,1.93,0.06251,87.34,7.34,0.05376,81.91,12.77,0.05544,57.66,37.02,0.18632,41.37,53.31,0.30403,89.2,5.48,0.05698,84.67,10.01,0.04801,83.09,11.59,0.0406,80.42,14.26,0.04526,77.3,17.38,0.04703
cifar10,resnet50,pruning_70,pruning_70,False,94.404,1,23520842,47.696,94.76,99.84,0.06797,98.581,97.758,98.56,99.682,98.118,85.42,9.34,0.04544,73.31,21.45,0.05308,57.33,37.43,0.17252,50.04,44.72,0.22759,42.9,51.86,0.28888,89.08,5.68,0.05065,83.82,10.94,0.04398,69.2,25.56,0.08638,62.46,32.3,0.13352,50.1,44.66,0.234,92.64,2.12,0.05949,89.97,4.79,0.05142,85.43,9.33,0.05148,72.01,22.75,0.04876,50.5,44.26,0.20658,94.52,0.24,0.06705,93.65,1.11,0.06438,91.62,3.14,0.05757,88.66,6.1,0.05004,80.19,14.57,0.04386,66.47,28.29,0.08221,68.74,26.02,0.06292,70.97,23.79,0.05886,54.75,40.01,0.15994,57.62,37.14,0.13748,91.69,3.07,0.056,86.9,7.86,0.04931,81.06,13.7,0.05028,81.23,13.53,0.04998,75.59,19.17,0.05414,91.09,3.67,0.06229,90.27,4.49,0.05354,88.31,6.45,0.049,85.3,9.46,0.04935,81.14,13.62,0.04433,91.65,3.11,0.05638,84.13,10.63,0.04706,85.43,9.33,0.04648,82.1,12.66,0.05352,79.34,15.42,0.04898,91.69,3.07,0.05748,87.58,7.18,0.05505,80.21,14.55,0.05551,78.76,16,0.0494,69.12,25.64,0.08884,94.59,0.17,0.06752,93.91,0.85,0.0642,92.98,1.78,0.06195,91.48,3.28,0.05482,81.52,13.24,0.0533,94.65,0.11,0.06861,94.51,0.25,0.06745,94.15,0.61,0.06695,93.78,0.98,0.06473,92.72,2.04,0.06149,94.4,0.36,0.06725,93.37,1.39,0.063,92.52,2.24,0.06223,91.11,3.65,0.06225,85.49,9.27,0.05376,90.93,3.83,0.05598,90.84,3.92,0.05643,89,5.76,0.0491,82.03,12.73,0.05004,75.78,18.98,0.0505,92.66,2.1,0.05899,87.49,7.27,0.05278,82.09,12.67,0.05583,59.11,35.65,0.1731,42.11,52.65,0.29365,89.33,5.43,0.05303,84.95,9.81,0.0478,83.4,11.36,0.04144,81.02,13.74,0.04539,77.95,16.81,0.05047
cifar10,resnet50,pruning_90,pruning_90,False,94.404,1,23520842,295.748,94.41,99.83,0.06673,102.311,102.586,102.455,101.76,102.51,84.55,9.86,0.04515,71.85,22.56,0.06121,55.27,39.14,0.18212,47.65,46.76,0.24063,40.15,54.26,0.30478,88.48,5.93,0.04864,83.12,11.29,0.04294,68,26.41,0.09253,60.81,33.6,0.1422,47.82,46.59,0.2465,92.18,2.23,0.05907,89.24,5.17,0.05229,84.82,9.59,0.04597,70.29,24.12,0.06001,48.1,46.31,0.21203,94.33,0.08,0.06691,93.54,0.87,0.06316,91.2,3.21,0.05955,88.28,6.13,0.04815,78.44,15.97,0.03696,65.6,28.81,0.08539,67.53,26.88,0.07019,70.39,24.02,0.05296,54.12,40.29,0.15735,56.64,37.77,0.14022,91.33,3.08,0.05713,86.45,7.96,0.04442,80.85,13.56,0.04385,81.06,13.35,0.04448,75.74,18.67,0.04356,91,3.41,0.05918,90.03,4.38,0.05406,87.44,6.97,0.04734,84.34,10.07,0.04189,78.91,15.5,0.0371,91.51,2.9,0.05619,83.97,10.44,0.0456,85.16,9.25,0.0448,82.31,12.1,0.046,78.89,15.52,0.04846,91.07,3.34,0.05584,87.2,7.21,0.0518,79.57,14.84,0.05241,78.05,16.36,0.04778,68.6,25.81,0.09152,94.21,0.2,0.06565,93.71,0.7,0.06522,92.71,1.7,0.06043,91.49,2.92,0.05772,82.16,12.25,0.047,94.3,0.11,0.06582,94.15,0.26,0.06776,93.95,0.46,0.06546,93.66,0.75,0.0662,92.59,1.82,0.0595,94.09,0.32,0.06521,92.94,1.47,0.06331,92.08,2.33,0.06247,90.73,3.68,0.0628,84.36,10.05,0.04969,90.59,3.82,0.05722,90.38,4.03,0.05477,88.76,5.65,0.04852,82.6,11.81,0.03919,76.59,17.82,0.04126,92.28,2.13,0.058,86.22,8.19,0.04542,79.84,14.57,0.0542,56.13,38.28,0.18992,40.09,54.32,0.29166,88.71,5.7,0.04754,84.23,10.18,0.04269,82.29,12.12,0.04006,79.83,14.58,0.04555,76.66,17.75,0.04943
cifar10,resnet50,kd_temp2,kd_temp2,False,94.403,1,23520842,250.473,95.18,99.9,0.07484,88.999,89.949,87.742,87.7,90.843,87.13,8.05,0.057,76.15,19.03,0.06326,60.31,34.87,0.12178,52.87,42.31,0.17463,45.42,49.76,0.23255,90.83,4.35,0.06127,86.54,8.64,0.05112,72.18,23,0.07522,65.17,30.01,0.09592,52.87,42.31,0.1789,93.28,1.9,0.06965,90.55,4.63,0.06589,87.21,7.97,0.05826,74.33,20.85,0.05842,54.3,40.88,0.13622,95.07,0.11,0.07499,94.41,0.77,0.07358,92.93,2.25,0.06941,90.38,4.8,0.06247,83.24,11.94,0.04437,69.37,25.81,0.06546,70.83,24.35,0.06606,73.12,22.06,0.05348,57.32,37.86,0.10951,59.57,35.61,0.09751,92.51,2.67,0.0677,88.64,6.54,0.05277,82.97,12.21,0.05391,83.77,11.41,0.04918,78.53,16.65,0.04918,92.39,2.79,0.0709,91.52,3.66,0.0655,89.65,5.53,0.0615,87.17,8.01,0.05417,82.52,12.66,0.04816,92.71,2.47,0.06471,86.17,9.01,0.04987,87.29,7.89,0.05167,84.11,11.07,0.04914,81.82,13.36,0.04802,92.82,2.36,0.06894,89.62,5.56,0.06209,82.89,12.29,0.05986,81.56,13.62,0.06128,72.82,22.36,0.07545,94.92,0.26,0.07355,94.4,0.78,0.07359,93.88,1.3,0.07075,92.61,2.57,0.06588,84.48,10.7,0.05238,95.18,0,0.07516,95.02,0.16,0.07539,94.74,0.44,0.07352,94.31,0.87,0.0719,93.47,1.71,0.07014,94.68,0.5,0.07331,94.13,1.05,0.07345,93.41,1.77,0.07129,92.14,3.04,0.06758,86.85,8.33,0.05853,91.88,3.3,0.06757,91.95,3.23,0.0667,90.5,4.68,0.06309,84.58,10.6,0.04976,79.25,15.93,0.03996,93.66,1.52,0.07225,88.02,7.16,0.05511,82.09,13.09,0.05463,58.75,36.43,0.16812,41.81,53.37,0.2925,90.24,4.94,0.0618,86.19,8.99,0.04994,84.47,10.71,0.0455,81.95,13.23,0.04656,78.28,16.9,0.04965
cifar10,resnet50,kd_temp4,kd_temp4,False,94.403,1,23520842,54.865,95.3,99.89,0.07559,89.346,90.679,87.601,88.14,91.299,86.48,8.82,0.05378,75.4,19.9,0.06582,60.48,34.82,0.12086,52.71,42.59,0.17881,45.98,49.32,0.23102,90.39,4.91,0.06203,85.86,9.44,0.05001,72.1,23.2,0.07395,65.3,30,0.09165,53.31,41.99,0.17771,93.52,1.78,0.07087,90.67,4.63,0.06175,87.26,8.04,0.05713,73.92,21.38,0.05514,52.79,42.51,0.15246,95.14,0.16,0.07445,94.49,0.81,0.0722,93.09,2.21,0.06971,90.43,4.87,0.0633,83.2,12.1,0.04659,68.16,27.14,0.06697,70.5,24.8,0.05957,72.29,23.01,0.0558,56.19,39.11,0.12183,59.03,36.27,0.10766,92.91,2.39,0.07024,88.79,6.51,0.0553,83.51,11.79,0.04832,84.03,11.27,0.05134,79.12,16.18,0.04777,91.94,3.36,0.06744,91.6,3.7,0.06625,89.57,5.73,0.05979,87.36,7.94,0.05386,82.61,12.69,0.04294,92.73,2.57,0.06549,85.76,9.54,0.04638,86.93,8.37,0.04877,84.01,11.29,0.04643,80.48,14.82,0.05346,92.65,2.65,0.06822,89.12,6.18,0.05929,82.38,12.92,0.05983,81.26,14.04,0.05003,72.23,23.07,0.07029,95.12,0.18,0.0745,94.85,0.45,0.07444,93.94,1.36,0.0718,92.51,2.79,0.06634,84.08,11.22,0.05033,95.27,0.03,0.07614,95.15,0.15,0.0753,94.87,0.43,0.07404,94.63,0.67,0.07422,93.69,1.61,0.0712,94.99,0.31,0.07495,94.22,1.08,0.07257,93.47,1.83,0.07147,91.98,3.32,0.06783,86.91,8.39,0.05408,92.12,3.18,0.06832,91.76,3.54,0.06407,90.53,4.77,0.06256,84.2,11.1,0.04731,78.64,16.66,0.04155,93.66,1.64,0.07135,88.47,6.83,0.05386,82.3,13,0.05751,58.82,36.48,0.16642,40.71,54.59,0.30066,89.91,5.39,0.05676,86.05,9.25,0.05044,84.05,11.25,0.04621,82.27,13.03,0.04353,77.96,17.34,0.05654
cifar10,resnet50,kd_temp8,kd_temp8,False,94.403,1,23520842,59.841,95.17,99.85,0.07424,92.135,95.311,90.718,91.535,91.769,85.67,9.5,0.04709,73.59,21.58,0.05706,57.55,37.62,0.14082,50.12,45.05,0.19665,43.1,52.07,0.25197,89.51,5.66,0.0556,84.67,10.5,0.04603,70.26,24.91,0.07551,63.31,31.86,0.10036,51.08,44.09,0.19336,93.28,1.89,0.06938,90.72,4.45,0.06155,86.94,8.23,0.05211,72.52,22.65,0.06007,51.61,43.56,0.16113,95.02,0.15,0.07358,94.38,0.79,0.07178,92.98,2.19,0.06924,90.48,4.69,0.06382,82.83,12.34,0.04601,66.12,29.05,0.07305,68.7,26.47,0.06321,70.39,24.78,0.05803,53.78,41.39,0.13355,56.35,38.82,0.12329,92.52,2.65,0.06618,88.5,6.67,0.05437,82.88,12.29,0.05142,83.09,12.08,0.05126,77.54,17.63,0.05245,92.18,2.99,0.07073,91.5,3.67,0.0666,89.84,5.33,0.06345,87.18,7.99,0.05505,81.95,13.22,0.04823,92.71,2.46,0.06417,85.31,9.86,0.04804,86.62,8.55,0.04723,83.94,11.23,0.05362,80.54,14.63,0.04529,92.27,2.9,0.06594,88.1,7.07,0.05701,81.43,13.74,0.05155,79.38,15.79,0.0559,69.95,25.22,0.07685,94.94,0.23,0.07376,94.63,0.54,0.07382,93.78,1.39,0.07158,92.57,2.6,0.06673,83.77,11.4,0.04879,95.02,0.15,0.07429,94.92,0.25,0.07452,94.78,0.39,0.07421,94.39,0.78,0.07328,93.36,1.81,0.07221,94.77,0.4,0.07254,93.88,1.29,0.07124,93.09,2.08,0.07114,91.61,3.56,0.0653,85.53,9.64,0.05517,91.75,3.42,0.06552,92.26,2.91,0.06891,90.28,4.89,0.06155,84.29,10.88,0.04668,78.02,17.15,0.04545,93.56,1.61,0.06898,88.53,6.64,0.0562,83.13,12.04,0.05404,59.53,35.64,0.15108,40.87,54.3,0.299,90.32,4.85,0.06246,86.54,8.63,0.04607,84.57,10.6,0.04862,82.67,12.5,0.04594,79.35,15.82,0.04684
cifar10,resnet50,structured_pruning_30,structured_pruning_30,False,94.408,1,23520842,50.836,94.48,99.85,0.06776,100.293,103.11,97.62,101.278,99.868,85,9.48,0.04939,71.66,22.82,0.06254,55.69,38.79,0.18189,47.59,46.89,0.24395,40.5,53.98,0.30662,88.64,5.84,0.0521,83.36,11.12,0.05003,68.11,26.37,0.09051,60.48,34,0.14662,47.69,46.79,0.24912,92.24,2.24,0.06293,89.19,5.29,0.05495,84.69,9.79,0.05073,69.17,25.31,0.06671,46.96,47.52,0.23058,94.3,0.18,0.06697,93.36,1.12,0.06366,91.72,2.76,0.05889,89.16,5.32,0.05399,80.4,14.08,0.04086,65.85,28.63,0.08403,67.61,26.87,0.07009,70.5,23.98,0.05617,53.16,41.32,0.16583,56.33,38.15,0.14704,91.74,2.74,0.05853,87.05,7.43,0.05024,81.48,13,0.04859,81.73,12.75,0.04711,76.49,17.99,0.05275,91.24,3.24,0.06,90.56,3.92,0.05676,88.86,5.62,0.05484,86.07,8.41,0.04779,81.66,12.82,0.04194,91.48,3,0.05544,83.84,10.64,0.04991,85.49,8.99,0.04896,82.33,12.15,0.04871,78.7,15.78,0.05391,91.45,3.03,0.05523,87.46,7.02,0.05493,79.98,14.5,0.05581,78.12,16.36,0.0548,68.18,26.3,0.09413,94.35,0.13,0.06747,93.85,0.63,0.06801,92.81,1.67,0.06075,91.4,3.08,0.05735,82.02,12.46,0.04661,94.44,0.04,0.06852,94.17,0.31,0.06708,94.08,0.4,0.06634,93.75,0.73,0.06507,92.47,2.01,0.06445,94.07,0.41,0.06818,93.08,1.4,0.0661,92.23,2.25,0.06173,90.78,3.7,0.06284,84.88,9.6,0.05779,90.84,3.64,0.05537,91.11,3.37,0.05794,89.05,5.43,0.05112,82.86,11.62,0.04585,76.78,17.7,0.04601,92.38,2.1,0.06233,86.65,7.83,0.05431,80.89,13.59,0.05149,57.32,37.16,0.18793,41.33,53.15,0.2887,88.96,5.52,0.05518,84.41,10.07,0.04811,82.88,11.6,0.04666,80.65,13.83,0.04586,77.71,16.77,0.04651
cifar10,resnet50,structured_pruning_50,structured_pruning_50,False,94.408,1,23520842,159.278,94.13,99.84,0.06931,103.262,102.706,104.44,103.186,102.578,84.33,9.8,0.04843,71.27,22.86,0.059,55.27,38.86,0.18078,47.91,46.22,0.23756,41.14,52.99,0.29624,88.61,5.52,0.05085,82.86,11.27,0.04649,67.66,26.47,0.08927,60.1,34.03,0.14561,48.2,45.93,0.24201,91.98,2.15,0.06102,89.37,4.76,0.05247,84.75,9.38,0.04651,69.87,24.26,0.0604,48.6,45.53,0.21172,93.97,0.16,0.06858,93.28,0.85,0.06658,91.2,2.93,0.05911,87.95,6.18,0.05538,78.02,16.11,0.04583,65.12,29.01,0.08192,67.11,27.02,0.067,69.25,24.88,0.06325,53.72,40.41,0.15348,56.44,37.69,0.13649,91.14,2.99,0.06052,86.22,7.91,0.04686,80.87,13.26,0.04506,80.7,13.43,0.04879,74.83,19.3,0.05477,90.5,3.63,0.06135,89.73,4.4,0.05654,87.17,6.96,0.05002,84.27,9.86,0.04201,78.81,15.32,0.04177,91.42,2.71,0.05847,84.11,10.02,0.04616,85.08,9.05,0.04259,82.37,11.76,0.05007,78.73,15.4,0.05421,91.35,2.78,0.0608,87.33,6.8,0.05045,79.72,14.41,0.05097,77.66,16.47,0.05498,68.24,25.89,0.08207,94.16,-0.03,0.07072,93.66,0.47,0.06835,92.68,1.45,0.0645,90.96,3.17,0.05974,81.78,12.35,0.04671,94.24,-0.11,0.07044,94.09,0.04,0.06987,93.88,0.25,0.06922,93.33,0.8,0.06716,92.17,1.96,0.06253,93.92,0.21,0.07003,92.8,1.33,0.06379,91.93,2.2,0.06274,90.39,3.74,0.06247,83.34,10.79,0.05472,90.26,3.87,0.05719,90.44,3.69,0.05748,88.38,5.75,0.05329,82.01,12.12,0.04326,76.18,17.95,0.04358,92.27,1.86,0.06528,86.7,7.43,0.05451,81.12,13.01,0.0525,57.81,36.32,0.17573,41.12,53.01,0.28979,88.87,5.26,0.05153,84.63,9.5,0.04269,82.72,11.41,0.04426,80.55,13.58,0.04735,77.42,16.71,0.0452
cifar10,resnet50,pruning_kd_70,pruning_kd_70,False,94.405,1,23520842,48.296,95.25,99.85,0.07594,89.475,91.995,86.899,89.142,90.496,86.41,8.84,0.05533,74.64,20.61,0.06507,59.43,35.82,0.13433,52.28,42.97,0.18808,45,50.25,0.24639,89.96,5.29,0.05904,85.22,10.03,0.05383,71.82,23.43,0.06837,64.38,30.87,0.10166,52.7,42.55,0.18915,93.37,1.88,0.06937,90.78,4.47,0.06454,87.49,7.76,0.05581,73.96,21.29,0.04906,52.21,43.04,0.16505,95.18,0.07,0.0765,94.36,0.89,0.07108,92.94,2.31,0.06632,90.6,4.65,0.06008,84.04,11.21,0.04574,68.33,26.92,0.06813,70.23,25.02,0.05886,72.01,23.24,0.05997,55.29,39.96,0.12909,58.95,36.3,0.10488,92.56,2.69,0.06834,88.81,6.44,0.05427,83.37,11.88,0.05099,83.79,11.46,0.04923,78.38,16.87,0.04943,92.31,2.94,0.06705,91.79,3.46,0.06501,90,5.25,0.05971,87.88,7.37,0.05343,83.67,11.58,0.05033,92.86,2.39,0.06747,85.6,9.65,0.04871,86.98,8.27,0.05141,84.22,11.03,0.04707,80.99,14.26,0.05084,92.22,3.03,0.06556,88.66,6.59,0.05945,82.09,13.16,0.05853,80.67,14.58,0.05249,71.38,23.87,0.07627,95.14,0.11,0.07585,94.59,0.66,0.07357,93.88,1.37,0.07055,92.69,2.56,0.06435,84.29,10.96,0.05297,95.29,-0.04,0.07587,95.06,0.19,0.07541,94.8,0.45,0.07425,94.33,0.92,0.0731,93.41,1.84,0.06939,95.03,0.22,0.07555,94,1.25,0.07218,93.1,2.15,0.06774,91.81,3.44,0.06485,86.28,8.97,0.05563,92.09,3.16,0.0671,91.7,3.55,0.06545,90.71,4.54,0.0622,84.89,10.36,0.04899,79.65,15.6,0.03739,93.61,1.64,0.06977,88.33,6.92,0.05261,83,12.25,0.05408,60.57,34.68,0.15455,41.76,53.49,0.29868,90.03,5.22,0.05683,85.92,9.33,0.04663,84.15,11.1,0.0447,82.24,13.01,0.04312,78.96,16.29,0.044
cifar10,resnet50,fp16,fp16,False,47.237,1.998,23520842,43.679,94.52,99.8,0.06963,99.995,100.021,99.981,99.999,99.987,85.09,9.43,0.04929,73.24,21.28,0.05535,56.77,37.75,0.16406,49.03,45.49,0.22512,41.86,52.66,0.2846,88.91,5.61,0.05369,83.79,10.73,0.04873,68.49,26.03,0.08224,61.39,33.13,0.1323,49.01,45.51,0.22976,92.02,2.5,0.06317,89.29,5.23,0.05844,85.11,9.41,0.05253,71.13,23.39,0.05775,49.42,45.1,0.20229,94.25,0.27,0.06731,93.47,1.05,0.06474,91.6,2.92,0.05883,88.43,6.09,0.05242,79.01,15.51,0.04242,66.04,28.48,0.07691,67.79,26.73,0.06453,70.34,24.18,0.0628,53.97,40.55,0.1548,56.36,38.16,0.13808,91.44,3.08,0.06023,86.84,7.68,0.05031,82,12.52,0.05025,82.13,12.39,0.04987,76.75,17.77,0.05547,90.83,3.69,0.05809,90.18,4.34,0.05621,87.79,6.73,0.05452,85.25,9.27,0.04901,79.88,14.64,0.04645,91.29,3.23,0.05611,83.63,10.89,0.04495,84.95,9.57,0.04503,82.47,12.05,0.0486,79.38,15.14,0.05026,91.5,3.02,0.05988,87.7,6.82,0.05543,80.88,13.64,0.05324,79.02,15.5,0.05224,69.53,24.99,0.07998,94.08,0.44,0.06913,93.82,0.7,0.06625,93.07,1.45,0.06437,91.44,3.08,0.05921,83.21,11.31,0.0477,94.28,0.24,0.06822,94.02,0.5,0.06672,93.83,0.69,0.06696,93.64,0.88,0.06824,92.77,1.75,0.06392,94.05,0.47,0.0688,93.12,1.4,0.06597,92.11,2.41,0.06569,90.49,4.03,0.06176,84.74,9.78,0.0524,90.72,3.8,0.05755,91,3.52,0.05964,88.8,5.72,0.04971,82.86,11.66,0.04279,76.85,17.67,0.04194,92.49,2.03,0.06165,86.61,7.91,0.05263,81.22,13.3,0.05854,58.21,36.31,0.17322,41.48,53.04,0.28813,89.21,5.31,0.05222,84.48,10.04,0.04675,82.7,11.82,0.04856,80.77,13.75,0.04631,77.66,16.86,0.05115
cifar10,vgg19,baseline,baseline,False,81.295,1,20303178,15.381,93.93,99.82,0.06772,100,100,100,100,100,85.68,8.25,0.0621,75.36,18.57,0.06921,62.05,31.88,0.12967,54.99,38.94,0.18129,48.55,45.38,0.23465,89.19,4.74,0.06498,84.54,9.39,0.06837,72.12,21.81,0.07366,65.87,28.06,0.10527,55.73,38.2,0.17875,89.53,4.4,0.06247,85.19,8.74,0.06012,80.29,13.64,0.05802,64.49,29.44,0.07954,45.12,48.81,0.22069,93.7,0.23,0.06631,92.7,1.23,0.06652,91.4,2.53,0.05917,87.86,6.07,0.0594,79.99,13.94,0.05777,62.86,31.07,0.10817,64.92,29.01,0.09305,68.64,25.29,0.07489,50.3,43.63,0.19602,53.32,40.61,0.17562,90.98,2.95,0.05947,86.95,6.98,0.05459,81.9,12.03,0.06311,82.19,11.74,0.05476,77.4,16.53,0.06029,91.01,2.92,0.06133,90.35,3.58,0.05755,88.23,5.7,0.05938,86.31,7.62,0.05656,82.58,11.35,0.05693,90.55,3.38,0.06038,83.25,10.68,0.0576,84.12,9.81,0.05976,81.88,12.05,0.06419,79.42,14.51,0.06104,91.21,2.72,0.06318,87.8,6.13,0.06612,81.59,12.34,0.06789,79.54,14.39,0.07003,71.7,22.23,0.07172,93.69,0.24,0.06952,93.12,0.81,0.06653,92.04,1.89,0.06837,90.75,3.18,0.06227,81.64,12.29,0.06265,93.74,0.19,0.06768,93.47,0.46,0.06551,93.4,0.53,0.0665,92.79,1.14,0.06765,92.1,1.83,0.06468,93.56,0.37,0.06801,92.41,1.52,0.06881,91.37,2.56,0.06798,89.97,3.96,0.06425,81.32,12.61,0.05455,90.26,3.67,0.0603,90.54,3.39,0.06056,88.92,5.01,0.05803,83.22,10.71,0.05842,77.35,16.58,0.05707,92.25,1.68,0.06465,89.24,4.69,0.061,85.88,8.05,0.0637,71.03,22.9,0.0877,50.22,43.71,0.26124,89.29,4.64,0.0594,86.16,7.77,0.05527,84.78,9.15,0.05467,83.01,10.92,0.06229,80.23,13.7,0.06342
cifar10,vgg19,pruning,pruning,False,81.295,1,20303178,13.431,93.71,99.84,0.06938,100.996,96.564,106.149,99.12,101.043,86.04,7.67,0.06335,76.32,17.39,0.06532,63.91,29.8,0.12058,57,36.71,0.17079,50.79,42.92,0.21956,89,4.71,0.07028,84.92,8.79,0.06379,73.41,20.3,0.06539,67.58,26.13,0.09988,57.87,35.84,0.16715,89.6,4.11,0.06653,85.85,7.86,0.05931,80.45,13.26,0.06138,65.53,28.18,0.08092,45.9,47.81,0.2193,93.53,0.18,0.06863,92.72,0.99,0.06842,90.75,2.96,0.0623,86.67,7.04,0.05885,76.62,17.09,0.06286,64.86,28.85,0.10035,66.75,26.96,0.08593,69.94,23.77,0.07658,51.95,41.76,0.18497,55.55,38.16,0.16134,90.4,3.31,0.06396,85.71,8,0.06186,80.56,13.15,0.06085,80.17,13.54,0.06281,75.38,18.33,0.06137,90.25,3.46,0.06137,89.5,4.21,0.05973,87.24,6.47,0.06018,84.77,8.94,0.06136,80.38,13.33,0.06281,90.44,3.27,0.06448,83.33,10.38,0.06131,84.29,9.42,0.05559,81.88,11.83,0.0636,79.41,14.3,0.06298,91.33,2.38,0.06657,88.24,5.47,0.0656,82.4,11.31,0.06451,80.63,13.08,0.06416,73.36,20.35,0.06662,93.4,0.31,0.06775,92.99,0.72,0.06611,91.97,1.74,0.06589,90.61,3.1,0.06358,82.11,11.6,0.05968,93.58,0.13,0.06853,93.41,0.3,0.06667,93.11,0.6,0.06794,92.95,0.76,0.06487,92.11,1.6,0.06714,93.34,0.37,0.06788,92.49,1.22,0.06745,91.77,1.94,0.06665,90.26,3.45,0.06455,82.28,11.43,0.06061,89.99,3.72,0.06348,90.19,3.52,0.05937,88.3,5.41,0.05528,82.83,10.88,0.05682,77.86,15.85,0.05919,92.13,1.58,0.06867,88.71,5,0.06246,85,8.71,0.06311,69.8,23.91,0.10299,49.12,44.59,0.27666,89.16,4.55,0.06239,86.08,7.63,0.05866,84.49,9.22,0.05868,82.39,11.32,0.06194,79.79,13.92,0.06415
cifar10,vgg19,ptq,ptq,True,20.447,3.976,nan,2.727,93.8,99.83,0.06997,100.582,100.391,100.277,100.573,101.04,85.69,8.11,0.06161,75.24,18.56,0.07045,62.05,31.75,0.1295,54.96,38.84,0.18242,48.47,45.33,0.23634,89.05,4.75,0.06546,84.48,9.32,0.06619,71.84,21.96,0.07702,65.74,28.06,0.10694,55.66,38.14,0.17876,89.54,4.26,0.0632,85.05,8.75,0.0613,79.99,13.81,0.05836,64.37,29.43,0.08087,44.95,48.85,0.22333,93.68,0.12,0.06693,92.85,0.95,0.06327,91.33,2.47,0.05895,87.98,5.82,0.06149,79.72,14.08,0.05994,62.93,30.87,0.1082,64.77,29.03,0.09509,68.52,25.28,0.07586,50.16,43.64,0.19861,53.4,40.4,0.17516,91.06,2.74,0.05922,86.92,6.88,0.05678,81.86,11.94,0.06342,82.07,11.73,0.05746,77.3,16.5,0.06209,90.97,2.83,0.06088,90.05,3.75,0.06003,88.24,5.56,0.05969,86.43,7.37,0.05743,82.45,11.35,0.05802,90.52,3.28,0.06114,83.07,10.73,0.05798,84.09,9.71,0.05917,81.78,12.02,0.065,79.34,14.46,0.06045,91.16,2.64,0.06349,87.91,5.89,0.06411,81.37,12.43,0.06908,79.4,14.4,0.06951,71.58,22.22,0.07026,93.58,0.22,0.06752,93.08,0.72,0.06673,92.02,1.78,0.06712,90.57,3.23,0.06105,81.57,12.23,0.06205,93.77,0.03,0.06848,93.46,0.34,0.06721,93.35,0.45,0.06514,92.76,1.04,0.0671,92.01,1.79,0.06517,93.49,0.31,0.06892,92.35,1.45,0.07005,91.34,2.46,0.06819,89.8,4,0.06363,80.29,13.51,0.05884,90.15,3.65,0.06208,90.6,3.2,0.05904,88.96,4.84,0.05801,83.19,10.61,0.05978,77.19,16.61,0.05848,92.19,1.61,0.06454,89.05,4.75,0.06215,85.74,8.06,0.0639,70.71,23.09,0.0906,49.9,43.9,0.26328,89.2,4.6,0.05902,86.35,7.45,0.05462,84.67,9.13,0.05553,82.8,11,0.06402,80.22,13.58,0.0632
cifar10,vgg19,qat,qat,True,20.447,3.976,nan,2.996,93.79,99.83,0.06834,100.569,98.863,101.672,99.902,101.413,86.06,7.73,0.06104,75.53,18.26,0.07091,62.65,31.14,0.12477,55.71,38.08,0.17425,49.22,44.57,0.22807,89.35,4.44,0.06603,84.78,9.01,0.06852,72.26,21.53,0.07653,66.5,27.29,0.10016,56.16,37.63,0.17362,89.54,4.25,0.06286,85.02,8.77,0.06108,80.29,13.5,0.0582,64.89,28.9,0.07686,45.88,47.91,0.2125,93.61,0.18,0.06828,92.66,1.13,0.06467,91.03,2.76,0.0585,87.64,6.15,0.05986,79.39,14.4,0.06076,63.26,30.53,0.10602,65.32,28.47,0.09024,68.74,25.05,0.07492,50.24,43.55,0.19826,53.75,40.04,0.17254,90.95,2.84,0.06131,86.55,7.24,0.0596,81.61,12.18,0.06328,81.64,12.15,0.05852,76.77,17.02,0.06298,90.82,2.97,0.06103,90.06,3.73,0.06204,88.01,5.78,0.05964,85.98,7.81,0.05774,82.05,11.74,0.05933,90.46,3.33,0.0616,83.21,10.58,0.05796,84.32,9.47,0.05874,82.06,11.73,0.0639,79.28,14.51,0.06336,91.27,2.52,0.06292,88.02,5.77,0.06666,81.74,12.05,0.06825,79.74,14.05,0.07239,71.87,21.92,0.07472,93.59,0.2,0.06912,93.06,0.73,0.0655,92.03,1.76,0.06792,90.62,3.17,0.06333,81.65,12.14,0.06351,93.66,0.13,0.06946,93.51,0.28,0.06756,93.33,0.46,0.06568,92.85,0.94,0.06763,92.13,1.66,0.06499,93.46,0.33,0.06967,92.47,1.32,0.06848,91.47,2.32,0.06667,89.97,3.82,0.06559,80.5,13.29,0.06092,90.11,3.68,0.05968,90.39,3.4,0.05939,88.57,5.22,0.05764,82.81,10.98,0.06029,77.17,16.62,0.05829,92.21,1.58,0.06391,89.11,4.68,0.06066,85.35,8.44,0.06252,70.34,23.45,0.09303,49.44,44.35,0.2682,89.27,4.52,0.06063,86.17,7.62,0.05536,84.66,9.13,0.05617,82.73,11.06,0.0639,80.3,13.49,0.06152
cifar10,vgg19,pruning_qat,pruning_qat,True,20.452,3.975,nan,3.814,93.86,99.81,0.06923,98.971,97.914,100.61,98.969,98.128,86.07,7.79,0.06715,75.53,18.33,0.07616,62.62,31.24,0.13137,55.75,38.11,0.18106,49.25,44.61,0.2376,89.25,4.61,0.06689,85.17,8.69,0.0673,72.61,21.25,0.07806,66.96,26.9,0.10183,56.33,37.53,0.1796,89.69,4.17,0.0639,85.24,8.62,0.06155,80.81,13.05,0.06177,65.81,28.05,0.07983,46.59,47.27,0.21236,93.72,0.14,0.06588,93.01,0.85,0.06588,91.16,2.7,0.06267,87.83,6.03,0.06041,79.32,14.54,0.06886,63.34,30.52,0.10662,65.6,28.26,0.09319,69.02,24.84,0.08047,50.09,43.77,0.20261,54.45,39.41,0.16772,90.99,2.87,0.0606,86.86,7,0.06033,81.86,12,0.06016,81.65,12.21,0.05609,76.61,17.25,0.06197,91.09,2.77,0.06372,90.34,3.52,0.05961,88.3,5.56,0.05787,86.27,7.59,0.05301,82.02,11.84,0.06,90.69,3.17,0.06311,83.34,10.52,0.06096,84.23,9.63,0.06026,82.17,11.69,0.06247,79.59,14.27,0.06376,91.22,2.64,0.06895,88.26,5.6,0.0656,81.52,12.34,0.07186,79.71,14.15,0.07211,71.85,22.01,0.0757,93.59,0.27,0.06804,93.23,0.63,0.06596,92.31,1.55,0.0684,90.72,3.14,0.06664,81.63,12.23,0.06443,93.75,0.11,0.06751,93.67,0.19,0.06818,93.38,0.48,0.06734,93.05,0.81,0.06716,92.28,1.58,0.06588,93.56,0.3,0.06816,92.62,1.24,0.07047,91.78,2.08,0.06765,90.33,3.53,0.06439,81.12,12.74,0.06511,90.32,3.54,0.0615,90.68,3.18,0.06225,88.64,5.22,0.05975,83.18,10.68,0.05951,77.49,16.37,0.05618,92.54,1.32,0.06296,89.54,4.32,0.06534,86.39,7.47,0.06294,72.62,21.24,0.07777,51.98,41.88,0.2457,89.33,4.53,0.0626,86.62,7.24,0.05877,85.12,8.74,0.05545,83.21,10.65,0.06173,80.68,13.18,0.06148
cifar10,vgg19,pruning_kd,pruning_kd,False,81.295,1,20303178,13.131,94.39,99.84,0.07892,92.931,93.603,94.723,90.869,92.698,87.23,7.16,0.06673,77.63,16.76,0.07059,64.64,29.75,0.09119,57.67,36.72,0.13994,50.98,43.41,0.19348,90.31,4.08,0.07153,86.46,7.93,0.06538,74.75,19.64,0.07093,68.53,25.86,0.08789,57.99,36.4,0.14037,90.79,3.6,0.07047,86.15,8.24,0.06344,81.37,13.02,0.05616,66.28,28.11,0.0714,46.2,48.19,0.18886,94.18,0.21,0.07949,93.38,1.01,0.07673,91.72,2.67,0.0709,88.36,6.03,0.07175,80.62,13.77,0.06424,64.92,29.47,0.10071,67.6,26.79,0.08357,70.21,24.18,0.0829,53.19,41.2,0.15223,55.63,38.76,0.13763,91.49,2.9,0.07125,87.72,6.67,0.06292,83.45,10.94,0.06661,83.37,11.02,0.06481,78.46,15.93,0.06932,91.13,3.26,0.06988,90.48,3.91,0.07237,88.85,5.54,0.06769,86.93,7.46,0.0635,83.71,10.68,0.06053,91.31,3.08,0.07015,84.81,9.58,0.06642,85.59,8.8,0.06013,83.38,11.01,0.06898,81.59,12.8,0.06236,92.03,2.36,0.0731,89.24,5.15,0.06997,83.11,11.28,0.0689,81.61,12.78,0.0708,73.95,20.44,0.07144,94.17,0.22,0.07663,93.77,0.62,0.07627,92.99,1.4,0.07546,91.43,2.96,0.07114,83.55,10.84,0.06801,94.18,0.21,0.07638,94,0.39,0.07648,93.88,0.51,0.07707,93.6,0.79,0.07556,92.78,1.61,0.07569,94.11,0.28,0.0771,93.21,1.18,0.07507,92.41,1.98,0.07501,91.11,3.28,0.07211,83.18,11.21,0.06015,90.99,3.4,0.07174,91.39,3,0.06983,89.45,4.94,0.06635,84.08,10.31,0.06304,79.52,14.87,0.05601,92.98,1.41,0.07378,90,4.39,0.07092,86.59,7.8,0.06494,71.93,22.46,0.08114,50.16,44.23,0.24573,90.29,4.1,0.06824,87.41,6.98,0.0639,86.02,8.37,0.06254,84.42,9.97,0.06038,81.92,12.47,0.06172
cifar10,vgg19,quant_int8,quant_int8,True,20.452,3.975,nan,3.436,93.85,99.83,0.06926,100.602,100.368,100.113,100.689,101.18,85.68,8.17,0.06116,75.2,18.65,0.07027,62.09,31.76,0.1296,54.89,38.96,0.1823,48.53,45.32,0.23574,89.14,4.71,0.06441,84.43,9.42,0.06687,71.96,21.89,0.07443,65.82,28.03,0.10643,55.69,38.16,0.17873,89.52,4.33,0.06248,84.97,8.88,0.06209,80.08,13.77,0.05893,64.2,29.65,0.08243,44.96,48.89,0.22326,93.72,0.13,0.06795,92.87,0.98,0.0658,91.36,2.49,0.05938,87.96,5.89,0.06159,80.04,13.81,0.05746,62.8,31.05,0.10938,64.79,29.06,0.09487,68.63,25.22,0.07542,50.26,43.59,0.19762,53.35,40.5,0.17612,91.07,2.78,0.06069,86.89,6.96,0.05763,81.87,11.98,0.06259,82.07,11.78,0.05714,77.32,16.53,0.06105,90.98,2.87,0.06002,90.14,3.71,0.06018,88.24,5.61,0.05934,86.36,7.49,0.05696,82.36,11.49,0.0583,90.5,3.35,0.06068,83.15,10.7,0.05824,84.14,9.71,0.05829,81.88,11.97,0.06449,79.44,14.41,0.06076,91.2,2.65,0.06274,87.9,5.95,0.06495,81.42,12.43,0.06841,79.4,14.45,0.07008,71.56,22.29,0.06958,93.55,0.3,0.06871,93.08,0.77,0.06647,91.97,1.88,0.06705,90.51,3.34,0.0629,81.49,12.36,0.06163,93.71,0.14,0.06659,93.45,0.4,0.06687,93.3,0.55,0.06631,92.79,1.06,0.06769,91.94,1.91,0.06506,93.47,0.38,0.06783,92.25,1.6,0.06939,91.32,2.53,0.06842,89.89,3.96,0.06388,80.18,13.67,0.06113,90.1,3.75,0.06024,90.4,3.45,0.06008,89.06,4.79,0.05877,83.14,10.71,0.05879,77.15,16.7,0.0591,92.19,1.66,0.0628,88.99,4.86,0.0625,85.78,8.07,0.06301,70.72,23.13,0.09057,49.9,43.95,0.26328,89.2,4.65,0.05849,86.18,7.67,0.05344,84.73,9.12,0.05662,82.86,10.99,0.06215,80.35,13.5,0.06203
cifar10,vgg19,sparsity,sparsity,False,81.295,1,20303178,19.056,93.9,99.81,0.07138,98.43,98.895,98.46,98.333,98.15,85.95,7.95,0.06632,75.65,18.25,0.07146,62.67,31.23,0.13783,55.79,38.11,0.19195,48.65,45.25,0.25243,89.38,4.52,0.06669,84.87,9.03,0.06637,72.67,21.23,0.07258,66.71,27.19,0.11255,55.91,37.99,0.1942,89.81,4.09,0.06473,85.43,8.47,0.06344,80.5,13.4,0.06606,64.77,29.13,0.0915,44.84,49.06,0.24471,93.88,0.02,0.07111,93,0.9,0.06995,91.63,2.27,0.06423,88.51,5.39,0.06361,80.58,13.32,0.05982,64.39,29.51,0.10922,66.37,27.53,0.09331,69.6,24.3,0.07616,51.35,42.55,0.20176,55.14,38.76,0.17,91.15,2.75,0.0636,86.62,7.28,0.06275,81.77,12.13,0.06033,81.53,12.37,0.05813,76.71,17.19,0.0597,91.03,2.87,0.06375,90.59,3.31,0.05974,88.54,5.36,0.0604,86.55,7.35,0.05735,82.51,11.39,0.05631,90.81,3.09,0.06167,83.21,10.69,0.06472,84.34,9.56,0.06324,82,11.9,0.06676,79.36,14.54,0.06556,91.62,2.28,0.06507,88.03,5.87,0.07065,81.9,12,0.06975,80.17,13.73,0.06704,72.29,21.61,0.0756,93.69,0.21,0.07218,93.34,0.56,0.06651,92.25,1.65,0.07023,90.92,2.98,0.06608,82.21,11.69,0.06597,93.85,0.05,0.06979,93.6,0.3,0.07126,93.32,0.58,0.06955,93.08,0.82,0.0715,92.06,1.84,0.06868,93.64,0.26,0.06816,92.67,1.23,0.07144,91.73,2.17,0.06689,90.33,3.57,0.06622,82.59,11.31,0.06133,90.34,3.56,0.06221,90.76,3.14,0.06479,88.9,5,0.06097,83.76,10.14,0.0599,77.57,16.33,0.06169,92.34,1.56,0.06695,89.38,4.52,0.06624,85.98,7.92,0.06199,71.49,22.41,0.08805,50.71,43.19,0.26388,89.36,4.54,0.06425,86.28,7.62,0.06277,84.58,9.32,0.06339,82.77,11.13,0.06446,80.65,13.25,0.06346
cifar10,vgg19,sparsity_quant_int8,sparsity_quant_int8,True,20.453,3.975,nan,4.3,94.03,99.84,0.06952,98.378,97.183,101.3,96.606,98.124,86.35,7.68,0.06089,76.29,17.74,0.06948,63.6,30.43,0.12395,56.29,37.74,0.17826,49.78,44.25,0.23163,89.53,4.5,0.06539,85.22,8.81,0.06336,72.9,21.13,0.07356,67.27,26.76,0.09966,56.58,37.45,0.17945,89.96,4.07,0.06537,85.59,8.44,0.06256,80.71,13.32,0.06205,65.61,28.42,0.07634,45.62,48.41,0.22178,93.81,0.22,0.07085,92.77,1.26,0.06946,91.01,3.02,0.06417,87.55,6.48,0.06335,78.95,15.08,0.06407,64.84,29.19,0.10089,66.72,27.31,0.08667,70.18,23.85,0.07654,51.33,42.7,0.19206,55.46,38.57,0.16182,90.75,3.28,0.06643,86.39,7.64,0.06579,81.04,12.99,0.06679,81.28,12.75,0.06356,76.47,17.56,0.06473,90.9,3.13,0.06267,90,4.03,0.06221,88.13,5.9,0.05932,86.21,7.82,0.05972,81.86,12.17,0.06109,90.71,3.32,0.06334,83.95,10.08,0.06214,84.87,9.16,0.05869,82.26,11.77,0.06712,79.82,14.21,0.06132,91.62,2.41,0.06746,88.28,5.75,0.07044,82.21,11.82,0.07271,80.58,13.45,0.07273,73.2,20.83,0.07085,93.77,0.26,0.06988,93.48,0.55,0.06497,92.5,1.53,0.06262,90.99,3.04,0.0663,82.08,11.95,0.06595,93.77,0.26,0.07055,93.64,0.39,0.07058,93.55,0.48,0.07212,93.19,0.84,0.06852,92.31,1.72,0.06713,93.66,0.37,0.06973,92.74,1.29,0.06844,92.07,1.96,0.07245,90.66,3.37,0.06874,82.61,11.42,0.06362,90.51,3.52,0.05666,90.51,3.52,0.06445,88.47,5.56,0.06097,83.1,10.93,0.05755,77.64,16.39,0.05788,92.47,1.56,0.06578,89.33,4.7,0.06404,85.97,8.06,0.06455,70.77,23.26,0.09298,49.14,44.89,0.27407,89.73,4.3,0.06001,86.48,7.55,0.06116,84.97,9.06,0.06087,83.31,10.72,0.0619,80.8,13.23,0.06256
cifar10,vgg19,clustering,clustering,False,81.295,1,20303178,18.046,88.82,99.51,0.18427,153.586,131.166,156.138,156.742,164.694,77.72,11.1,0.1177,65.92,22.9,0.04503,53.1,35.72,0.04931,47.46,41.36,0.07035,42.43,46.39,0.10151,82.4,6.42,0.14401,76.73,12.09,0.10855,62.62,26.2,0.04145,56.65,32.17,0.04109,46.69,42.13,0.08099,82.76,6.06,0.15551,75.6,13.22,0.1177,67.94,20.88,0.0771,50.23,38.59,0.03916,36.01,52.81,0.11784,88.6,0.22,0.1839,87.95,0.87,0.18555,85.6,3.22,0.17919,81.23,7.59,0.16315,71.37,17.45,0.12173,48,40.82,0.07541,49.72,39.1,0.06276,52.66,36.16,0.05214,38.74,50.08,0.13355,41.34,47.48,0.11419,82.92,5.9,0.15918,75.99,12.83,0.12001,67.85,20.97,0.06886,67.8,21.02,0.074,61.19,27.63,0.04796,85.1,3.72,0.18215,84.11,4.71,0.17679,81.95,6.87,0.16986,79.24,9.58,0.15706,74.93,13.89,0.13969,85.41,3.41,0.17158,77.02,11.8,0.12661,79.37,9.45,0.14519,77.18,11.64,0.13674,74.28,14.54,0.11959,85.29,3.53,0.16576,80.74,8.08,0.14182,73.25,15.57,0.10233,70.98,17.84,0.08422,63.01,25.81,0.04805,88.12,0.7,0.17939,86.61,2.21,0.17172,84.83,3.99,0.16452,81.48,7.34,0.14996,69.04,19.78,0.09514,89.1,-0.28,0.18594,89.23,-0.41,0.18769,89.04,-0.22,0.18768,88.35,0.47,0.18414,86.78,2.04,0.17755,87.47,1.35,0.17559,84.2,4.62,0.15996,81.7,7.12,0.14975,77.25,11.57,0.13351,54.87,33.95,0.04037,83.58,5.24,0.16483,84.26,4.56,0.17004,82.41,6.41,0.16468,76.59,12.23,0.14609,69.24,19.58,0.11064,85.74,3.08,0.16483,81.4,7.42,0.14382,77.6,11.22,0.13122,61.61,27.21,0.10363,41.36,47.46,0.25804,81.77,7.05,0.14721,78.35,10.47,0.13224,76.76,12.06,0.12744,75.25,13.57,0.12153,73.03,15.79,0.11404
cifar10,vgg19,clustering_quant_int8,clustering_quant_int8,True,20.454,3.975,nan,3.113,88.51,99.52,0.14693,179.649,132.267,169.552,205.359,199.571,76.98,11.53,0.082,65.94,22.57,0.03858,53.48,35.03,0.06403,47.9,40.61,0.08564,43.15,45.36,0.11247,80.79,7.72,0.10071,75.49,13.02,0.06915,63.1,25.41,0.04824,57.85,30.66,0.05324,49.31,39.2,0.0798,81.68,6.83,0.11586,74.34,14.17,0.08053,66.1,22.41,0.04669,48.76,39.75,0.06079,35.07,53.44,0.12795,87.88,0.63,0.14413,86.15,2.36,0.13819,83.07,5.44,0.12772,78.14,10.37,0.10764,66.86,21.65,0.06,48.89,39.62,0.08509,50.2,38.31,0.0787,52.21,36.3,0.06402,39.96,48.55,0.13337,40.98,47.53,0.13448,82.51,6,0.12202,75.31,13.2,0.08248,67.59,20.92,0.04433,67.54,20.97,0.04096,60.26,28.25,0.03432,82.03,6.48,0.13159,81.23,7.28,0.12769,78.54,9.97,0.1191,75.67,12.84,0.10464,70.56,17.95,0.0814,82.81,5.7,0.11806,71.66,16.85,0.05961,73.76,14.75,0.07611,69.1,19.41,0.0501,62.13,26.38,0.06117,80.47,8.04,0.10227,73.2,15.31,0.06452,62.48,26.03,0.04673,61.37,27.14,0.04582,52.07,36.44,0.07628,87.15,1.36,0.13842,84.82,3.69,0.12752,81.95,6.56,0.11579,76.93,11.58,0.09339,59.99,28.52,0.04096,87.51,1,0.13922,86.5,2.01,0.13436,85.23,3.28,0.12862,83.11,5.4,0.11583,78.2,10.31,0.09042,86.16,2.35,0.13422,80.17,8.34,0.10835,74.44,14.07,0.08534,63.59,24.92,0.04284,30.67,57.84,0.12145,81.49,7.02,0.11766,82.19,6.32,0.12175,79.64,8.87,0.11193,72.74,15.77,0.08816,64.18,24.33,0.0416,85,3.51,0.12911,79.63,8.88,0.09559,75.32,13.19,0.06387,60.61,27.9,0.09005,43,45.51,0.22146,80.34,8.17,0.10505,76.06,12.45,0.08435,74.39,14.12,0.07594,72.57,15.94,0.06587,70.45,18.06,0.05539
cifar10,vgg19,sparsity_clustering,sparsity_clustering,False,81.297,1,20303178,13.978,88.79,99.36,0.14589,160.907,118.473,161.283,179.507,173.757,79.28,9.51,0.08336,70.28,18.51,0.03772,59.6,29.19,0.0472,54.13,34.66,0.06773,48.82,39.97,0.102,82.66,6.13,0.10514,77.79,11,0.07171,66.67,22.12,0.03291,61.91,26.88,0.04218,54.17,34.62,0.07289,82.9,5.89,0.1158,76.36,12.43,0.07918,69.73,19.06,0.04901,55.46,33.33,0.03948,41.25,47.54,0.11283,88.19,0.6,0.14162,86.53,2.26,0.13242,83.64,5.15,0.11754,78.85,9.94,0.09914,68.63,20.16,0.05704,54.43,34.36,0.07511,55.53,33.26,0.06749,57.27,31.52,0.06363,44.27,44.52,0.14243,46.42,42.37,0.13092,82.96,5.83,0.11149,76.49,12.3,0.07798,68.67,20.12,0.04283,68.91,19.88,0.04397,61.7,27.09,0.04854,83.2,5.59,0.12083,81.85,6.94,0.11087,79.12,9.67,0.09635,76.39,12.4,0.08021,71.47,17.32,0.06023,83.9,4.89,0.11744,75.27,13.52,0.06767,76.8,11.99,0.08063,72.97,15.82,0.05871,67.78,21.01,0.03887,82.79,6,0.10408,77.14,11.65,0.07239,68.12,20.67,0.03342,66.62,22.17,0.03552,58.74,30.05,0.04943,88,0.79,0.13835,86.02,2.77,0.12486,83.93,4.86,0.11216,79.81,8.98,0.09327,65.79,23,0.04137,88.34,0.45,0.14131,87.69,1.1,0.13618,86.83,1.96,0.13047,85.53,3.26,0.12194,82.15,6.64,0.10131,87.52,1.27,0.13575,84.09,4.7,0.11494,80.78,8.01,0.09553,75.31,13.48,0.07186,50.12,38.67,0.05964,82.27,6.52,0.10978,82.99,5.8,0.11613,80.63,8.16,0.10363,75.53,13.26,0.08356,68.95,19.84,0.0536,85.02,3.77,0.11991,79.08,9.71,0.09612,74.1,14.69,0.08233,58.53,30.26,0.13922,40.88,47.91,0.28754,81.72,7.07,0.10096,77.43,11.36,0.08167,76.33,12.46,0.08478,74.52,14.27,0.08113,72.05,16.74,0.07248
cifar10,vgg19,sparsity_clustering_quant_int8,sparsity_clustering_quant_int8,True,20.455,3.974,nan,3.221,90.45,99.49,0.14797,138.822,99.647,165.039,138.297,142.51,84.48,5.97,0.11141,76.89,13.56,0.0688,66.63,23.82,0.03717,60.45,30,0.04971,55.51,34.94,0.05712,86.92,3.53,0.12495,83.09,7.36,0.10166,72.56,17.89,0.04496,67.87,22.58,0.03727,59.02,31.43,0.04738,85.76,4.69,0.12991,81.06,9.39,0.10992,75.26,15.19,0.0809,61.66,28.79,0.02639,46.73,43.72,0.06064,89.69,0.76,0.14381,87.73,2.72,0.1345,84.03,6.42,0.11724,78.38,12.07,0.08959,65.69,24.76,0.04872,58.84,31.61,0.06141,59.24,31.21,0.05944,62.48,27.97,0.05214,46.06,44.39,0.12563,49.11,41.34,0.10788,82.12,8.33,0.10058,73.77,16.68,0.0565,64.77,25.68,0.04889,64.73,25.72,0.04894,58.04,32.41,0.07034,83.33,7.12,0.11733,81.97,8.48,0.10744,78.75,11.7,0.09112,75.39,15.06,0.07149,69.91,20.54,0.05322,87.15,3.3,0.13288,80.99,9.46,0.09784,81.72,8.73,0.10733,79.08,11.37,0.0912,76.45,14,0.07325,87.91,2.54,0.12993,84.44,6.01,0.11036,78.12,12.33,0.07881,76.76,13.69,0.07346,70.63,19.82,0.04876,89.96,0.49,0.14389,88.73,1.72,0.13637,86.78,3.67,0.12452,83,7.45,0.1019,69.78,20.67,0.06,90.5,-0.05,0.14749,90.26,0.19,0.14497,89.85,0.6,0.14302,89.23,1.22,0.13824,87.53,2.92,0.13032,89.94,0.51,0.14398,87.99,2.46,0.13105,86.45,4,0.1239,83.58,6.87,0.11021,67.98,22.47,0.05377,83.6,6.85,0.1128,84.09,6.36,0.11777,80.3,10.15,0.09538,73.54,16.91,0.06632,67.89,22.56,0.05248,88.01,2.44,0.13352,84.87,5.58,0.11796,80.97,9.48,0.09088,65.48,24.97,0.09005,45.74,44.71,0.23986,85.78,4.67,0.12036,82.19,8.26,0.10319,80.84,9.61,0.0986,78.47,11.98,0.08262,75.81,14.64,0.06927
cifar10,vgg19,qat_only,qat_only,True,20.452,3.975,nan,3.248,93.81,99.85,0.06868,100.082,98.053,102.312,99.097,100.358,86.17,7.64,0.06274,75.83,17.98,0.07087,62.82,30.99,0.12337,56.23,37.58,0.16974,49.41,44.4,0.22741,89.32,4.49,0.06572,84.91,8.9,0.06885,72.72,21.09,0.07685,66.71,27.1,0.09898,56.51,37.3,0.17159,89.62,4.19,0.06247,85.15,8.66,0.06268,80.5,13.31,0.05907,65.3,28.51,0.07462,46.19,47.62,0.21149,93.58,0.23,0.06803,92.74,1.07,0.06471,91.13,2.68,0.0615,87.42,6.39,0.06063,79.12,14.69,0.0614,63.29,30.52,0.10624,65.3,28.51,0.09145,68.93,24.88,0.07458,50.58,43.23,0.19449,53.84,39.97,0.17194,90.91,2.9,0.06048,86.35,7.46,0.06034,81.36,12.45,0.06546,81.42,12.39,0.05848,76.57,17.24,0.06115,90.71,3.1,0.06269,89.92,3.89,0.05946,87.95,5.86,0.05894,85.77,8.04,0.0594,81.88,11.93,0.05869,90.57,3.24,0.05864,83.28,10.53,0.0607,84.22,9.59,0.05819,82.27,11.54,0.06366,79.59,14.22,0.06305,91.38,2.43,0.06464,88.16,5.65,0.06667,81.89,11.92,0.07048,79.9,13.91,0.07277,72.21,21.6,0.07251,93.67,0.14,0.06907,93.15,0.66,0.06593,92.15,1.66,0.06604,90.74,3.07,0.06309,81.88,11.93,0.06327,93.7,0.11,0.06781,93.59,0.22,0.06788,93.29,0.52,0.06837,92.83,0.98,0.06803,92.12,1.69,0.06434,93.42,0.39,0.06907,92.43,1.38,0.06932,91.6,2.21,0.06684,90.21,3.6,0.06224,81.17,12.64,0.05746,90.12,3.69,0.06139,90.31,3.5,0.06132,88.38,5.43,0.05814,82.7,11.11,0.05835,77.14,16.67,0.05651,92.23,1.58,0.06299,89.22,4.59,0.06332,85.86,7.95,0.06328,71.06,22.75,0.08825,50.23,43.58,0.26333,89.45,4.36,0.06158,86.45,7.36,0.05513,84.71,9.1,0.05722,82.83,10.98,0.06523,80.45,13.36,0.06401
cifar10,vgg19,qat_int8,qat_int8,True,20.452,3.975,nan,2.815,93.86,99.79,0.06751,99.934,98.327,101.583,99.169,100.257,85.97,7.89,0.06512,76.02,17.84,0.06778,62.73,31.13,0.12393,55.98,37.88,0.17254,49.28,44.58,0.22856,89.44,4.42,0.06474,84.95,8.91,0.06718,72.54,21.32,0.07402,66.63,27.23,0.09971,56.21,37.65,0.17406,89.68,4.18,0.06386,85.24,8.62,0.06234,80.28,13.58,0.0614,65.15,28.71,0.07607,46.08,47.78,0.21225,93.64,0.22,0.06835,92.78,1.08,0.06431,91.26,2.6,0.05903,87.63,6.23,0.06074,79.19,14.67,0.06124,63.49,30.37,0.104,65.46,28.4,0.09034,69.04,24.82,0.07536,50.54,43.32,0.19519,53.95,39.91,0.17161,91.08,2.78,0.05956,86.57,7.29,0.05991,81.46,12.4,0.06487,81.79,12.07,0.05643,76.76,17.1,0.06126,90.81,3.05,0.06033,89.89,3.97,0.05883,87.94,5.92,0.05846,85.88,7.98,0.05639,81.96,11.9,0.05768,90.56,3.3,0.05948,83.41,10.45,0.05785,84.37,9.49,0.05887,82.06,11.8,0.06379,79.72,14.14,0.06077,91.43,2.43,0.06355,88.13,5.73,0.06596,81.88,11.98,0.06868,80,13.86,0.07077,72.23,21.63,0.07314,93.64,0.22,0.06889,93.14,0.72,0.06509,92.13,1.73,0.06722,90.78,3.08,0.06367,81.7,12.16,0.06354,93.66,0.2,0.06807,93.51,0.35,0.06767,93.36,0.5,0.06624,92.85,1.01,0.06881,92.06,1.8,0.06406,93.42,0.44,0.06829,92.36,1.5,0.0713,91.69,2.17,0.06695,90.13,3.73,0.06303,81.29,12.57,0.05939,90.13,3.73,0.05979,90.49,3.37,0.06073,88.4,5.46,0.05805,83.05,10.81,0.05639,77.05,16.81,0.05941,92.3,1.56,0.06289,89.28,4.58,0.06195,85.83,8.03,0.06065,70.85,23.01,0.09032,50.01,43.85,0.26477,89.48,4.38,0.06234,86.31,7.55,0.05627,84.79,9.07,0.05684,82.88,10.98,0.06309,80.36,13.5,0.06338
cifar10,vgg19,cqat,cqat,True,20.447,3.976,nan,2.769,93.41,99.77,0.11947,100.883,96.033,101.579,100.835,103.873,87.04,6.37,0.08923,77.78,15.63,0.07078,65.71,27.7,0.06625,58.42,34.99,0.10508,51.52,41.89,0.15092,89.66,3.75,0.10054,86.13,7.28,0.08963,74.44,18.97,0.06811,68.77,24.64,0.06735,57.98,35.43,0.11448,89.2,4.21,0.10581,84.45,8.96,0.08907,79.38,14.03,0.07152,63.13,30.28,0.06354,44.03,49.38,0.16222,93.08,0.33,0.11775,92.23,1.18,0.11521,90.53,2.88,0.11134,87.04,6.37,0.09818,79.82,13.59,0.07286,66.57,26.84,0.06901,68.18,25.23,0.06103,72.05,21.36,0.05617,53.21,40.2,0.11793,57.4,36.01,0.08256,90.2,3.21,0.10879,86.3,7.11,0.08915,81.02,12.39,0.07256,81.51,11.9,0.0709,76.84,16.57,0.05466,90.01,3.4,0.11281,89.33,4.08,0.11046,87.53,5.88,0.10402,85.94,7.47,0.09829,82.49,10.92,0.08484,90.14,3.27,0.1078,83.54,9.87,0.08138,84.36,9.05,0.08633,82.38,11.03,0.08312,80.68,12.73,0.07213,91.47,1.94,0.11131,88.46,4.95,0.09641,83.14,10.27,0.08155,81.41,12,0.07918,74.4,19.01,0.07273,93.12,0.29,0.1183,92.51,0.9,0.11586,91.46,1.95,0.112,89.63,3.78,0.10495,80.69,12.72,0.07133,93.29,0.12,0.11838,93.08,0.33,0.11771,92.94,0.47,0.11778,92.6,0.81,0.11568,91.59,1.82,0.11077,92.96,0.45,0.11785,91.48,1.93,0.10931,90.52,2.89,0.10656,88.12,5.29,0.0956,74.02,19.39,0.05508,89.57,3.84,0.10656,90.05,3.36,0.11066,87.95,5.46,0.1039,82.48,10.93,0.08364,77.25,16.16,0.0676,92,1.41,0.11472,89.57,3.84,0.10457,86.52,6.89,0.09075,73.76,19.65,0.07144,52.96,40.45,0.17972,89.46,3.95,0.10396,86.68,6.73,0.09016,85.79,7.62,0.08872,83.88,9.53,0.08174,82.01,11.4,0.07474
cifar10,vgg19,cqat_int8,cqat_int8,True,20.452,3.975,nan,3.503,93.37,99.79,0.10274,101.289,94.078,103.546,102.289,103.441,87.23,6.14,0.0766,78.15,15.22,0.07196,66.35,27.02,0.07031,59.41,33.96,0.10408,52.63,40.74,0.14152,89.77,3.6,0.08861,86.32,7.05,0.07457,74.72,18.65,0.06744,69.43,23.94,0.06133,58.82,34.55,0.11495,89.14,4.23,0.08952,84.92,8.45,0.0763,79.67,13.7,0.06577,64.07,29.3,0.06229,45.63,47.74,0.15659,92.95,0.42,0.10048,92.17,1.2,0.09848,90.32,3.05,0.09483,86.8,6.57,0.07956,78.93,14.44,0.0636,65.63,27.74,0.0705,67.45,25.92,0.0642,71.16,22.21,0.06037,52.42,40.95,0.13011,56.41,36.96,0.09972,90.24,3.13,0.09275,86.21,7.16,0.07248,81.21,12.16,0.06438,81.12,12.25,0.06345,76.89,16.48,0.04986,89.92,3.45,0.09535,89.24,4.13,0.09415,87.23,6.14,0.08827,85.36,8.01,0.07805,81.93,11.44,0.06568,90.11,3.26,0.09075,83.14,10.23,0.07077,83.85,9.52,0.06813,81.73,11.64,0.07152,80.1,13.27,0.06705,91.33,2.04,0.09369,88.62,4.75,0.085,82.95,10.42,0.07469,81.3,12.07,0.07569,74.05,19.32,0.06938,92.95,0.42,0.10004,92.44,0.93,0.09925,91.45,1.92,0.09736,89.41,3.96,0.08939,80.08,13.29,0.07175,93.23,0.14,0.1011,93.04,0.33,0.10199,92.81,0.56,0.09898,92.67,0.7,0.09814,91.68,1.69,0.09427,92.85,0.52,0.10048,91.61,1.76,0.09467,90.66,2.71,0.09163,88.68,4.69,0.08657,75.46,17.91,0.05316,89.41,3.96,0.08981,89.82,3.55,0.0928,87.65,5.72,0.08472,81.86,11.51,0.06813,76.49,16.88,0.05844,91.89,1.48,0.09628,89.58,3.79,0.08729,86.81,6.56,0.07899,74.48,18.89,0.06328,53.91,39.46,0.18349,89.34,4.03,0.0849,86.63,6.74,0.07504,85.58,7.79,0.07424,83.62,9.75,0.07031,81.75,11.62,0.06552
cifar10,vgg19,pqat,pqat,True,20.447,3.976,nan,3.97,93.87,99.8,0.07005,99.647,98.761,101.758,98.092,99.754,85.94,7.93,0.06538,75.55,18.32,0.06996,62.73,31.14,0.129,55.8,38.07,0.17711,48.95,44.92,0.234,89.33,4.54,0.06582,85.03,8.84,0.06598,72.42,21.45,0.07352,66.44,27.43,0.10207,56.28,37.59,0.17854,89.61,4.26,0.0645,85.44,8.43,0.06194,80.8,13.07,0.06298,64.76,29.11,0.08546,45.12,48.75,0.22941,93.82,0.05,0.06901,92.88,0.99,0.06689,91.08,2.79,0.06149,87.76,6.11,0.06122,79.11,14.76,0.06662,64.37,29.5,0.10257,66.31,27.56,0.08907,69.75,24.12,0.07688,51.74,42.13,0.18839,54.78,39.09,0.16805,91.03,2.84,0.06072,86.86,7.01,0.05817,81.31,12.56,0.06106,81.3,12.57,0.06312,76.34,17.53,0.05962,90.53,3.34,0.06074,89.91,3.96,0.05895,87.8,6.07,0.05812,85.69,8.18,0.05737,81.2,12.67,0.06239,90.53,3.34,0.06249,83.27,10.6,0.05965,84.35,9.52,0.06012,82.06,11.81,0.06381,79.47,14.4,0.06237,91.45,2.42,0.06489,88.23,5.64,0.06704,82.17,11.7,0.06801,80.26,13.61,0.07005,72.36,21.51,0.07565,93.73,0.14,0.06717,93.36,0.51,0.06517,92.4,1.47,0.06394,90.77,3.1,0.06318,81.91,11.96,0.06502,93.89,-0.02,0.0676,93.65,0.22,0.06672,93.4,0.47,0.06878,93.1,0.77,0.06667,92.21,1.66,0.06648,93.79,0.08,0.06814,92.52,1.35,0.06828,91.63,2.24,0.0675,89.98,3.89,0.06735,80.35,13.52,0.05921,90.12,3.75,0.06105,90.77,3.1,0.05851,88.43,5.44,0.0605,82.46,11.41,0.06425,77.17,16.7,0.05904,92.6,1.27,0.06447,89.53,4.34,0.05994,86.46,7.41,0.05866,71.89,21.98,0.08346,50.57,43.3,0.26328,89.31,4.56,0.06406,86.37,7.5,0.05631,84.93,8.94,0.05653,83.25,10.62,0.0575,80.7,13.17,0.06307
cifar10,vgg19,pqat_int8,pqat_int8,True,20.452,3.975,nan,3.238,93.66,99.86,0.06968,101.058,99.569,104.724,99.446,100.119,85.8,7.86,0.06531,75.43,18.23,0.06894,62.62,31.04,0.12789,55.64,38.02,0.17596,48.94,44.72,0.23239,89.21,4.45,0.06718,84.52,9.14,0.06866,72.54,21.12,0.0728,66.4,27.26,0.10271,55.94,37.72,0.17796,89.7,3.96,0.06865,85.12,8.54,0.06401,80.11,13.55,0.06557,64.45,29.21,0.08363,44.4,49.26,0.22914,93.52,0.14,0.06815,92.83,0.83,0.06457,91.19,2.47,0.06052,87.73,5.93,0.06069,78.62,15.04,0.06483,62.85,30.81,0.11371,64.81,28.85,0.10033,68.35,25.31,0.07926,50.02,43.64,0.20322,53.67,39.99,0.1766,90.71,2.95,0.05996,86.14,7.52,0.05503,80.3,13.36,0.06089,80.23,13.43,0.05588,75.22,18.44,0.05693,90.51,3.15,0.0596,89.67,3.99,0.0594,87.59,6.07,0.06092,85.41,8.25,0.05714,80.98,12.68,0.05908,90.77,2.89,0.06306,83.49,10.17,0.05869,84.18,9.48,0.05867,82.16,11.5,0.06303,79.44,14.22,0.06474,91.33,2.33,0.06855,88.09,5.57,0.06464,81.6,12.06,0.07212,79.72,13.94,0.07037,72.02,21.64,0.07749,93.57,0.09,0.06832,93.08,0.58,0.06889,92.09,1.57,0.06882,90.58,3.08,0.0647,81.36,12.3,0.06299,93.75,-0.09,0.07099,93.64,0.02,0.06985,93.35,0.31,0.06936,93.08,0.58,0.06916,92.13,1.53,0.06602,93.37,0.29,0.07057,92.25,1.41,0.0717,91.39,2.27,0.0682,89.78,3.88,0.0652,80.93,12.73,0.05787,90.18,3.48,0.05939,90.52,3.14,0.06297,88.31,5.35,0.05568,82.64,11.02,0.05833,76.72,16.94,0.05879,92.29,1.37,0.06791,89.39,4.27,0.06397,86.41,7.25,0.06708,72.7,20.96,0.07572,52.34,41.32,0.23689,89.51,4.15,0.05987,86.41,7.25,0.05659,84.78,8.88,0.05541,82.68,10.98,0.06516,80.09,13.57,0.06714
cifar10,vgg19,pcqat,pcqat,True,20.447,3.976,nan,3.352,93.34,99.78,0.10622,101.086,95.957,102.436,102.123,102.546,86.77,6.57,0.08144,77.34,16,0.06218,65.78,27.56,0.05774,58.63,34.71,0.0954,51.8,41.54,0.15037,89.5,3.84,0.08875,85.9,7.44,0.07612,73.78,19.56,0.0637,68.45,24.89,0.0604,58.16,35.18,0.10237,89.31,4.03,0.09484,84.26,9.08,0.07966,79.48,13.86,0.06516,64.06,29.28,0.05591,44.72,48.62,0.16029,92.97,0.37,0.10496,92.11,1.23,0.10362,90.49,2.85,0.10038,87.1,6.24,0.08774,79.6,13.74,0.06299,66.5,26.84,0.05742,67.96,25.38,0.05686,71.5,21.84,0.06006,53.21,40.13,0.11564,56.18,37.16,0.09527,90.1,3.24,0.09473,86.35,6.99,0.07887,81.52,11.82,0.06799,81.47,11.87,0.06044,77.02,16.32,0.05366,90.09,3.25,0.10235,89.31,4.03,0.09981,87.19,6.15,0.09237,85.53,7.81,0.08543,81.74,11.6,0.07319,89.84,3.5,0.09397,83.08,10.26,0.06866,83.94,9.4,0.07244,81.61,11.73,0.07146,79.54,13.8,0.06935,91.33,2.01,0.0992,88.24,5.1,0.08276,82.44,10.9,0.06874,80.85,12.49,0.06736,73.11,20.23,0.06192,93.26,0.08,0.10713,92.65,0.69,0.10512,91.56,1.78,0.10077,89.98,3.36,0.09642,81.29,12.05,0.06127,93.25,0.09,0.10558,93.03,0.31,0.10417,92.8,0.54,0.10386,92.54,0.8,0.10262,91.62,1.72,0.09839,93.05,0.29,0.10525,91.86,1.48,0.09945,90.96,2.38,0.09674,88.94,4.4,0.08812,77.16,16.18,0.05547,89.67,3.67,0.09674,89.95,3.39,0.09935,87.95,5.39,0.09458,81.95,11.39,0.07379,76.67,16.67,0.05666,91.89,1.45,0.10136,89.3,4.04,0.09265,86.52,6.82,0.08173,73.06,20.28,0.07081,52.61,40.73,0.18639,89.23,4.11,0.0892,86.67,6.67,0.08111,85.61,7.73,0.07944,83.7,9.64,0.07167,81.62,11.72,0.06851
cifar10,vgg19,pcqat_int8,pcqat_int8,True,20.452,3.975,nan,3.498,93.42,99.83,0.09688,102.835,98.684,105.675,101.942,104.003,86.66,6.76,0.07298,76.6,16.82,0.06845,64.21,29.21,0.08633,57.02,36.4,0.1212,49.86,43.56,0.17261,89.19,4.23,0.08495,85.62,7.8,0.07488,73.56,19.86,0.06695,67.48,25.94,0.07693,56.55,36.87,0.12519,89.26,4.16,0.08502,84.29,9.13,0.07342,79.17,14.25,0.06241,62.78,30.64,0.07342,43.38,50.04,0.18545,93.17,0.25,0.09866,92.36,1.06,0.09264,90.48,2.94,0.08753,86.67,6.75,0.07528,78.2,15.22,0.06105,65.97,27.45,0.06696,67.62,25.8,0.06189,71.05,22.37,0.06068,52.73,40.69,0.13337,56.26,37.16,0.10652,90.15,3.27,0.08416,85.95,7.47,0.06786,80.13,13.29,0.06515,80.39,13.03,0.06237,75.3,18.12,0.05604,89.87,3.55,0.08824,89.09,4.33,0.08815,86.89,6.53,0.07832,84.76,8.66,0.0736,80.85,12.57,0.06237,89.9,3.52,0.08464,83.26,10.16,0.06772,83.89,9.53,0.07073,81.85,11.57,0.06976,79.67,13.75,0.07079,91.28,2.14,0.08731,88.16,5.26,0.08048,81.98,11.44,0.07345,80.29,13.13,0.07196,72.54,20.88,0.07288,93.28,0.14,0.09729,92.77,0.65,0.09494,91.79,1.63,0.09033,89.82,3.6,0.08382,80.83,12.59,0.06629,93.41,0.01,0.09635,93.25,0.17,0.09629,93.01,0.41,0.09544,92.61,0.81,0.09356,91.82,1.6,0.09023,93.11,0.31,0.09553,91.76,1.66,0.09165,90.86,2.56,0.08585,88.95,4.47,0.08033,76.58,16.84,0.05521,89.71,3.71,0.08389,90.12,3.3,0.0883,87.83,5.59,0.08158,81.91,11.51,0.06631,77.17,16.25,0.05658,91.93,1.49,0.09211,89.04,4.38,0.07937,85.95,7.47,0.07499,71.26,22.16,0.06061,50.14,43.28,0.22462,89.37,4.05,0.08121,86.49,6.93,0.07184,85.43,7.99,0.06898,83.67,9.75,0.06795,81.34,12.08,0.06824
cifar10,vgg19,pruning_20,pruning_20,False,81.295,1,20303178,15.297,93.86,99.84,0.06965,97.479,95.952,99.237,96.428,97.917,86.54,7.32,0.06668,76.45,17.41,0.06556,63.89,29.97,0.1235,56.64,37.22,0.1799,50.06,43.8,0.23356,89.37,4.49,0.06928,85.65,8.21,0.06637,73.68,20.18,0.06535,67.81,26.05,0.09904,57.2,36.66,0.1772,89.75,4.11,0.06568,85.54,8.32,0.06501,80.86,13,0.06238,65.91,27.95,0.07703,47.18,46.68,0.21129,93.73,0.13,0.0721,93.02,0.84,0.06834,91.33,2.53,0.06344,88.14,5.72,0.06474,79.87,13.99,0.06542,65.41,28.45,0.0977,67.15,26.71,0.08628,70.55,23.31,0.07649,52.17,41.69,0.18838,56.1,37.76,0.15927,91.1,2.76,0.06017,86.69,7.17,0.06101,81.63,12.23,0.06146,81.59,12.27,0.05661,76.55,17.31,0.05936,90.98,2.88,0.0626,90.34,3.52,0.06245,88.28,5.58,0.06131,86,7.86,0.06107,82.19,11.67,0.06016,90.79,3.07,0.06463,84.01,9.85,0.06134,84.69,9.17,0.06056,82.36,11.5,0.06722,80.08,13.78,0.06924,91.48,2.38,0.06726,88.16,5.7,0.07065,82.71,11.15,0.06939,80.74,13.12,0.06895,73.33,20.53,0.07013,93.63,0.23,0.06979,93.45,0.41,0.06815,92.27,1.59,0.07094,91.03,2.83,0.06552,82.81,11.05,0.06524,93.74,0.12,0.06876,93.64,0.22,0.06931,93.42,0.44,0.07014,93.13,0.73,0.0704,92.17,1.69,0.06702,93.71,0.15,0.07107,92.82,1.04,0.07023,92.19,1.67,0.06697,90.6,3.26,0.06425,82.53,11.33,0.06422,90.37,3.49,0.05985,90.67,3.19,0.06469,88.78,5.08,0.06061,83.3,10.56,0.06112,78.16,15.7,0.05563,92.41,1.45,0.06648,89.19,4.67,0.06385,85.65,8.21,0.06377,70.48,23.38,0.09776,49.35,44.51,0.27756,89.43,4.43,0.06279,86.39,7.47,0.05958,85.12,8.74,0.05567,83.53,10.33,0.05971,80.55,13.31,0.06474
cifar10,vgg19,pruning_50,pruning_50,False,81.295,1,20303178,13.66,93.86,99.84,0.06773,100.647,103.3,100.783,98.628,100.541,86.1,7.76,0.06371,75.21,18.65,0.06953,60.84,33.02,0.13606,53.18,40.68,0.19197,45.93,47.93,0.25444,89.49,4.37,0.06725,85.15,8.71,0.06879,71.77,22.09,0.07776,64.87,28.99,0.11074,53.43,40.43,0.19347,89.33,4.53,0.06556,84.68,9.18,0.06343,79.65,14.21,0.05968,62.81,31.05,0.09146,41.74,52.12,0.24591,93.5,0.36,0.06969,92.73,1.13,0.06672,91.09,2.77,0.06342,87.64,6.22,0.0638,79.48,14.38,0.06827,64.61,29.25,0.0977,66.74,27.12,0.08201,70.46,23.4,0.07838,51.64,42.22,0.18875,55.75,38.11,0.15539,90.81,3.05,0.06516,86.77,7.09,0.05861,81.59,12.27,0.06489,81.4,12.46,0.06737,77.05,16.81,0.06227,90.59,3.27,0.06114,90.02,3.84,0.06139,87.92,5.94,0.0632,85.99,7.87,0.05947,81.96,11.9,0.06046,90.23,3.63,0.06438,83.35,10.51,0.06365,84.39,9.47,0.05872,81.92,11.94,0.06997,79.74,14.12,0.06577,91.52,2.34,0.0673,88.45,5.41,0.06937,81.95,11.91,0.07297,80.5,13.36,0.07342,72.72,21.14,0.07404,93.55,0.31,0.06865,93,0.86,0.0691,92.17,1.69,0.06779,90.65,3.21,0.06835,82.46,11.4,0.06788,93.79,0.07,0.07043,93.66,0.2,0.07003,93.38,0.48,0.07264,92.87,0.99,0.07036,91.81,2.05,0.06927,93.42,0.44,0.06854,92.25,1.61,0.07025,91.54,2.32,0.06862,90.14,3.72,0.06251,81.61,12.25,0.05982,89.85,4.01,0.06615,90.21,3.65,0.06473,88.38,5.48,0.05953,82.82,11.04,0.06057,77.79,16.07,0.05691,92.19,1.67,0.0646,89.19,4.67,0.06581,85.78,8.08,0.06617,70.88,22.98,0.08749,50.41,43.45,0.25879,89.41,4.45,0.06467,86.06,7.8,0.06129,84.67,9.19,0.0606,82.51,11.35,0.06733,80.15,13.71,0.06647
cifar10,vgg19,pruning_70,pruning_70,False,81.295,1,20303178,14.487,93.84,99.78,0.07086,98.45,97.742,100.54,97.114,98.227,86.3,7.54,0.06764,76.07,17.77,0.06924,63.53,30.31,0.12515,56.25,37.59,0.18015,49.33,44.51,0.23689,89.38,4.46,0.06766,85.19,8.65,0.06942,73.13,20.71,0.06811,66.86,26.98,0.10665,56.42,37.42,0.18259,90.19,3.65,0.06484,85.85,7.99,0.06343,81,12.84,0.06278,64.89,28.95,0.08556,44.47,49.37,0.23685,93.78,0.06,0.06966,93.01,0.83,0.0693,91.28,2.56,0.06343,88.07,5.77,0.05993,79.39,14.45,0.067,62.78,31.06,0.11827,65.3,28.54,0.09902,69.14,24.7,0.07871,50.51,43.33,0.20451,53.96,39.88,0.17786,91.03,2.81,0.06415,86.93,6.91,0.06433,81.79,12.05,0.06149,81.71,12.13,0.05783,76.69,17.15,0.06131,90.98,2.86,0.06248,90.38,3.46,0.06192,88.29,5.55,0.06196,86.13,7.71,0.0642,81.97,11.87,0.06135,90.88,2.96,0.06419,83.42,10.42,0.06184,84.45,9.39,0.06074,82.08,11.76,0.0665,79.54,14.3,0.06459,91.62,2.22,0.06731,88.33,5.51,0.06909,82.23,11.61,0.06657,80.33,13.51,0.07108,72.53,21.31,0.06853,93.78,0.06,0.07108,93.28,0.56,0.07024,92.37,1.47,0.0696,91.33,2.51,0.06329,82.26,11.58,0.06921,93.98,-0.14,0.07064,93.78,0.06,0.06951,93.42,0.42,0.0681,93.21,0.63,0.06908,92.09,1.75,0.06897,93.65,0.19,0.07118,92.87,0.97,0.06911,92.16,1.68,0.0664,90.6,3.24,0.06509,82.65,11.19,0.06231,90.47,3.37,0.06143,90.66,3.18,0.06365,88.42,5.42,0.06207,82.73,11.11,0.06332,77.19,16.65,0.05906,92.42,1.42,0.0649,89.4,4.44,0.06293,86.05,7.79,0.06557,71.2,22.64,0.08915,50.38,43.46,0.2609,89.59,4.25,0.0602,86.37,7.47,0.05837,84.76,9.08,0.06065,83.21,10.63,0.05969,80.38,13.46,0.06581
cifar10,vgg19,pruning_90,pruning_90,False,81.295,1,20303178,12.529,93.96,99.82,0.07041,99.688,99.139,102.85,98.135,98.492,85.94,8.02,0.06167,75.46,18.5,0.06605,62.11,31.85,0.13544,54.87,39.09,0.1901,48.36,45.6,0.24492,89.4,4.56,0.0626,84.73,9.23,0.06613,72.21,21.75,0.0728,66.04,27.92,0.11021,55.63,38.33,0.18528,89.69,4.27,0.06739,85.75,8.21,0.05738,80.87,13.09,0.05826,65.59,28.37,0.07402,45.56,48.4,0.21808,93.76,0.2,0.06866,92.94,1.02,0.06735,91.19,2.77,0.05921,87.65,6.31,0.05914,78.17,15.79,0.06489,63.86,30.1,0.10487,65.62,28.34,0.09372,69.32,24.64,0.07596,51.03,42.93,0.19328,54.6,39.36,0.16716,90.99,2.97,0.05863,86.61,7.35,0.05196,81.33,12.63,0.05626,81.03,12.93,0.0586,76.11,17.85,0.05591,90.71,3.25,0.06108,89.85,4.11,0.05837,87.81,6.15,0.05844,85.35,8.61,0.05845,81.15,12.81,0.05913,90.7,3.26,0.06138,83.46,10.5,0.05836,84.46,9.5,0.05953,82.35,11.61,0.05895,79.36,14.6,0.06202,91.47,2.49,0.06439,88.05,5.91,0.06747,82.08,11.88,0.06607,80.13,13.83,0.06743,72.32,21.64,0.07128,93.93,0.03,0.06934,93.4,0.56,0.06309,92.33,1.63,0.06793,90.67,3.29,0.06405,81.68,12.28,0.0634,93.93,0.03,0.07113,93.7,0.26,0.07235,93.41,0.55,0.07095,93.04,0.92,0.07015,92.11,1.85,0.06818,93.84,0.12,0.06601,92.79,1.17,0.06871,92.02,1.94,0.0686,90.66,3.3,0.06371,82.58,11.38,0.05918,90.16,3.8,0.06104,90.69,3.27,0.06105,88.39,5.57,0.05459,82.45,11.51,0.05863,76.47,17.49,0.05873,92.35,1.61,0.06597,89.69,4.27,0.06188,86.25,7.71,0.06483,71.82,22.14,0.08049,50.47,43.49,0.25761,89.54,4.42,0.05914,86.38,7.58,0.0575,84.92,9.04,0.05905,83.13,10.83,0.05816,80.25,13.71,0.06572
cifar10,vgg19,kd_temp2,kd_temp2,False,81.295,1,20303178,14.52,94,99.91,0.07506,96.054,101.305,94.974,94.324,94.925,86.48,7.52,0.06896,76.05,17.95,0.06761,61.43,32.57,0.12188,53.85,40.15,0.18155,46.23,47.77,0.24611,89.87,4.13,0.07305,85.9,8.1,0.06122,71.86,22.14,0.08028,65.5,28.5,0.09554,53.11,40.89,0.19397,90.33,3.67,0.06713,86.37,7.63,0.0636,81,13,0.05631,63.32,30.68,0.0822,41.56,52.44,0.2415,93.94,0.06,0.07502,93.26,0.74,0.07133,91.92,2.08,0.07147,89.06,4.94,0.06951,80.39,13.61,0.06495,64.17,29.83,0.09285,65.91,28.09,0.0847,69.29,24.71,0.08822,51.22,42.78,0.16944,55.09,38.91,0.14563,91.7,2.3,0.06752,87.89,6.11,0.05919,83.19,10.81,0.06002,82.93,11.07,0.06299,78.41,15.59,0.06803,91.35,2.65,0.0702,90.89,3.11,0.06632,89.17,4.83,0.06039,87.35,6.65,0.06272,83.46,10.54,0.05917,91.02,2.98,0.06836,83.81,10.19,0.06332,85.18,8.82,0.05846,82.78,11.22,0.06699,80.28,13.72,0.06622,91.69,2.31,0.07202,88.66,5.34,0.06874,82.44,11.56,0.06738,80.44,13.56,0.07006,71.97,22.03,0.08104,93.81,0.19,0.07412,93.36,0.64,0.07208,92.78,1.22,0.07107,91.15,2.85,0.06964,83.48,10.52,0.0598,93.96,0.04,0.07418,93.81,0.19,0.07424,93.78,0.22,0.07278,93.62,0.38,0.07412,92.84,1.16,0.07106,93.8,0.2,0.07096,92.99,1.01,0.07147,92.02,1.98,0.07066,90.45,3.55,0.06784,81.18,12.82,0.05748,91.27,2.73,0.06842,91.31,2.69,0.06929,89.39,4.61,0.06277,84.14,9.86,0.05674,78.78,15.22,0.05795,92.82,1.18,0.07195,89.82,4.18,0.0677,87.03,6.97,0.06717,72.96,21.04,0.08301,51.33,42.67,0.23664,89.91,4.09,0.06571,86.93,7.07,0.06439,85.5,8.5,0.0636,83.73,10.27,0.06716,81.52,12.48,0.06338
cifar10,vgg19,kd_temp4,kd_temp4,False,81.295,1,20303178,15.242,94.38,99.88,0.07728,93.769,97.363,93.091,92.138,93.384,86.72,7.66,0.06705,76.01,18.37,0.07106,62.17,32.21,0.11031,54.91,39.47,0.16017,47.58,46.8,0.21768,90.39,3.99,0.06931,85.93,8.45,0.06366,73.28,21.1,0.07417,66.62,27.76,0.08699,55.74,38.64,0.15611,90.47,3.91,0.06906,86.75,7.63,0.06326,81.68,12.7,0.0587,65.71,28.67,0.07017,45.52,48.86,0.18995,94.21,0.17,0.07628,93.55,0.83,0.0734,91.95,2.43,0.07128,88.65,5.73,0.0655,81.39,12.99,0.06339,65.13,29.25,0.08237,66.18,28.2,0.08418,69.4,24.98,0.08212,52.17,42.21,0.15703,55.22,39.16,0.14219,91.69,2.69,0.07326,87.89,6.49,0.06557,84.06,10.32,0.06582,84.04,10.34,0.06579,79.6,14.78,0.06972,91.12,3.26,0.07004,90.86,3.52,0.0675,89.16,5.22,0.0652,87.32,7.06,0.06151,83.9,10.48,0.05832,91.25,3.13,0.06937,84.36,10.02,0.06264,85.16,9.22,0.05962,82.99,11.39,0.06258,80.84,13.54,0.06418,92.02,2.36,0.0739,88.94,5.44,0.07132,83.1,11.28,0.06724,81.57,12.81,0.06744,73.85,20.53,0.07564,94.2,0.18,0.07843,93.68,0.7,0.07586,93.05,1.33,0.07426,91.29,3.09,0.07136,83.32,11.06,0.06652,94.19,0.19,0.07785,93.95,0.43,0.0757,93.77,0.61,0.07598,93.54,0.84,0.07397,92.57,1.81,0.07454,94.08,0.3,0.07632,93.01,1.37,0.07668,92.29,2.09,0.07311,90.91,3.47,0.0693,82.57,11.81,0.06324,91.03,3.35,0.07167,91.13,3.25,0.06959,89.9,4.48,0.06589,84.41,9.97,0.05948,78.87,15.51,0.05985,93,1.38,0.07436,89.85,4.53,0.07037,87.21,7.17,0.06817,72.25,22.13,0.08964,51.4,42.98,0.23664,90.14,4.24,0.06427,87.29,7.09,0.06385,85.77,8.61,0.06068,83.92,10.46,0.06113,81.26,13.12,0.06907
cifar10,vgg19,kd_temp8,kd_temp8,False,81.295,1,20303178,13.261,94.19,99.85,0.07864,94.916,97.133,96.175,93.17,93.742,86.68,7.51,0.06666,75.82,18.37,0.06636,61.55,32.64,0.1117,54.39,39.8,0.16857,47.47,46.72,0.22592,90.34,3.85,0.0686,86.04,8.15,0.06054,73.13,21.06,0.07501,66.44,27.75,0.08744,55.1,39.09,0.16249,90.9,3.29,0.07305,86.76,7.43,0.06445,81.59,12.6,0.05687,66.98,27.21,0.06529,46.92,47.27,0.17923,94,0.19,0.07791,93.41,0.78,0.07635,91.59,2.6,0.07132,88.22,5.97,0.06955,80.07,14.12,0.06343,63.86,30.33,0.08957,65.47,28.72,0.08336,68.43,25.76,0.08333,51.44,42.75,0.15791,53.98,40.21,0.14616,91.47,2.72,0.0716,87.78,6.41,0.06893,83.49,10.7,0.06134,83.18,11.01,0.06295,79.08,15.11,0.06435,91.17,3.02,0.07099,90.79,3.4,0.06954,88.89,5.3,0.06493,87.06,7.13,0.06301,82.9,11.29,0.05838,91.1,3.09,0.07324,84.18,10.01,0.06152,85.54,8.65,0.05589,82.92,11.27,0.06641,80.49,13.7,0.06428,92.02,2.17,0.0713,88.33,5.86,0.07537,81.92,12.27,0.06916,80.6,13.59,0.06714,72.27,21.92,0.07262,93.83,0.36,0.07967,93.53,0.66,0.0771,93.02,1.17,0.07568,91.4,2.79,0.07079,83.79,10.4,0.06542,94.13,0.06,0.07837,94.01,0.18,0.07924,93.88,0.31,0.07739,93.69,0.5,0.07576,92.72,1.47,0.07506,93.95,0.24,0.07934,93.11,1.08,0.07916,92.02,2.17,0.07501,90.82,3.37,0.07316,82.35,11.84,0.06177,90.64,3.55,0.07106,90.97,3.22,0.07109,89.39,4.8,0.07183,83.65,10.54,0.05995,78.37,15.82,0.04952,92.86,1.33,0.07326,90.29,3.9,0.06942,87.42,6.77,0.06266,73.19,21,0.07882,52.41,41.78,0.21334,90.06,4.13,0.0685,87.14,7.05,0.06301,85.94,8.25,0.06244,84.08,10.11,0.06051,81.83,12.36,0.06088
cifar10,vgg19,structured_pruning_30,structured_pruning_30,False,81.297,1,20303178,15.808,93.16,99.8,0.06956,106.104,104.297,107.549,105.634,106.484,85.23,7.93,0.05983,73.74,19.42,0.07437,59.94,33.22,0.14188,52.65,40.51,0.19733,46.18,46.98,0.25138,88.39,4.77,0.06955,84.13,9.03,0.06338,70.34,22.82,0.07743,64.23,28.93,0.11339,52.91,40.25,0.1995,89.07,4.09,0.05855,84.59,8.57,0.05629,79.29,13.87,0.05804,64.53,28.63,0.07701,44.24,48.92,0.22766,93.15,0.01,0.0665,92.35,0.81,0.06307,90.84,2.32,0.06202,87.17,5.99,0.05812,78.91,14.25,0.06305,62.48,30.68,0.10528,64.72,28.44,0.08979,67.88,25.28,0.08828,49.83,43.33,0.19378,53.3,39.86,0.16881,89.98,3.18,0.06439,85.58,7.58,0.05986,79.99,13.17,0.06426,79.26,13.9,0.06894,74.37,18.79,0.0753,89.83,3.33,0.0584,89.13,4.03,0.06051,87.23,5.93,0.05766,85.07,8.09,0.05821,80.68,12.48,0.06058,89.78,3.38,0.05846,82.25,10.91,0.06124,83.24,9.92,0.05373,80.81,12.35,0.05957,78.62,14.54,0.0638,90.58,2.58,0.06538,87.15,6.01,0.06746,80.46,12.7,0.07079,79,14.16,0.06745,70.34,22.82,0.08239,93.01,0.15,0.06678,92.7,0.46,0.06578,91.84,1.32,0.06609,89.95,3.21,0.06334,81.34,11.82,0.05891,93.12,0.04,0.06892,93.12,0.04,0.06782,92.82,0.34,0.06885,92.53,0.63,0.0696,91.45,1.71,0.06795,92.93,0.23,0.06657,91.99,1.17,0.06509,90.97,2.19,0.06506,89.54,3.62,0.06247,79.26,13.9,0.06165,89.15,4.01,0.05748,89.65,3.51,0.06057,87.65,5.51,0.05874,81.41,11.75,0.06018,75.12,18.04,0.06251,91.79,1.37,0.06463,88.65,4.51,0.06054,85.4,7.76,0.06333,69.97,23.19,0.0922,49.95,43.21,0.25656,88.63,4.53,0.0609,85.51,7.65,0.05599,83.88,9.28,0.05678,82.02,11.14,0.05831,79.44,13.72,0.06355
cifar10,vgg19,structured_pruning_50,structured_pruning_50,False,81.297,1,20303178,15.055,92.22,99.71,0.06547,119.852,122.33,121.255,119.212,117.228,82.14,10.08,0.05989,68.16,24.06,0.08339,53.19,39.03,0.18444,44.57,47.65,0.25782,38.73,53.49,0.30716,86.83,5.39,0.05851,80.86,11.36,0.0622,64.29,27.93,0.10395,57.26,34.96,0.15555,44.93,47.29,0.25762,87.25,4.97,0.05701,82.2,10.02,0.05212,75.6,16.62,0.05331,57.14,35.08,0.11507,36.84,55.38,0.28135,92.06,0.16,0.06423,91.11,1.11,0.06379,88.93,3.29,0.05894,84.97,7.25,0.05687,76.64,15.58,0.06314,57.36,34.86,0.12215,59.99,32.23,0.09823,63.71,28.51,0.08398,45.13,47.09,0.20632,48.87,43.35,0.18175,88.14,4.08,0.05863,83.38,8.84,0.05428,77.61,14.61,0.06295,77.44,14.78,0.06275,72.83,19.39,0.06993,87.87,4.35,0.06047,87.43,4.79,0.05735,85.19,7.03,0.0541,83.23,8.99,0.05049,78.94,13.28,0.0537,88.17,4.05,0.05481,79.06,13.16,0.06195,80.39,11.83,0.05407,78.74,13.48,0.06168,75.98,16.24,0.06262,89.45,2.77,0.0604,85.63,6.59,0.05801,78.01,14.21,0.06977,76.17,16.05,0.07189,67.05,25.17,0.094,92.14,0.08,0.06551,91.79,0.43,0.06499,90.89,1.33,0.06484,89.16,3.06,0.0599,79.28,12.94,0.06196,92.13,0.09,0.06455,92,0.22,0.06297,91.79,0.43,0.06355,91.5,0.72,0.06257,90.5,1.72,0.06189,92.02,0.2,0.06467,90.88,1.34,0.06132,89.71,2.51,0.06115,87.57,4.65,0.05976,75.77,16.45,0.0386,87.87,4.35,0.05342,88.15,4.07,0.05735,86.27,5.95,0.05352,80.21,12.01,0.04961,74.26,17.96,0.05589,90.5,1.72,0.06163,86.76,5.46,0.05854,83.73,8.49,0.05951,67.88,24.34,0.09602,47.27,44.95,0.27403,87.38,4.84,0.05907,83.93,8.29,0.05108,82.78,9.44,0.0542,80.73,11.49,0.05909,78.23,13.99,0.05816
cifar10,vgg19,pruning_kd_70,pruning_kd_70,False,81.296,1,20303178,16.352,94.18,99.85,0.07632,94.614,97.264,94.833,93.977,93.047,86.53,7.65,0.07073,76.03,18.15,0.07053,62.45,31.73,0.11112,55.52,38.66,0.16059,48.54,45.64,0.21894,90.07,4.11,0.0698,85.8,8.38,0.06614,72.75,21.43,0.07583,66.32,27.86,0.09267,55.65,38.53,0.16686,90.29,3.89,0.06955,86.16,8.02,0.06323,81.16,13.02,0.06373,65.93,28.25,0.07816,47.08,47.1,0.18548,94.04,0.14,0.07786,93.35,0.83,0.0751,91.99,2.19,0.07521,88.81,5.37,0.0686,80.63,13.55,0.06573,64.34,29.84,0.09382,66.41,27.77,0.0829,68.93,25.25,0.08129,51.21,42.97,0.17438,54.38,39.8,0.15124,92.01,2.17,0.06787,87.77,6.41,0.06662,83.76,10.42,0.06655,83.55,10.63,0.06239,78.89,15.29,0.06852,91.44,2.74,0.07184,90.57,3.61,0.07062,88.93,5.25,0.06677,87.04,7.14,0.06245,83.01,11.17,0.0616,91.02,3.16,0.06953,84.4,9.78,0.06117,85.24,8.94,0.05995,82.76,11.42,0.07078,80.58,13.6,0.06395,91.95,2.23,0.0737,88.97,5.21,0.07223,82.18,12,0.06959,80.74,13.44,0.06962,72.32,21.86,0.07607,93.96,0.22,0.07889,93.4,0.78,0.07668,92.89,1.29,0.07437,91.39,2.79,0.06729,83.19,10.99,0.07202,94.02,0.16,0.07582,93.75,0.43,0.07696,93.62,0.56,0.07729,93.47,0.71,0.0753,92.68,1.5,0.073,93.79,0.39,0.07931,92.9,1.28,0.07534,92.12,2.06,0.07314,90.86,3.32,0.07334,83.02,11.16,0.06406,91.22,2.96,0.06758,91.35,2.83,0.07162,89.45,4.73,0.07092,83.96,10.22,0.06446,78.94,15.24,0.05967,93.03,1.15,0.07303,89.83,4.35,0.06802,87.08,7.1,0.06781,72.78,21.4,0.08687,52.09,42.09,0.22968,90.3,3.88,0.06703,87.27,6.91,0.06176,85.79,8.39,0.06402,84.3,9.88,0.06396,81.71,12.47,0.06326
cifar10,vgg19,fp16,fp16,False,40.66,1.999,20303178,13.498,93.93,99.82,0.06793,99.992,99.939,99.975,99.994,100.048,85.69,8.24,0.06247,75.36,18.57,0.06927,62.08,31.85,0.12967,54.99,38.94,0.18132,48.61,45.32,0.23407,89.19,4.74,0.06486,84.54,9.39,0.0682,72.13,21.8,0.07363,65.89,28.04,0.10517,55.76,38.17,0.17829,89.56,4.37,0.06251,85.2,8.73,0.0603,80.3,13.63,0.05752,64.5,29.43,0.07951,45.17,48.76,0.2202,93.68,0.25,0.06638,92.7,1.23,0.06653,91.4,2.53,0.05971,87.89,6.04,0.05963,80,13.93,0.05783,62.9,31.03,0.10784,64.93,29,0.09304,68.64,25.29,0.0749,50.32,43.61,0.19588,53.31,40.62,0.17579,90.98,2.95,0.05988,86.95,6.98,0.05449,81.9,12.03,0.06295,82.22,11.71,0.0549,77.41,16.52,0.06005,91.01,2.92,0.06161,90.35,3.58,0.05773,88.22,5.71,0.05936,86.33,7.6,0.05648,82.56,11.37,0.05703,90.54,3.39,0.06079,83.23,10.7,0.05798,84.1,9.83,0.05976,81.89,12.04,0.06453,79.43,14.5,0.06043,91.21,2.72,0.06369,87.8,6.13,0.06616,81.57,12.36,0.06781,79.54,14.39,0.07028,71.7,22.23,0.07166,93.68,0.25,0.06935,93.13,0.8,0.0665,92.05,1.88,0.068,90.76,3.17,0.06197,81.66,12.27,0.06243,93.72,0.21,0.06785,93.47,0.46,0.06552,93.4,0.53,0.06637,92.81,1.12,0.06747,92.1,1.83,0.06408,93.56,0.37,0.06771,92.39,1.54,0.06907,91.38,2.55,0.06788,89.95,3.98,0.06457,81.32,12.61,0.05478,90.25,3.68,0.06028,90.54,3.39,0.06054,88.94,4.99,0.05758,83.22,10.71,0.05874,77.31,16.62,0.05734,92.25,1.68,0.06496,89.22,4.71,0.06066,85.87,8.06,0.06371,70.99,22.94,0.0882,50.19,43.74,0.26129,89.29,4.64,0.05928,86.17,7.76,0.05507,84.78,9.15,0.05468,83.03,10.9,0.06197,80.2,13.73,0.06351
cifar10,mobilenetv2,baseline,baseline,False,9.192,1,2236682,16.208,77.78,98.87,0.08473,100,100,100,100,100,63.73,14.05,0.02448,49.89,27.89,0.08936,36.29,41.49,0.20098,31.23,46.55,0.24641,27.01,50.77,0.28675,69.69,8.09,0.05366,61.85,15.93,0.02839,45.25,32.53,0.1269,38.95,38.83,0.18212,30.22,47.56,0.26053,73.59,4.19,0.08338,67.03,10.75,0.05809,60.13,17.65,0.0268,42.25,35.53,0.10552,28.02,49.76,0.2339,77.5,0.28,0.08409,74.67,3.11,0.06889,68.91,8.87,0.03301,61.58,16.2,0.03368,51.4,26.38,0.08636,46.64,31.14,0.08357,48.83,28.95,0.06287,50.37,27.41,0.06298,38.41,39.37,0.14394,40.1,37.68,0.12396,72.11,5.67,0.07178,66.28,11.5,0.05176,62.03,15.75,0.0406,62.15,15.63,0.03996,57.93,19.85,0.02468,66.37,11.41,0.03315,63.9,13.88,0.01924,59.58,18.2,0.02915,55.81,21.97,0.04131,49.9,27.88,0.07267,72.92,4.86,0.07041,58.45,19.33,0.04027,62.14,15.64,0.02392,59.72,18.06,0.02059,52.88,24.9,0.06626,71.81,5.97,0.06712,63.73,14.05,0.0295,51.56,26.22,0.08173,49.7,28.08,0.09845,38.96,38.82,0.1909,77.4,0.38,0.08828,75.83,1.95,0.09043,73.72,4.06,0.08844,70.68,7.1,0.08496,60.52,17.26,0.0492,77.68,0.1,0.08403,77.15,0.63,0.08072,76.41,1.37,0.07797,75.49,2.29,0.07574,72.87,4.91,0.06668,76.53,1.25,0.08305,71.44,6.34,0.06879,66.91,10.87,0.04989,59.69,18.09,0.02944,38.09,39.69,0.10369,71.36,6.42,0.06819,70.77,7.01,0.06064,66.67,11.11,0.03537,60.51,17.27,0.02037,57.91,19.87,0.02207,75.15,2.63,0.07739,69.59,8.19,0.04372,65.22,12.56,0.0349,49.54,28.24,0.13715,36.33,41.45,0.27004,72.38,5.4,0.06254,70.07,7.71,0.05849,68.96,8.82,0.05286,67.29,10.49,0.0441,65.32,12.46,0.0335
cifar10,mobilenetv2,pruning,pruning,False,9.193,1,2236682,20.034,85.76,99.42,0.07299,74.632,85.547,73.81,69.251,72.648,72.47,13.29,0.04161,57.21,28.55,0.10559,41.96,43.8,0.22957,36.1,49.66,0.28205,30.92,54.84,0.33244,78.46,7.3,0.04398,70.31,15.45,0.05086,53.08,32.68,0.14022,45.61,40.15,0.203,35.06,50.7,0.29815,81.68,4.08,0.06057,76.2,9.56,0.03907,70.46,15.3,0.03339,51.13,34.63,0.11645,33.94,51.82,0.26579,85.38,0.38,0.07227,84.16,1.6,0.07111,81.2,4.56,0.06421,76.11,9.65,0.05228,66.77,18.99,0.05507,52.7,33.06,0.12706,55.57,30.19,0.09923,58.12,27.64,0.08198,42.69,43.07,0.20623,45,40.76,0.18205,81.22,4.54,0.06523,74.97,10.79,0.03985,68.84,16.92,0.03886,68.68,17.08,0.03716,63.33,22.43,0.05597,79.86,5.9,0.06322,78.58,7.18,0.06148,75.23,10.53,0.05136,72.2,13.56,0.04317,66.82,18.94,0.04365,80.94,4.82,0.05075,67.48,18.28,0.05154,71.36,14.4,0.04036,68.25,17.51,0.04215,63.18,22.58,0.06251,81.07,4.69,0.05377,75.5,10.26,0.03887,65.66,20.1,0.06347,63.37,22.39,0.07285,52.4,33.36,0.14869,85.45,0.31,0.07205,84.75,1.01,0.07215,83.54,2.22,0.06959,81.36,4.4,0.0619,73.29,12.47,0.04113,85.85,-0.09,0.07433,85.49,0.27,0.07292,84.94,0.82,0.07039,84.51,1.25,0.06969,82.83,2.93,0.06478,85.09,0.67,0.06978,81.69,4.07,0.05475,78.98,6.78,0.04398,74.3,11.46,0.0312,55.31,30.45,0.06591,80.58,5.18,0.06287,80.77,4.99,0.06206,78.5,7.26,0.05425,72.93,12.83,0.04183,67.15,18.61,0.0298,83.64,2.12,0.0639,78.87,6.89,0.04728,74.26,11.5,0.04501,57.35,28.41,0.12832,40.61,45.15,0.28709,81.05,4.71,0.05496,78.05,7.71,0.04645,76.86,8.9,0.04325,75.74,10.02,0.039,73.46,12.3,0.03206
cifar10,mobilenetv2,ptq,ptq,True,2.618,3.511,nan,5.471,77.68,98.87,0.08731,100.71,101.075,100.096,100.918,100.843,63.15,14.53,0.02133,49.15,28.53,0.09185,35.66,42.02,0.20676,30.89,46.79,0.25061,26.7,50.98,0.28928,68.9,8.78,0.04889,61.25,16.43,0.03255,44.64,33.04,0.13245,38.57,39.11,0.18791,29.82,47.86,0.26412,73.14,4.54,0.08171,66.36,11.32,0.05513,59.45,18.23,0.02813,41.78,35.9,0.10857,27.45,50.23,0.23928,77.27,0.41,0.08456,74.48,3.2,0.06944,68.91,8.77,0.03625,61.64,16.04,0.02787,51.51,26.17,0.0839,45.91,31.77,0.09072,48.02,29.66,0.06797,49.41,28.27,0.06932,38.2,39.48,0.14648,39.51,38.17,0.12995,72.27,5.41,0.07574,66.41,11.27,0.05363,62.24,15.44,0.04449,62.18,15.5,0.04116,58.12,19.56,0.02776,66.77,10.91,0.03991,64.01,13.67,0.02167,59.38,18.3,0.02684,56.2,21.48,0.0382,50.35,27.33,0.0667,72.63,5.05,0.07114,57.72,19.96,0.04158,61.59,16.09,0.0272,58.85,18.83,0.0219,52.61,25.07,0.06681,71.66,6.02,0.0679,63.61,14.07,0.03041,51.03,26.65,0.0847,49.2,28.48,0.1025,38.86,38.82,0.19032,77.15,0.53,0.08893,75.61,2.07,0.09194,73.78,3.9,0.09217,70.22,7.46,0.08466,60.43,17.25,0.05111,77.48,0.2,0.08499,76.98,0.7,0.08193,76.1,1.58,0.07751,75.12,2.56,0.07413,72.75,4.93,0.06751,76.58,1.1,0.08683,71.02,6.66,0.06798,66.36,11.32,0.04761,58.68,19,0.02869,36.85,40.83,0.12197,71.11,6.57,0.06832,70.68,7,0.06182,66.82,10.86,0.03802,60.66,17.02,0.01905,57.89,19.79,0.0236,74.91,2.77,0.07721,69.21,8.47,0.04324,65.02,12.66,0.0362,49.2,28.48,0.13836,36.17,41.51,0.27227,72.04,5.64,0.06169,69.62,8.06,0.05682,68.59,9.09,0.05174,67.11,10.57,0.04381,65.1,12.58,0.03349
cifar10,mobilenetv2,qat,qat,True,2.618,3.511,nan,5.943,80.68,99.08,0.06077,90.687,96.783,89.478,87.94,90.072,66.99,13.69,0.03378,51.43,29.25,0.1385,37.1,43.58,0.26522,31.58,49.1,0.31993,27.06,53.62,0.36697,72.89,7.79,0.02859,64.84,15.84,0.04592,46.46,34.22,0.18287,40.51,40.17,0.2361,30.32,50.36,0.33573,76.42,4.26,0.05064,69.66,11.02,0.02866,62.56,18.12,0.03539,43.33,37.35,0.16995,28.27,52.41,0.31683,80.46,0.22,0.06379,78.24,2.44,0.0556,73.86,6.82,0.04625,68.09,12.59,0.03744,58.03,22.65,0.04951,49.15,31.53,0.1335,51.59,29.09,0.10831,54.02,26.66,0.0828,40.57,40.11,0.19396,42.77,37.91,0.16486,75.51,5.17,0.05288,68.99,11.69,0.03124,63.8,16.88,0.02558,63.88,16.8,0.02719,58.98,21.7,0.03687,72.64,8.04,0.04776,70.33,10.35,0.03693,66.21,14.47,0.03607,62.69,17.99,0.03906,57.06,23.62,0.05573,75.02,5.66,0.0394,60.14,20.54,0.07283,65.18,15.5,0.0347,62.25,18.43,0.04504,57.12,23.56,0.07958,75.48,5.2,0.0418,69.34,11.34,0.02764,57.62,23.06,0.08224,55.99,24.69,0.09754,45.75,34.93,0.18382,80.15,0.53,0.0633,79.2,1.48,0.06998,78.02,2.66,0.07679,75.51,5.17,0.07827,66.32,14.36,0.05539,80.46,0.22,0.05801,80.07,0.61,0.05638,79.64,1.04,0.05549,79.02,1.66,0.05513,76.92,3.76,0.05139,79.54,1.14,0.06091,75.45,5.23,0.05796,71.82,8.86,0.05284,64.41,16.27,0.03061,41.03,39.65,0.07934,75.24,5.44,0.05537,74.34,6.34,0.04627,71.63,9.05,0.04108,66.1,14.58,0.03495,61.95,18.73,0.02874,77.65,3.03,0.0474,72.15,8.53,0.02755,67.45,13.23,0.04575,51.5,29.18,0.16543,38.28,42.4,0.30243,76.07,4.61,0.04204,73.06,7.62,0.03309,71.92,8.76,0.03195,71.02,9.66,0.02935,69.13,11.55,0.02381
cifar10,mobilenetv2,pruning_qat,pruning_qat,True,2.633,3.49,nan,6.08,84.27,99.32,0.06796,80.604,88.914,79.194,75.484,80.903,71.42,12.85,0.04026,55.91,28.36,0.11494,40.52,43.75,0.24589,34.66,49.61,0.29744,29.98,54.29,0.34333,76.73,7.54,0.0386,68.81,15.46,0.04992,51.05,33.22,0.15744,43.55,40.72,0.22321,33.69,50.58,0.31111,80.68,3.59,0.06013,74.63,9.64,0.0385,68.1,16.17,0.03063,48,36.27,0.14271,31.55,52.72,0.29605,83.82,0.45,0.068,82.01,2.26,0.06443,78.24,6.03,0.06065,72.46,11.81,0.04938,62.9,21.37,0.06548,51.89,32.38,0.12979,54.85,29.42,0.09936,56.81,27.46,0.08711,42.47,41.8,0.20061,44.56,39.71,0.1796,79.44,4.83,0.05963,73.02,11.25,0.03778,67.46,16.81,0.03726,67.48,16.79,0.03643,62.8,21.47,0.047,77.44,6.83,0.0576,75.39,8.88,0.04893,72.25,12.02,0.05008,68.41,15.86,0.05001,63.04,21.23,0.05676,79.56,4.71,0.04585,65.78,18.49,0.05424,69.66,14.61,0.03546,66.81,17.46,0.0425,61.23,23.04,0.07203,79.55,4.72,0.04725,73.6,10.67,0.03305,62.71,21.56,0.06985,60.18,24.09,0.08789,49.17,35.1,0.18322,83.88,0.39,0.06888,82.67,1.6,0.06814,81.23,3.04,0.06363,78.71,5.56,0.05649,69.92,14.35,0.03579,84.35,-0.08,0.06935,83.86,0.41,0.06622,83.51,0.76,0.0664,82.84,1.43,0.06305,81.15,3.12,0.05903,83.33,0.94,0.06506,79.16,5.11,0.04611,75.24,9.03,0.03465,68.4,15.87,0.02902,44.73,39.54,0.14847,78.48,5.79,0.05533,78.55,5.72,0.05934,75.69,8.58,0.04601,70.02,14.25,0.04146,64.75,19.52,0.03131,81.47,2.8,0.05433,76.14,8.13,0.03566,71.53,12.74,0.04457,53.84,30.43,0.16165,38.48,45.79,0.31714,79.06,5.21,0.04832,76.34,7.93,0.03867,74.64,9.63,0.03618,73.68,10.59,0.03218,71.71,12.56,0.02745
cifar10,mobilenetv2,pruning_kd,pruning_kd,False,9.194,1,2236682,23.493,86.21,99.51,0.14114,75.54,87.734,73.348,70.153,73.973,72.24,13.97,0.08815,55.31,30.9,0.0431,38.94,47.27,0.16954,32.35,53.86,0.23117,27.96,58.25,0.27689,78.03,8.18,0.11671,69.36,16.85,0.06539,49.95,36.26,0.08526,43.14,43.07,0.13789,33.18,53.03,0.22372,83.05,3.16,0.14662,77.26,8.95,0.12918,70.87,15.34,0.10506,51.45,34.76,0.03715,33.05,53.16,0.18775,85.84,0.37,0.14101,84.36,1.85,0.14199,80.72,5.49,0.13366,74.67,11.54,0.10703,64.38,21.83,0.05411,53.43,32.78,0.03001,55.93,30.28,0.02484,58.33,27.88,0.03151,43.94,42.27,0.0875,46.09,40.12,0.06676,82.18,4.03,0.15117,76.74,9.47,0.13856,71.85,14.36,0.12122,71.96,14.25,0.12197,67.76,18.45,0.10848,78.73,7.48,0.13641,76.92,9.29,0.12794,73.25,12.96,0.11335,69.88,16.33,0.09897,64.16,22.05,0.07592,81.48,4.73,0.12928,66.69,19.52,0.04282,71.38,14.83,0.08447,68.29,17.92,0.07009,61.71,24.5,0.02005,81.13,5.08,0.13241,74.7,11.51,0.10414,62.02,24.19,0.02378,59.55,26.66,0.03063,48.17,38.04,0.10231,85.97,0.24,0.14517,85.04,1.17,0.15191,83.99,2.22,0.15819,82.04,4.17,0.16272,73.72,12.49,0.14928,86.23,-0.02,0.14164,85.82,0.39,0.14021,85.22,0.99,0.13853,84.62,1.59,0.13887,83.08,3.13,0.1406,85.59,0.62,0.14532,82.12,4.09,0.14417,79.22,6.99,0.14107,74,12.21,0.12959,53.34,32.87,0.05524,81.27,4.94,0.14612,81.33,4.88,0.14694,78.32,7.89,0.13706,72.11,14.1,0.11898,68.02,18.19,0.11069,84.08,2.13,0.13904,77.8,8.41,0.10646,73.17,13.04,0.0765,54.08,32.13,0.09941,37.65,48.56,0.24842,80.52,5.69,0.12519,77.76,8.45,0.12217,76.66,9.55,0.11711,74.95,11.26,0.11024,72.98,13.23,0.1039
cifar10,mobilenetv2,quant_int8,quant_int8,True,2.633,3.491,nan,5.6,77.74,98.86,0.08803,100.982,101.301,100.386,101.302,101.017,63.28,14.46,0.02678,48.76,28.98,0.09531,35.49,42.25,0.20615,30.45,47.29,0.25249,26.64,51.1,0.28833,69.17,8.57,0.05325,61.01,16.73,0.02833,44.4,33.34,0.13244,38.36,39.38,0.18812,29.96,47.78,0.26216,73.28,4.46,0.08438,66.2,11.54,0.05469,59.36,18.38,0.02779,41.37,36.37,0.11045,27.4,50.34,0.23826,77.23,0.51,0.08535,74.44,3.3,0.06965,68.93,8.81,0.03558,61.59,16.15,0.0292,51.33,26.41,0.08376,45.68,32.06,0.09106,47.96,29.78,0.06713,49.52,28.22,0.06515,37.79,39.95,0.1489,39.32,38.42,0.12977,71.88,5.86,0.07296,66.43,11.31,0.05554,61.99,15.75,0.04306,62.2,15.54,0.04376,58.1,19.64,0.03004,66.54,11.2,0.03789,63.68,14.06,0.01968,59.54,18.2,0.02645,55.88,21.86,0.03949,50.34,27.4,0.06702,72.19,5.55,0.06744,57.16,20.58,0.0442,61.49,16.25,0.02614,59.11,18.63,0.02213,52.21,25.53,0.07083,71.45,6.29,0.06726,63.41,14.33,0.02684,50.89,26.85,0.08395,49.28,28.46,0.09914,38.6,39.14,0.19223,77.05,0.69,0.08892,75.47,2.27,0.09089,73.81,3.93,0.09396,70.06,7.68,0.08419,60.32,17.42,0.05169,77.51,0.23,0.08588,77.09,0.65,0.08334,76.05,1.69,0.0775,75,2.74,0.07386,72.5,5.24,0.06671,75.89,1.85,0.08101,70.91,6.83,0.06835,65.95,11.79,0.04631,58.41,19.33,0.03381,36.81,40.93,0.11317,70.99,6.75,0.06771,70.69,7.05,0.06298,67,10.74,0.04138,60.45,17.29,0.01993,57.74,20,0.02111,74.78,2.96,0.07736,69.27,8.47,0.04334,64.97,12.77,0.03413,49.17,28.57,0.14063,36.35,41.39,0.26965,72.02,5.72,0.06286,69.86,7.88,0.05972,68.67,9.07,0.05397,67,10.74,0.04346,65.33,12.41,0.03628
cifar10,mobilenetv2,sparsity,sparsity,False,9.194,1,2236682,24.518,85.53,99.45,0.06976,74.901,85.958,73.458,69.491,73.462,72.7,12.83,0.04197,57.12,28.41,0.10691,41.83,43.7,0.23088,35.06,50.47,0.29111,30.62,54.91,0.33356,78.29,7.24,0.04182,70.77,14.76,0.04803,52.64,32.89,0.14431,45.03,40.5,0.20801,34.65,50.88,0.30128,81.82,3.71,0.05976,76.05,9.48,0.0418,70.04,15.49,0.02788,51.15,34.38,0.11047,33.6,51.93,0.26539,85.36,0.17,0.07015,84.05,1.48,0.06946,80.77,4.76,0.0605,75.43,10.1,0.05348,66.2,19.33,0.06158,53.6,31.93,0.11819,56.49,29.04,0.09056,58.65,26.88,0.07793,43.25,42.28,0.20096,45.88,39.65,0.17379,81.31,4.22,0.06488,75.11,10.42,0.04315,69.45,16.08,0.03948,69.49,16.04,0.03991,64.99,20.54,0.04239,79.73,5.8,0.0604,78.4,7.13,0.05673,74.95,10.58,0.05185,71.55,13.98,0.05134,66.58,18.95,0.04986,81.01,4.52,0.0489,67.74,17.79,0.05284,71.24,14.29,0.03554,68.09,17.44,0.04344,62.81,22.72,0.06358,80.96,4.57,0.04986,75.57,9.96,0.03681,65.86,19.67,0.06186,63.12,22.41,0.07312,52.13,33.4,0.15133,85.3,0.23,0.06858,84.57,0.96,0.06851,83.56,1.97,0.06786,81.48,4.05,0.0624,73.11,12.42,0.03969,85.6,-0.07,0.07018,85.37,0.16,0.07079,84.89,0.64,0.07015,84.39,1.14,0.06721,82.92,2.61,0.06499,84.94,0.59,0.06802,81.92,3.61,0.05419,78.89,6.64,0.04381,73.85,11.68,0.03245,53.68,31.85,0.07402,80.78,4.75,0.06378,80.87,4.66,0.06247,77.98,7.55,0.05644,72.51,13.02,0.042,67.07,18.46,0.03174,83.58,1.95,0.06181,78.79,6.74,0.04396,74.29,11.24,0.04174,56.84,28.69,0.13608,40.6,44.93,0.29488,80.4,5.13,0.04846,77.96,7.57,0.0453,76.36,9.17,0.04,75.1,10.43,0.036,73.13,12.4,0.03298
cifar10,mobilenetv2,sparsity_quant_int8,sparsity_quant_int8,True,2.636,3.487,nan,10.817,85.41,99.35,0.07047,77.764,89.864,75.307,72.802,76.107,70.76,14.65,0.04536,54.59,30.82,0.13208,38.67,46.74,0.26755,33.03,52.38,0.31794,28.83,56.58,0.36068,77.06,8.35,0.0375,68.46,16.95,0.0549,49.55,35.86,0.1755,42.13,43.28,0.24136,32.38,53.03,0.33066,81.45,3.96,0.05782,75.47,9.94,0.04107,68.52,16.89,0.03462,48.82,36.59,0.14098,31.19,54.22,0.30341,85.27,0.14,0.0706,83.83,1.58,0.06663,81.04,4.37,0.06212,76.15,9.26,0.05131,66.73,18.68,0.0524,49.98,35.43,0.15651,52.8,32.61,0.12712,55.45,29.96,0.10795,40.14,45.27,0.23725,42.45,42.96,0.21335,81.12,4.29,0.06416,74.47,10.94,0.04156,68.66,16.75,0.04017,68.59,16.82,0.0403,63.53,21.88,0.05299,79.67,5.74,0.05995,78.35,7.06,0.05767,75.43,9.98,0.04771,71.68,13.73,0.05007,66.65,18.76,0.04545,80.51,4.9,0.04652,65.97,19.44,0.05842,69.89,15.52,0.04384,66.57,18.84,0.05091,60.69,24.72,0.08087,79.97,5.44,0.04341,74.22,11.19,0.03705,62.77,22.64,0.08012,60.34,25.07,0.08755,49.2,36.21,0.18243,85.13,0.28,0.06939,84.44,0.97,0.06977,82.75,2.66,0.06461,80.22,5.19,0.05558,70.75,14.66,0.03447,85.36,0.05,0.07032,85.09,0.32,0.06918,84.65,0.76,0.06718,84.11,1.3,0.06525,82.52,2.89,0.06146,84.63,0.78,0.06639,80.55,4.86,0.04878,76.75,8.66,0.03839,70.13,15.28,0.0397,47.49,37.92,0.14687,80.42,4.99,0.06099,80.77,4.64,0.06194,78.07,7.34,0.05379,72.54,12.87,0.04248,66.17,19.24,0.02962,83.45,1.96,0.06306,78.22,7.19,0.04078,73.7,11.71,0.04693,56.71,28.7,0.13884,40.02,45.39,0.30294,79.65,5.76,0.04485,77.02,8.39,0.03809,76.06,9.35,0.03883,74.84,10.57,0.03443,72.96,12.45,0.02842
cifar10,mobilenetv2,clustering,clustering,False,9.194,1,2236682,19.937,67.18,97.43,0.16422,134.552,113.265,128.535,151.951,139.136,54.71,12.47,0.08478,43.14,24.04,0.04343,34.23,32.95,0.10004,30.55,36.63,0.12838,27.42,39.76,0.15578,58.74,8.44,0.11496,51.79,15.39,0.06037,39.29,27.89,0.06516,34.86,32.32,0.09768,29.6,37.58,0.14307,61.89,5.29,0.14522,53.95,13.23,0.09236,47.22,19.96,0.0449,34.36,32.82,0.06699,25.23,41.95,0.14997,65.81,1.37,0.15693,62.77,4.41,0.14312,57.9,9.28,0.11415,51.74,15.44,0.07112,42.54,24.64,0.02326,38.59,28.59,0.05283,39.68,27.5,0.04465,39.36,27.82,0.04728,33.71,33.47,0.0728,32.77,34.41,0.08872,59.14,8.04,0.1297,50.92,16.26,0.07456,44.46,22.72,0.04767,43.58,23.6,0.03508,38.15,29.03,0.05168,57.65,9.53,0.1287,54.02,13.16,0.09688,50.74,16.44,0.07644,47.51,19.67,0.05346,43.76,23.42,0.03508,61.02,6.16,0.12994,44.88,22.3,0.03138,49.02,18.16,0.05096,45.06,22.12,0.02647,36,31.18,0.07344,55.63,11.55,0.09068,45.35,21.83,0.03657,32.25,34.93,0.12605,30.48,36.7,0.14754,22.96,44.22,0.24747,64.14,3.04,0.1506,56.81,10.37,0.1079,49.77,17.41,0.05879,42.72,24.46,0.01795,30.91,36.27,0.09609,67.1,0.08,0.163,66.09,1.09,0.15664,64.59,2.59,0.14911,62.29,4.89,0.13634,57.31,9.87,0.11136,62.18,5,0.13869,49.19,17.99,0.04678,40.54,26.64,0.04381,30.69,36.49,0.1268,15.45,51.73,0.31462,58.69,8.49,0.12755,57.83,9.35,0.11832,55.04,12.14,0.10182,51.25,15.93,0.0888,48.46,18.72,0.08065,62.55,4.63,0.13067,55.36,11.82,0.06861,52.63,14.55,0.04674,39.06,28.12,0.10623,30.2,36.98,0.19437,61.21,5.97,0.12874,58.45,8.73,0.11275,57.69,9.49,0.10975,56.52,10.66,0.10128,54.71,12.47,0.08949
cifar10,mobilenetv2,clustering_quant_int8,clustering_quant_int8,True,2.636,3.487,nan,4.411,60.35,96.27,0.11542,155.754,132.668,138.327,182.776,163.471,41.92,18.43,0.04629,30.55,29.8,0.13172,23.75,36.6,0.19446,21.32,39.03,0.21783,19.49,40.86,0.23378,47.73,12.62,0.02871,40.31,20.04,0.05837,28.84,31.51,0.15095,25.64,34.71,0.17819,22.17,38.18,0.20789,52.52,7.83,0.07024,43.74,16.61,0.02995,36.33,24.02,0.06193,24.49,35.86,0.15814,18.58,41.77,0.21605,59.4,0.95,0.11139,56.89,3.46,0.09952,54.36,5.99,0.09217,49.79,10.56,0.06189,42.18,18.17,0.02349,28.27,32.08,0.13324,29.68,30.67,0.12237,28.6,31.75,0.13689,25.21,35.14,0.15035,24.12,36.23,0.16921,55.73,4.62,0.1112,49.31,11.04,0.07348,43.06,17.29,0.04592,42.97,17.38,0.04666,37.36,22.99,0.05259,54.91,5.44,0.12219,51.5,8.85,0.08872,48.31,12.04,0.06618,44.87,15.48,0.03569,41.04,19.31,0.01478,51.01,9.34,0.04808,33.77,26.58,0.11374,37.96,22.39,0.06773,33.8,26.55,0.10093,25.82,34.53,0.1973,43.5,16.85,0.04574,32.78,27.57,0.12808,23.27,37.08,0.23361,22.07,38.28,0.24832,17.69,42.66,0.30871,54.21,6.14,0.06995,44.83,15.52,0.03495,38.35,22,0.07088,32.33,28.02,0.11847,24.97,35.38,0.1737,58.78,1.57,0.10138,56.88,3.47,0.08612,54.89,5.46,0.07118,52.37,7.98,0.05229,46.88,13.47,0.03695,49.99,10.36,0.03709,34.99,25.36,0.10903,28.26,32.09,0.17142,22.88,37.47,0.22166,17.43,42.92,0.28102,52.86,7.49,0.08229,52.37,7.98,0.0768,50.87,9.48,0.07416,45.74,14.61,0.04971,38.14,22.21,0.04307,52.03,8.32,0.04652,44.11,16.24,0.06527,40.88,19.47,0.09266,30.12,30.23,0.20088,24.96,35.39,0.2481,50.4,9.95,0.04101,48.07,12.28,0.02852,47.66,12.69,0.03254,46.95,13.4,0.02749,45.41,14.94,0.02532
cifar10,mobilenetv2,sparsity_clustering,sparsity_clustering,False,9.197,0.999,2236682,23.091,69.92,97.97,0.06652,124.536,108.742,117.768,130.122,137.562,56.38,13.54,0.051,45.47,24.45,0.10476,36.07,33.85,0.18383,32.18,37.74,0.21577,28.7,41.22,0.24912,60.13,9.79,0.04315,53.87,16.05,0.06483,41.73,28.19,0.13853,37.04,32.88,0.17925,30.22,39.7,0.23702,64.71,5.21,0.04782,58.07,11.85,0.03131,51.75,18.17,0.04783,37.72,32.2,0.13573,26.76,43.16,0.23815,68.9,1.02,0.06031,66.66,3.26,0.04878,63.9,6.02,0.03856,58.97,10.95,0.02796,48.25,21.67,0.06358,38.76,31.16,0.14101,39.71,30.21,0.13211,39.29,30.63,0.14746,32.73,37.19,0.18053,31.77,38.15,0.20518,64.24,5.68,0.04291,56.33,13.59,0.02929,48.26,21.66,0.06712,48.24,21.68,0.06899,41.53,28.39,0.12455,62.49,7.43,0.03691,61.07,8.85,0.02993,57.68,12.24,0.02859,54.81,15.11,0.03019,49.66,20.26,0.0497,64.23,5.69,0.04179,51.75,18.17,0.08316,55.63,14.29,0.06273,53.41,16.51,0.06721,48.65,21.27,0.10122,63.38,6.54,0.03679,57.02,12.9,0.06412,46.06,23.86,0.12552,43.21,26.71,0.15837,33.82,36.1,0.25022,66.5,3.42,0.03943,59.76,10.16,0.05288,53.8,16.12,0.07481,47.49,22.43,0.10372,35.82,34.1,0.17793,70.77,-0.85,0.06704,71.24,-1.32,0.06699,71.07,-1.15,0.06533,70.73,-0.81,0.06314,68.64,1.28,0.05762,62.89,7.03,0.04421,47.16,22.76,0.13178,38.15,31.77,0.20657,28.94,40.98,0.27915,19.33,50.59,0.33175,62.47,7.45,0.0335,62.6,7.32,0.03518,60.86,9.06,0.03035,57.03,12.89,0.02408,50.76,19.16,0.04284,63.64,6.28,0.03175,55.92,14,0.06523,51.11,18.81,0.08681,39.67,30.25,0.19244,30.05,39.87,0.2899,59.8,10.12,0.04537,56.18,13.74,0.05586,55.37,14.55,0.05632,54.28,15.64,0.06104,53.37,16.55,0.05898
cifar10,mobilenetv2,sparsity_clustering_quant_int8,sparsity_clustering_quant_int8,True,2.639,3.483,nan,5.485,73.21,97.84,0.09606,118.821,104.627,109.921,128.953,128.235,59.32,13.89,0.02799,47.66,25.55,0.07732,37.07,36.14,0.16251,32.59,40.62,0.20122,29.33,43.88,0.2302,62.87,10.34,0.0332,56.45,16.76,0.03668,43.46,29.75,0.11633,38.29,34.92,0.15887,31.45,41.76,0.21383,67.18,6.03,0.06959,61.04,12.17,0.04247,55.12,18.09,0.03285,40.74,32.47,0.10231,28.98,44.23,0.20607,72.4,0.81,0.09491,69.97,3.24,0.08444,67.52,5.69,0.07983,62.52,10.69,0.05451,52.38,20.83,0.0144,42,31.21,0.11223,43.08,30.13,0.09923,42.12,31.09,0.11045,35.89,37.32,0.14376,35.15,38.06,0.16193,67.9,5.31,0.08506,58.75,14.46,0.03492,50.32,22.89,0.03221,49.78,23.43,0.03587,43,30.21,0.0884,66.83,6.38,0.08482,64.84,8.37,0.07272,61.49,11.72,0.05556,57.43,15.78,0.03245,52.43,20.78,0.01942,66.13,7.08,0.04919,50.28,22.93,0.09038,54.67,18.54,0.06087,51.59,21.62,0.07332,43.73,29.48,0.14891,64.25,8.96,0.03853,55.32,17.89,0.07382,41.84,31.37,0.17804,39.69,33.52,0.19921,29.87,43.34,0.30816,69.87,3.34,0.07336,62.88,10.33,0.03662,56.88,16.33,0.03708,49.88,23.33,0.06349,37.58,35.63,0.13962,73.62,-0.41,0.0951,73.28,-0.07,0.08968,72.45,0.76,0.08222,71.26,1.95,0.07387,67.06,6.15,0.0455,66.96,6.25,0.05134,52.02,21.19,0.06961,42.26,30.95,0.14523,31.98,41.23,0.23165,21.32,51.89,0.32416,65.84,7.37,0.0674,65.97,7.24,0.06807,64.3,8.91,0.06494,60.86,12.35,0.05709,53.79,19.42,0.02075,66.55,6.66,0.0533,58.18,15.03,0.04672,53.33,19.88,0.07244,41.77,31.44,0.16697,32.14,41.07,0.26523,63.92,9.29,0.03886,60.32,12.89,0.03186,58.91,14.3,0.02735,58.17,15.04,0.03335,56.6,16.61,0.02839
cifar10,mobilenetv2,qat_only,qat_only,True,2.633,3.491,nan,7.756,80.44,98.99,0.05847,90.653,96.683,89.394,88.1,89.944,66.76,13.68,0.03567,51.42,29.02,0.13847,37.27,43.17,0.26283,31.49,48.95,0.32052,27.12,53.32,0.36649,72.99,7.45,0.02934,64.62,15.82,0.04813,46.71,33.73,0.18005,40.67,39.77,0.23454,30.63,49.81,0.33138,76.07,4.37,0.05108,69.8,10.64,0.02884,62.59,17.85,0.03288,43.54,36.9,0.16815,28.46,51.98,0.31424,80.22,0.22,0.05999,78.25,2.19,0.05594,73.68,6.76,0.04225,67.82,12.62,0.03468,58.01,22.43,0.05287,49.16,31.28,0.13219,51.53,28.91,0.10676,54.02,26.42,0.08489,41.05,39.39,0.18819,42.92,37.52,0.16314,75.57,4.87,0.05302,69.12,11.32,0.03357,64.08,16.36,0.02297,64.11,16.33,0.031,59.43,21.01,0.03226,72.49,7.95,0.04845,70.3,10.14,0.03986,66.16,14.28,0.03762,62.61,17.83,0.04206,57.18,23.26,0.05129,75.3,5.14,0.0379,60.67,19.77,0.0675,64.94,15.5,0.03469,62.28,18.16,0.04091,57.02,23.42,0.08003,75.88,4.56,0.0452,69.3,11.14,0.02679,57.81,22.63,0.08022,56.15,24.29,0.09591,45.36,35.08,0.18853,80.15,0.29,0.06296,79.31,1.13,0.07159,77.8,2.64,0.0752,75.27,5.17,0.07602,66.16,14.28,0.05297,80.03,0.41,0.05478,80.22,0.22,0.05832,79.55,0.89,0.05506,78.72,1.72,0.05202,76.77,3.67,0.04904,79.3,1.14,0.05978,75.79,4.65,0.06185,71.65,8.79,0.05196,64.75,15.69,0.03186,41.17,39.27,0.07707,75.18,5.26,0.0547,74.33,6.11,0.04926,71.88,8.56,0.0426,66.23,14.21,0.03123,61.99,18.45,0.02153,77.71,2.73,0.04857,72.29,8.15,0.03144,67.79,12.65,0.04395,51.6,28.84,0.16436,38.48,41.96,0.29972,75.82,4.62,0.0394,72.9,7.54,0.0338,71.74,8.7,0.03298,71.1,9.34,0.03126,69.14,11.3,0.02487
cifar10,mobilenetv2,qat_int8,qat_int8,True,2.633,3.491,nan,10.064,80.62,99,0.06028,90.74,96.03,90.026,88.148,90.077,67.18,13.44,0.03256,51.74,28.88,0.13398,37.43,43.19,0.26031,31.89,48.73,0.31576,27.44,53.18,0.36189,73.31,7.31,0.03537,65.17,15.45,0.04567,47.28,33.34,0.17525,40.88,39.74,0.23212,30.97,49.65,0.32743,76.26,4.36,0.05151,70.25,10.37,0.0326,62.77,17.85,0.03395,43.88,36.74,0.16315,28.72,51.9,0.30974,80.36,0.26,0.06219,78.31,2.31,0.05739,73.41,7.21,0.04282,67.22,13.4,0.04027,57.36,23.26,0.05604,49.49,31.13,0.12917,51.93,28.69,0.1024,54.35,26.27,0.07876,40.99,39.63,0.18715,42.94,37.68,0.16216,75.22,5.4,0.05098,69,11.62,0.03257,63.5,17.12,0.03102,63.56,17.06,0.03078,58.95,21.67,0.03645,72,8.62,0.04586,69.87,10.75,0.03979,65.94,14.68,0.03604,62.35,18.27,0.04045,56.65,23.97,0.05509,75.2,5.42,0.03943,60.49,20.13,0.06981,64.91,15.71,0.03279,62.58,18.04,0.04099,57.42,23.2,0.07612,76.07,4.55,0.04671,69.42,11.2,0.02514,57.9,22.72,0.07864,56.28,24.34,0.09416,45.89,34.73,0.18124,80.27,0.35,0.06493,78.99,1.63,0.06932,77.64,2.98,0.07396,75.07,5.55,0.07542,66.07,14.55,0.05254,80.23,0.39,0.05728,79.86,0.76,0.05519,79.46,1.16,0.05401,78.55,2.07,0.0518,76.7,3.92,0.04876,79.24,1.38,0.05808,75.77,4.85,0.06315,71.91,8.71,0.05523,64.61,16.01,0.03381,41.57,39.05,0.07123,74.92,5.7,0.0536,74.41,6.21,0.04937,71.41,9.21,0.0402,65.58,15.04,0.03456,61.54,19.08,0.02909,77.78,2.84,0.04735,72.57,8.05,0.03114,67.69,12.93,0.04412,51.59,29.03,0.16394,38.27,42.35,0.30235,75.83,4.79,0.04026,73.25,7.37,0.03505,71.86,8.76,0.03251,71.05,9.57,0.02917,69.07,11.55,0.02516
cifar10,mobilenetv2,cqat,cqat,True,2.619,3.51,nan,6.041,79.54,98.73,0.07649,93.241,96.22,92.556,91.564,93.368,67.31,12.23,0.02673,53.25,26.29,0.10352,39.16,40.38,0.2291,33.55,45.99,0.28528,28.86,50.68,0.33933,72.71,6.83,0.04447,65.17,14.37,0.03242,48.36,31.18,0.14622,42.02,37.52,0.20491,32.14,47.4,0.30371,74.89,4.65,0.06359,68,11.54,0.03291,60.45,19.09,0.03773,42.59,36.95,0.16664,27.07,52.47,0.32674,79.12,0.42,0.07667,77.32,2.22,0.07519,73.2,6.34,0.0622,66.86,12.68,0.04292,56.38,23.16,0.04151,49.26,30.28,0.10913,51.84,27.7,0.08289,54.72,24.82,0.05858,40.31,39.23,0.17758,42.61,36.93,0.14462,73.49,6.05,0.06446,66.66,12.88,0.04148,60.66,18.88,0.02819,60.63,18.91,0.02623,55.23,24.31,0.03945,71.94,7.6,0.06609,69.88,9.66,0.0577,66.1,13.44,0.04577,62.51,17.03,0.03498,56.51,23.03,0.04589,73.61,5.93,0.05099,58.86,20.68,0.06087,63,16.54,0.0291,60.71,18.83,0.03175,55.71,23.83,0.06834,74.79,4.75,0.06025,68.88,10.66,0.0285,58.39,21.15,0.05951,56.79,22.75,0.06872,46.4,33.14,0.15126,78.74,0.8,0.07882,77.63,1.91,0.08775,76.09,3.45,0.09314,73.68,5.86,0.09554,64.6,14.94,0.07247,79.18,0.36,0.07307,78.75,0.79,0.07058,78.47,1.07,0.07099,78.08,1.46,0.07316,75.64,3.9,0.06312,77.65,1.89,0.07303,72.17,7.37,0.06371,67.9,11.64,0.05202,58.81,20.73,0.02232,34.31,45.23,0.13902,74.35,5.19,0.07458,73.69,5.85,0.06966,70.58,8.96,0.05719,65.6,13.94,0.04691,61.75,17.79,0.03534,76.91,2.63,0.06551,72.24,7.3,0.04405,68.3,11.24,0.03149,53.26,26.28,0.12119,40.18,39.36,0.25531,74.84,4.7,0.05462,72.7,6.84,0.05321,71.62,7.92,0.0485,70.28,9.26,0.04513,69.04,10.5,0.04478
cifar10,mobilenetv2,cqat_int8,cqat_int8,True,2.633,3.491,nan,6.217,79.06,98.84,0.07461,94.047,97.304,93.542,93.079,93.075,66.3,12.76,0.03165,51.93,27.13,0.11572,38.53,40.53,0.2356,33.39,45.67,0.28691,28.79,50.27,0.33775,72.11,6.95,0.04339,63.75,15.31,0.03998,47.32,31.74,0.15627,41.41,37.65,0.20939,31.9,47.16,0.30645,74.66,4.4,0.06268,67.55,11.51,0.03073,59.94,19.12,0.03871,41.77,37.29,0.17817,27.66,51.4,0.32031,78.95,0.11,0.0788,76.83,2.23,0.07972,72.75,6.31,0.06742,66.46,12.6,0.044,57.15,21.91,0.03951,49.04,30.02,0.11358,51.16,27.9,0.09174,53.57,25.49,0.06659,40.07,38.99,0.1822,42.25,36.81,0.15125,73.31,5.75,0.07187,66.33,12.73,0.04412,60.31,18.75,0.03273,60.53,18.53,0.02766,55.1,23.96,0.03596,71.5,7.56,0.0696,69.08,9.98,0.05845,65.15,13.91,0.04984,61.44,17.62,0.04105,55.82,23.24,0.04637,73.63,5.43,0.05335,58.03,21.03,0.06598,63.06,16,0.0237,59.85,19.21,0.0361,54.22,24.84,0.07835,74.57,4.49,0.06012,68.19,10.87,0.02811,56.96,22.1,0.07233,55.39,23.67,0.08268,44.78,34.28,0.16876,78.84,0.22,0.08358,77.45,1.61,0.09094,75.69,3.37,0.09708,73.06,6,0.09931,64.16,14.9,0.0802,79.04,0.02,0.07398,78.58,0.48,0.07161,78.24,0.82,0.07134,77.54,1.52,0.07088,75.53,3.53,0.06633,77.54,1.52,0.07718,72.59,6.47,0.07465,68.03,11.03,0.06082,60.73,18.33,0.03708,37.3,41.76,0.08581,72.88,6.18,0.06999,73.05,6.01,0.07053,70.05,9.01,0.062,64.6,14.46,0.04487,60.1,18.96,0.03407,77.11,1.95,0.0695,73.21,5.85,0.04858,69.43,9.63,0.03243,54.78,24.28,0.10317,40.2,38.86,0.2497,74.57,4.49,0.05494,72.15,6.91,0.04864,71.24,7.82,0.04762,70.47,8.59,0.04938,69.27,9.79,0.048
cifar10,mobilenetv2,pqat,pqat,True,2.619,3.51,nan,6.235,84.32,99.28,0.06739,79.755,88.595,79.085,74.482,79.067,71.25,13.07,0.04376,55.98,28.34,0.11784,40.42,43.9,0.24867,34.12,50.2,0.30662,29.72,54.6,0.34952,76.77,7.55,0.04276,69.1,15.22,0.05441,51.5,32.82,0.15764,44.02,40.3,0.22261,33.84,50.48,0.31544,80.88,3.44,0.05945,75.18,9.14,0.03929,68.13,16.19,0.03273,48.68,35.64,0.14069,31.8,52.52,0.29801,83.87,0.45,0.06772,81.95,2.37,0.06158,78.59,5.73,0.05282,72.46,11.86,0.0474,62.46,21.86,0.06528,52.37,31.95,0.12715,55.04,29.28,0.10108,57.59,26.73,0.08022,42.69,41.63,0.20173,44.95,39.37,0.17859,79.36,4.96,0.05874,72.63,11.69,0.03711,67.23,17.09,0.03609,66.93,17.39,0.04269,62.82,21.5,0.04439,77.53,6.79,0.05669,75.99,8.33,0.05395,72.22,12.1,0.04552,68.67,15.65,0.04455,63,21.32,0.05835,79.54,4.78,0.04562,65.98,18.34,0.05393,69.98,14.34,0.03419,66.97,17.35,0.03944,61.52,22.8,0.07039,80.1,4.22,0.05137,73.96,10.36,0.0343,63.71,20.61,0.06599,60.97,23.35,0.08516,50.77,33.55,0.1688,83.97,0.35,0.06913,82.9,1.42,0.06765,81.71,2.61,0.0665,79.43,4.89,0.06162,70.52,13.8,0.03959,84.6,-0.28,0.07103,84.02,0.3,0.06656,83.13,1.19,0.06206,82.85,1.47,0.06297,81.24,3.08,0.05938,83.64,0.68,0.06748,79.7,4.62,0.05274,76.56,7.76,0.04062,70.61,13.71,0.02346,48.42,35.9,0.09975,78.83,5.49,0.05668,78.86,5.46,0.05682,75.5,8.82,0.05183,70.64,13.68,0.04146,66.15,18.17,0.02716,81.8,2.52,0.05686,76.33,7.99,0.0371,71.91,12.41,0.04533,54.48,29.84,0.15816,38.76,45.56,0.31649,79.33,4.99,0.04481,76.56,7.76,0.04516,75.3,9.02,0.03795,73.89,10.43,0.03234,71.45,12.87,0.03016
cifar10,mobilenetv2,pqat_int8,pqat_int8,True,2.633,3.491,nan,7.042,84.31,99.32,0.06865,78.792,87.263,78.878,73.358,77.786,72.29,12.02,0.03675,56.8,27.51,0.11062,41.86,42.45,0.23462,35.19,49.12,0.29599,30.73,53.58,0.33911,77.64,6.67,0.03956,70.06,14.25,0.04691,52.07,32.24,0.15064,44.89,39.42,0.2131,34.7,49.61,0.30603,80.63,3.68,0.05779,75.13,9.18,0.04179,68.65,15.66,0.03288,49.25,35.06,0.13122,32.22,52.09,0.28926,84.26,0.05,0.07309,82.48,1.83,0.06705,78.49,5.82,0.05554,72.65,11.66,0.05377,62.57,21.74,0.06665,52.66,31.65,0.12386,55.26,29.05,0.09832,57.97,26.34,0.07809,42.79,41.52,0.20219,45.04,39.27,0.17618,79.2,5.11,0.05923,72.9,11.41,0.04019,66.95,17.36,0.03892,66.84,17.47,0.03767,61.89,22.42,0.05473,77.6,6.71,0.06065,76.01,8.3,0.05626,72.47,11.84,0.05004,69.02,15.29,0.04523,63.18,21.13,0.05518,79.75,4.56,0.04777,66.46,17.85,0.05,69.7,14.61,0.03705,67.42,16.89,0.03656,62.15,22.16,0.06516,79.97,4.34,0.04931,74.81,9.5,0.03516,65.09,19.22,0.06285,62.37,21.94,0.07548,52.06,32.25,0.1533,84.5,-0.19,0.0729,83.21,1.1,0.07013,81.75,2.56,0.06849,79.71,4.6,0.06483,70.77,13.54,0.04233,84.37,-0.06,0.06786,84.07,0.24,0.06801,83.63,0.68,0.06649,83.04,1.27,0.06439,81.45,2.86,0.0609,83.57,0.74,0.06736,80.11,4.2,0.05501,77.34,6.97,0.04789,70.85,13.46,0.02422,46.41,37.9,0.11311,78.74,5.57,0.05839,78.84,5.47,0.05812,76.02,8.29,0.05344,70.75,13.56,0.04054,65.52,18.79,0.02881,82.2,2.11,0.0589,77.48,6.83,0.03757,73.24,11.07,0.04503,56.45,27.86,0.13643,40.53,43.78,0.29542,79.74,4.57,0.04877,77.27,7.04,0.04482,76.06,8.25,0.04183,74.47,9.84,0.03761,72.56,11.75,0.03075
cifar10,mobilenetv2,pcqat,pcqat,True,2.619,3.51,nan,4.688,83.38,99.22,0.07669,80.456,85.837,81.693,76.56,79.079,72.98,10.4,0.0394,58.62,24.76,0.0808,43.94,39.44,0.19046,38.18,45.2,0.24278,32.51,50.87,0.29908,77.89,5.49,0.05631,71.3,12.08,0.03233,54.36,29.02,0.10997,46.93,36.45,0.16872,35.48,47.9,0.2739,79.62,3.76,0.06868,73.72,9.66,0.04418,66.79,16.59,0.02683,49.54,33.84,0.11394,32.71,50.67,0.26809,83.08,0.3,0.0785,80.8,2.58,0.07308,77.31,6.07,0.06449,71.67,11.71,0.04299,61.11,22.27,0.0467,54.3,29.08,0.08892,57.17,26.21,0.06739,59.61,23.77,0.04974,43.51,39.87,0.1784,46.4,36.98,0.14305,77.8,5.58,0.0693,70.77,12.61,0.04293,64.42,18.96,0.02859,64.23,19.15,0.02436,59.16,24.22,0.0376,75.95,7.43,0.06418,74.3,9.08,0.05908,70.62,12.76,0.04914,67.55,15.83,0.04177,62.42,20.96,0.03832,79.23,4.15,0.06229,65.48,17.9,0.04462,69.01,14.37,0.03168,66.17,17.21,0.02982,61.2,22.18,0.0581,79.41,3.97,0.06324,74.43,8.95,0.03926,64.54,18.84,0.05015,62.37,21.01,0.06163,51.98,31.4,0.12306,82.8,0.58,0.07531,81.91,1.47,0.08023,80.45,2.93,0.08171,78.18,5.2,0.08255,69.47,13.91,0.06495,83.1,0.28,0.07413,82.88,0.5,0.07232,82.43,0.95,0.07133,81.99,1.39,0.07217,80.36,3.02,0.07018,82.5,0.88,0.07587,78.36,5.02,0.06653,74.65,8.73,0.05773,66.9,16.48,0.03069,42.17,41.21,0.09833,77.3,6.08,0.06766,77.3,6.08,0.06505,74.91,8.47,0.05926,69.84,13.54,0.04728,65.97,17.41,0.03212,81.68,1.7,0.07174,78.08,5.3,0.05498,74.89,8.49,0.03859,61.85,21.53,0.07709,43.07,40.31,0.25085,79.49,3.89,0.06257,76.91,6.47,0.05759,75.96,7.42,0.05446,74.51,8.87,0.04865,73.29,10.09,0.0459
cifar10,mobilenetv2,pcqat_int8,pcqat_int8,True,2.633,3.491,nan,13.371,83.36,99.43,0.07926,79.733,84.636,81.111,75.682,78.731,73.48,9.88,0.03694,59.76,23.6,0.07485,45.81,37.55,0.17325,39,44.36,0.23167,33.62,49.74,0.28625,77.9,5.46,0.05612,71.42,11.94,0.03154,55.37,27.99,0.10021,48.13,35.23,0.15735,36.8,46.56,0.25957,79.86,3.5,0.07287,74.42,8.94,0.05278,67.39,15.97,0.03019,49.33,34.03,0.11274,32.06,51.3,0.27142,82.79,0.57,0.07888,81.41,1.95,0.08055,77.48,5.88,0.06737,72.1,11.26,0.0478,61.45,21.91,0.04987,54.36,29,0.0844,56.59,26.77,0.06523,59.49,23.87,0.05144,43.28,40.08,0.17276,46.24,37.12,0.13907,77.57,5.79,0.06744,70.72,12.64,0.04332,65.02,18.34,0.02907,64.7,18.66,0.02764,59.96,23.4,0.03673,76.24,7.12,0.06813,74.74,8.62,0.0636,71.27,12.09,0.05243,67.8,15.56,0.04877,62.95,20.41,0.04223,79.16,4.2,0.06325,65.73,17.63,0.04354,69,14.36,0.02899,66.53,16.83,0.03088,61.77,21.59,0.05611,79.76,3.6,0.06731,74.97,8.39,0.04663,65.93,17.43,0.04426,64.06,19.3,0.05563,54.63,28.73,0.10424,82.62,0.74,0.07704,81.81,1.55,0.08121,80.32,3.04,0.08046,77.77,5.59,0.0782,68.9,14.46,0.05283,83.18,0.18,0.07782,83.31,0.05,0.07952,82.64,0.72,0.07791,82.08,1.28,0.07507,80.72,2.64,0.07534,82.42,0.94,0.07692,78.42,4.94,0.0659,74.6,8.76,0.05165,67.75,15.61,0.02986,45.56,37.8,0.07088,77.49,5.87,0.06879,77.76,5.6,0.07109,75.22,8.14,0.06496,70.06,13.3,0.05181,65.91,17.45,0.03636,81.84,1.52,0.07458,77.91,5.45,0.05418,74.39,8.97,0.03475,59.82,23.54,0.0915,42.25,41.11,0.25471,79.43,3.93,0.06446,76.92,6.44,0.05843,75.93,7.43,0.05318,74.63,8.73,0.04943,73.51,9.85,0.04855
cifar10,mobilenetv2,pruning_20,pruning_20,False,9.194,1,2236682,25.007,85.92,99.43,0.07119,74.652,86.3,73.426,69.19,72.604,72.82,13.1,0.03911,57.06,28.86,0.11,41.25,44.67,0.24096,34.92,51,0.29774,30.42,55.5,0.34156,78.62,7.3,0.04348,70.63,15.29,0.04789,52.23,33.69,0.15241,45.16,40.76,0.2134,34.1,51.82,0.3122,81.83,4.09,0.05786,76.44,9.48,0.03933,69.6,16.32,0.0324,50.86,35.06,0.11814,32.83,53.09,0.27896,85.62,0.3,0.07068,84.24,1.68,0.0692,81.3,4.62,0.06437,76.21,9.71,0.05319,67.16,18.76,0.05465,52.76,33.16,0.13052,55.36,30.56,0.10489,57.97,27.95,0.08528,41.88,44.04,0.21945,44.82,41.1,0.18714,81.3,4.62,0.06158,75.55,10.37,0.04063,69.39,16.53,0.04171,69.13,16.79,0.04465,64.57,21.35,0.04889,79.91,6.01,0.05973,78.39,7.53,0.05942,75.05,10.87,0.054,72.07,13.85,0.04857,66.94,18.98,0.04725,81.03,4.89,0.047,68.01,17.91,0.0516,71.4,14.52,0.03747,68.31,17.61,0.04298,63.15,22.77,0.06687,81.14,4.78,0.05227,75.82,10.1,0.03855,65.54,20.38,0.06239,63.13,22.79,0.07507,51.91,34.01,0.1577,85.55,0.37,0.07148,84.67,1.25,0.06905,83.47,2.45,0.06633,81.38,4.54,0.06167,73.11,12.81,0.04126,85.73,0.19,0.06941,85.54,0.38,0.06885,85.08,0.84,0.06747,84.53,1.39,0.06615,83.03,2.89,0.06227,85.22,0.7,0.06888,82,3.92,0.05479,79.14,6.78,0.04586,74.51,11.41,0.03122,54.39,31.53,0.07634,80.55,5.37,0.05974,80.67,5.25,0.05827,78.54,7.38,0.05628,72.56,13.36,0.03961,66.58,19.34,0.03408,83.67,2.25,0.06059,78.97,6.95,0.04196,74.42,11.5,0.0447,57.42,28.5,0.1319,40.98,44.94,0.29029,80.71,5.21,0.04842,78.49,7.43,0.04919,77.15,8.77,0.03981,75.85,10.07,0.0364,73.7,12.22,0.03201
cifar10,mobilenetv2,pruning_50,pruning_50,False,9.194,1,2236682,26.565,85.51,99.44,0.07108,74.58,85.474,73.421,69.015,73.134,73.27,12.24,0.03503,57.52,27.99,0.10244,42.01,43.5,0.22996,35.62,49.89,0.288,30.86,54.65,0.33728,78.47,7.04,0.04407,71.04,14.47,0.04415,52.87,32.64,0.14349,45.45,40.06,0.20587,34.75,50.76,0.30432,81.93,3.58,0.06273,76.44,9.07,0.04165,69.97,15.54,0.03041,51.25,34.26,0.11418,33.78,51.73,0.27217,85.4,0.11,0.07197,84.06,1.45,0.07047,80.77,4.74,0.06152,75.69,9.82,0.0524,66.57,18.94,0.05896,53.07,32.44,0.12204,55.98,29.53,0.09502,58.9,26.61,0.07369,42.54,42.97,0.20836,45.44,40.07,0.1769,80.99,4.52,0.06266,75.26,10.25,0.03969,69.46,16.05,0.03886,69.98,15.53,0.03272,65.38,20.13,0.04118,79.48,6.03,0.06129,78.22,7.29,0.05572,74.93,10.58,0.05177,71.65,13.86,0.05366,67.02,18.49,0.05052,81.4,4.11,0.05579,68.26,17.25,0.04651,71.93,13.58,0.03541,68.6,16.91,0.03793,63.37,22.14,0.06564,81.11,4.4,0.05298,76.05,9.46,0.03735,65.93,19.58,0.06421,63.65,21.86,0.07073,52.73,32.78,0.14691,85.4,0.11,0.07177,84.44,1.07,0.06874,83.41,2.1,0.06759,81.33,4.18,0.06237,73.17,12.34,0.04053,85.59,-0.08,0.07227,85.56,-0.05,0.0735,84.89,0.62,0.06997,84.14,1.37,0.06782,82.87,2.64,0.06512,84.94,0.57,0.06878,81.81,3.7,0.05714,78.98,6.53,0.04825,73.52,11.99,0.03093,52.81,32.7,0.08465,80.3,5.21,0.06033,80.38,5.13,0.05955,77.81,7.7,0.05282,72.35,13.16,0.04075,66.91,18.6,0.03129,83.67,1.84,0.06368,79.14,6.37,0.04202,74.97,10.54,0.04069,57.93,27.58,0.12477,40.62,44.89,0.29231,81.18,4.33,0.05528,78.5,7.01,0.04918,77.08,8.43,0.04496,75.55,9.96,0.03936,73.32,12.19,0.03546
cifar10,mobilenetv2,pruning_70,pruning_70,False,9.194,1,2236682,21.435,85.58,99.45,0.07457,76.652,89.086,75.096,71.283,74.251,71.1,14.48,0.0381,54.84,30.74,0.12278,39.57,46.01,0.25146,33.11,52.47,0.31194,29.06,56.52,0.35253,77.23,8.35,0.03969,68.24,17.34,0.05582,50.36,35.22,0.1643,43.1,42.48,0.22594,32.95,52.63,0.31902,81.3,4.28,0.05898,75.65,9.93,0.04016,68.87,16.71,0.02789,49.47,36.11,0.12699,32.02,53.56,0.2858,85.26,0.32,0.07416,84.1,1.48,0.07252,80.75,4.83,0.06564,75.43,10.15,0.05118,65.17,20.41,0.06331,51.37,34.21,0.13755,54.33,31.25,0.1071,57.03,28.55,0.08713,41.45,44.13,0.21919,44.01,41.57,0.19107,81.06,4.52,0.06489,74.68,10.9,0.04199,68.66,16.92,0.03941,68.66,16.92,0.0407,63.86,21.72,0.05127,79.64,5.94,0.06467,78.06,7.52,0.05682,74.96,10.62,0.05058,71.43,14.15,0.04571,66.17,19.41,0.04547,80.85,4.73,0.05271,66.55,19.03,0.04897,70.3,15.28,0.03878,67.3,18.28,0.04144,61.3,24.28,0.07246,80.28,5.3,0.04928,74.58,11,0.03868,63.42,22.16,0.07016,61.11,24.47,0.08339,50.49,35.09,0.16761,85.32,0.26,0.0726,84.47,1.11,0.07169,83.35,2.23,0.06998,81.29,4.29,0.06574,72.83,12.75,0.03984,85.43,0.15,0.07222,85.14,0.44,0.07108,84.8,0.78,0.07069,84.21,1.37,0.06877,82.62,2.96,0.06597,85.08,0.5,0.07188,81.39,4.19,0.05504,78.28,7.3,0.04346,73.3,12.28,0.03388,53.42,32.16,0.07876,80.31,5.27,0.06266,80.42,5.16,0.06301,78.11,7.47,0.05552,72.65,12.93,0.04251,66.51,19.07,0.02895,83.48,2.1,0.06495,78.44,7.14,0.04088,73.73,11.85,0.04635,56.83,28.75,0.13096,40.36,45.22,0.28923,80.22,5.36,0.05076,77.44,8.14,0.04473,76.1,9.48,0.0385,74.58,11,0.0378,73.25,12.33,0.03395
cifar10,mobilenetv2,pruning_90,pruning_90,False,9.194,1,2236682,21.911,83.73,99.23,0.07174,80.696,90.194,79.556,75.812,79.597,70.49,13.24,0.03001,54.74,28.99,0.09996,38.82,44.91,0.23072,32.98,50.75,0.2863,28.25,55.48,0.33234,76.37,7.36,0.04555,67.87,15.86,0.02859,49.97,33.76,0.13951,42.93,40.8,0.19806,32.94,50.79,0.28897,80.06,3.67,0.06707,74.53,9.2,0.0473,67.84,15.89,0.023,49.07,34.66,0.11124,31.7,52.03,0.26734,83.5,0.23,0.07259,82.13,1.6,0.07095,78.91,4.82,0.06282,73.59,10.14,0.04328,63.63,20.1,0.04795,50.32,33.41,0.12434,53.14,30.59,0.09347,55.65,28.08,0.07521,41.2,42.53,0.19245,43.36,40.37,0.16959,78.81,4.92,0.06456,72.32,11.41,0.03822,66.02,17.71,0.02582,66.25,17.48,0.0251,61.26,22.47,0.03597,77.86,5.87,0.06718,76.41,7.32,0.06263,73.1,10.63,0.05009,69.81,13.92,0.03952,64.95,18.78,0.02952,79.12,4.61,0.05718,65.04,18.69,0.03314,68.9,14.83,0.01705,66.03,17.7,0.02321,60.04,23.69,0.05501,79.34,4.39,0.05771,73.18,10.55,0.02885,62.62,21.11,0.04775,60.06,23.67,0.07005,50.08,33.65,0.14921,83.53,0.2,0.07283,82.56,1.17,0.07261,81.63,2.1,0.07258,79.79,3.94,0.07133,71.98,11.75,0.05121,83.75,-0.02,0.07239,83.63,0.1,0.07229,83.08,0.65,0.07012,82.57,1.16,0.06999,80.88,2.85,0.06572,83.02,0.71,0.06993,79.67,4.06,0.05657,76.39,7.34,0.04138,70.98,12.75,0.01956,50.72,33.01,0.0697,78.38,5.35,0.06435,78.37,5.36,0.06299,75.78,7.95,0.05536,70.44,13.29,0.0402,65.71,18.02,0.02604,81.62,2.11,0.06752,76.08,7.65,0.03964,71.31,12.42,0.02805,53.95,29.78,0.13451,38.11,45.62,0.28487,78.6,5.13,0.05689,75.82,7.91,0.0518,74.93,8.8,0.04986,73.56,10.17,0.04467,71.63,12.1,0.03721
cifar10,mobilenetv2,kd_temp2,kd_temp2,False,9.194,1,2236682,19.919,85.42,99.43,0.14113,77.584,88.343,76.027,72.515,76.139,71.65,13.77,0.08554,55.92,29.5,0.03241,39.48,45.94,0.16194,32.91,52.51,0.22267,28.49,56.93,0.26749,77.33,8.09,0.11668,69.57,15.85,0.0705,50.9,34.52,0.0718,43.72,41.7,0.12965,33.21,52.21,0.22382,81.97,3.45,0.14402,75.81,9.61,0.12475,69.67,15.75,0.10213,49.8,35.62,0.04208,31.99,53.43,0.19307,85.21,0.21,0.14243,83.34,2.08,0.13905,79.54,5.88,0.12866,73.04,12.38,0.09656,63.43,21.99,0.04976,52.52,32.9,0.0324,55.5,29.92,0.02135,58.02,27.4,0.03061,42.78,42.64,0.0963,45.68,39.74,0.06603,81.03,4.39,0.14758,75.37,10.05,0.13204,70.9,14.52,0.11866,70.79,14.63,0.11809,66.78,18.64,0.10508,77.57,7.85,0.13233,75.81,9.61,0.12295,71.89,13.53,0.10611,68.28,17.14,0.08791,62.94,22.48,0.06548,80.54,4.88,0.12805,66.28,19.14,0.04632,70.4,15.02,0.08069,67.84,17.58,0.07202,61.9,23.52,0.02619,80.33,5.09,0.13173,73.85,11.57,0.10248,62.23,23.19,0.03105,59.71,25.71,0.03313,48.09,37.33,0.09765,85.3,0.12,0.1465,84.05,1.37,0.15103,82.97,2.45,0.15794,80.47,4.95,0.15778,72.13,13.29,0.14525,85.4,0.02,0.14097,85.11,0.31,0.14047,84.49,0.93,0.13871,83.89,1.53,0.13888,82,3.42,0.13809,84.82,0.6,0.14603,80.96,4.46,0.14255,77.69,7.73,0.13625,72.23,13.19,0.12231,52.15,33.27,0.04238,80.03,5.39,0.14114,80.17,5.25,0.14272,76.72,8.7,0.12753,70.96,14.46,0.11266,67.01,18.41,0.10562,82.94,2.48,0.13552,77.18,8.24,0.10691,72.64,12.78,0.07642,54.59,30.83,0.08838,38.67,46.75,0.22894,79.66,5.76,0.1218,77.53,7.89,0.12395,76.23,9.19,0.11746,74.67,10.75,0.11176,72.75,12.67,0.10451
cifar10,mobilenetv2,kd_temp4,kd_temp4,False,9.194,1,2236682,22.429,86.89,99.45,0.14851,73.98,87.037,72.864,67.601,71.685,72.8,14.09,0.0965,56.44,30.45,0.02986,39.21,47.68,0.15748,32.23,54.66,0.22235,27.56,59.33,0.27174,79.14,7.75,0.1286,70.67,16.22,0.08008,51.23,35.66,0.06672,43.76,43.13,0.12395,32.91,53.98,0.22125,83.27,3.62,0.14965,77.71,9.18,0.13562,71.12,15.77,0.10974,51.16,35.73,0.03523,32.43,54.46,0.18775,86.45,0.44,0.14724,84.77,2.12,0.14573,81.4,5.49,0.14033,75.36,11.53,0.1152,65.37,21.52,0.06974,53,33.89,0.02963,55.39,31.5,0.0266,58.9,27.99,0.04178,42.67,44.22,0.0962,45.89,41,0.0621,82.45,4.44,0.15426,76.84,10.05,0.14071,71.71,15.18,0.12205,71.31,15.58,0.11835,67.44,19.45,0.10712,79.26,7.63,0.14265,77.6,9.29,0.13618,73.73,13.16,0.12109,69.98,16.91,0.10172,64.4,22.49,0.07806,82.14,4.75,0.13729,67.95,18.94,0.05924,72.19,14.7,0.09416,69.72,17.17,0.08704,63.33,23.56,0.03622,81.78,5.11,0.14101,74.95,11.94,0.10867,63.64,23.25,0.04175,61.31,25.58,0.033,49.84,37.05,0.0763,86.64,0.25,0.15239,85.52,1.37,0.15749,84.28,2.61,0.16199,82.31,4.58,0.16662,74.14,12.75,0.15435,86.79,0.1,0.1476,86.53,0.36,0.14742,86.01,0.88,0.14691,85.32,1.57,0.14648,84.02,2.87,0.15109,85.96,0.93,0.14994,82.69,4.2,0.15171,79.98,6.91,0.15085,74.97,11.92,0.14134,55.73,31.16,0.07603,81.48,5.41,0.14884,81.75,5.14,0.15201,78.52,8.37,0.14067,73.15,13.74,0.13288,68.96,17.93,0.12473,84.49,2.4,0.14464,78.45,8.44,0.1149,73.87,13.02,0.08645,54.63,32.26,0.08991,38.61,48.28,0.23105,81.68,5.21,0.13674,78.83,8.06,0.13187,77.47,9.42,0.12604,76.09,10.8,0.1215,73.83,13.06,0.11328
cifar10,mobilenetv2,kd_temp8,kd_temp8,False,9.194,1,2236682,20.473,87.43,99.52,0.14692,72.457,86.852,70.516,65.957,70.102,72.87,14.56,0.09405,55.69,31.74,0.03791,38.95,48.48,0.16789,32.41,55.02,0.23028,27.84,59.59,0.27684,79.27,8.16,0.12624,70.59,16.84,0.07725,50.78,36.65,0.07655,43.2,44.23,0.13655,33.34,54.09,0.22489,83.88,3.55,0.14875,78.41,9.02,0.1353,71.76,15.67,0.11117,51.2,36.23,0.03793,32.56,54.87,0.19106,87.02,0.41,0.14613,85.39,2.04,0.14503,81.88,5.55,0.13766,76.34,11.09,0.11692,66.35,21.08,0.07004,53.2,34.23,0.03394,56.2,31.23,0.01508,59.37,28.06,0.03513,42.98,44.45,0.0985,46.29,41.14,0.06587,83.19,4.24,0.15313,77.91,9.52,0.14139,72.78,14.65,0.12217,72.87,14.56,0.1242,69.32,18.11,0.11693,80.17,7.26,0.14308,78.64,8.79,0.13741,74.71,12.72,0.12173,71.38,16.05,0.10697,65.97,21.46,0.08563,82.38,5.05,0.13331,68.38,19.05,0.05761,72.67,14.76,0.092,69.99,17.44,0.08305,63.5,23.93,0.03246,82.56,4.87,0.14184,75.73,11.7,0.11118,63.82,23.61,0.04298,61.76,25.67,0.02792,49.97,37.46,0.07814,87.06,0.37,0.14971,86.4,1.03,0.15921,84.89,2.54,0.15988,82.91,4.52,0.16468,75,12.43,0.15831,87.45,-0.02,0.14722,87.12,0.31,0.14642,86.51,0.92,0.14492,86.02,1.41,0.14587,84.39,3.04,0.1465,86.61,0.82,0.14945,83.52,3.91,0.15102,80.87,6.56,0.14993,75.73,11.7,0.13837,56.31,31.12,0.06528,82.18,5.25,0.14909,82.26,5.17,0.14877,79.45,7.98,0.14134,73.61,13.82,0.128,69.39,18.04,0.11909,85.14,2.29,0.14412,79.28,8.15,0.11582,74.58,12.85,0.08549,54.82,32.61,0.09533,39.29,48.14,0.22977,82.3,5.13,0.13603,79.17,8.26,0.12891,77.77,9.66,0.12263,76.3,11.13,0.11718,74.07,13.36,0.10868
cifar10,mobilenetv2,structured_pruning_30,structured_pruning_30,False,9.198,0.999,2236682,22.053,84.71,99.38,0.07129,77.942,88.432,75.817,73.877,76.265,71.75,12.96,0.04595,56.54,28.17,0.1099,41.24,43.47,0.23388,34.86,49.85,0.29609,30.49,54.22,0.3415,76.63,8.08,0.04384,69.18,15.53,0.05236,51.76,32.95,0.1486,44.56,40.15,0.21094,34.34,50.37,0.30479,80.56,4.15,0.05719,74.78,9.93,0.04405,67.62,17.09,0.03626,47.79,36.92,0.1443,31.26,53.45,0.29796,84.57,0.14,0.07323,83.41,1.3,0.07258,80.62,4.09,0.06609,75.47,9.24,0.0565,66.94,17.77,0.05232,52.15,32.56,0.12932,55.18,29.53,0.10172,57.96,26.75,0.07579,41.94,42.77,0.21177,44.32,40.39,0.18339,79.65,5.06,0.06053,73.79,10.92,0.03763,67.66,17.05,0.03918,67.68,17.03,0.03992,62.92,21.79,0.05056,78.73,5.98,0.06178,77.63,7.08,0.05944,74.56,10.15,0.0514,70.97,13.74,0.05042,65.56,19.15,0.04534,79.52,5.19,0.04895,65.36,19.35,0.05521,69.18,15.53,0.04177,66.3,18.41,0.04794,60.89,23.82,0.07164,79.78,4.93,0.04957,74.28,10.43,0.03806,63.74,20.97,0.06773,61.72,22.99,0.07696,50.75,33.96,0.164,83.89,0.82,0.07066,83.19,1.52,0.06751,82.28,2.43,0.06865,80.38,4.33,0.06534,71.98,12.73,0.03858,84.54,0.17,0.06971,84.26,0.45,0.06859,83.8,0.91,0.06692,83.13,1.58,0.06457,81.61,3.1,0.06113,83.58,1.13,0.06683,80.01,4.7,0.05132,77.58,7.13,0.04028,72.55,12.16,0.02792,51.16,33.55,0.07997,79.03,5.68,0.0568,79.68,5.03,0.0625,77.17,7.54,0.05401,72.5,12.21,0.04003,67.09,17.62,0.03243,82.53,2.18,0.06236,77.55,7.16,0.04107,73.55,11.16,0.04436,55.43,29.28,0.14011,40.5,44.21,0.28003,79.8,4.91,0.05098,76.83,7.88,0.04231,75.59,9.12,0.04055,74.44,10.27,0.03544,72.64,12.07,0.03149
cifar10,mobilenetv2,structured_pruning_50,structured_pruning_50,False,9.198,0.999,2236682,16.249,81.98,99.21,0.06921,83.812,91.187,82.853,81.003,82.05,70.09,11.89,0.03177,54.41,27.57,0.10794,39.8,42.18,0.23295,33.94,48.04,0.28606,29.83,52.15,0.3273,75.79,6.19,0.04303,68.62,13.36,0.03695,50.24,31.74,0.1466,44.06,37.92,0.19853,34.18,47.8,0.28599,78.1,3.88,0.05815,72.63,9.35,0.03949,64.29,17.69,0.04023,45.55,36.43,0.14969,31.09,50.89,0.27924,81.73,0.25,0.0701,80.57,1.41,0.07064,77.84,4.14,0.06518,73.23,8.75,0.05132,64.13,17.85,0.04548,48.93,33.05,0.1314,52.04,29.94,0.10236,54.66,27.32,0.0827,39.59,42.39,0.20421,41.66,40.32,0.17848,77.21,4.77,0.06025,70.63,11.35,0.0364,64.13,17.85,0.03896,64.66,17.32,0.03399,58.75,23.23,0.05899,76.16,5.82,0.0651,75.25,6.73,0.06296,71.89,10.09,0.0531,69.06,12.92,0.04643,63.66,18.32,0.03804,77.08,4.9,0.04866,63.57,18.41,0.05825,67.13,14.85,0.03514,64.47,17.51,0.03736,58.9,23.08,0.07254,77.52,4.46,0.04763,72.07,9.91,0.03852,61.88,20.1,0.07462,59.84,22.14,0.08562,49.33,32.65,0.17167,81.83,0.15,0.06883,81.05,0.93,0.07118,79.94,2.04,0.07072,77.7,4.28,0.06765,69.8,12.18,0.04546,81.95,0.03,0.06786,81.56,0.42,0.06512,81.16,0.82,0.0653,80.6,1.38,0.06244,78.87,3.11,0.05745,81.38,0.6,0.06731,78.29,3.69,0.05853,75.25,6.73,0.04676,69.6,12.38,0.02477,49.06,32.92,0.09672,76.46,5.52,0.06042,76.55,5.43,0.05786,74.57,7.41,0.05647,69.18,12.8,0.03942,64.04,17.94,0.0358,80.31,1.67,0.06421,75.7,6.28,0.04179,71.63,10.35,0.03383,55.71,26.27,0.12094,39.44,42.54,0.28161,77.67,4.31,0.05322,75.21,6.77,0.05037,74.42,7.56,0.04795,73.15,8.83,0.0429,70.58,11.4,0.03106
cifar10,mobilenetv2,pruning_kd_70,pruning_kd_70,False,9.195,1,2236682,21.377,86.71,99.48,0.14472,74.49,87.478,73.343,67.928,72.459,72.24,14.47,0.08814,55.5,31.21,0.04153,39.18,47.53,0.17154,32.43,54.28,0.23397,27.87,58.84,0.28079,78.56,8.15,0.12239,70.26,16.45,0.07451,50.51,36.2,0.0792,43.34,43.37,0.14078,33.2,53.51,0.23179,83.32,3.39,0.14803,77.63,9.08,0.1337,71.13,15.58,0.10874,50.65,36.06,0.04439,32.39,54.32,0.19737,86.36,0.35,0.1453,84.56,2.15,0.14277,80.77,5.94,0.1327,74.5,12.21,0.10348,64.47,22.24,0.05352,53.6,33.11,0.02856,56.13,30.58,0.02184,59.41,27.3,0.03778,43.6,43.11,0.09241,46.22,40.49,0.06646,82.1,4.61,0.14828,76.95,9.76,0.13854,71.82,14.89,0.11936,71.38,15.33,0.1172,67.93,18.78,0.10899,78.53,8.18,0.13363,76.76,9.95,0.12467,73.15,13.56,0.11201,69.25,17.46,0.09393,63.88,22.83,0.07229,81.85,4.86,0.13194,68.02,18.69,0.05521,72.17,14.54,0.0912,69.17,17.54,0.07952,62.88,23.83,0.02886,81.71,5,0.13704,75.24,11.47,0.10909,63.87,22.84,0.03723,60.9,25.81,0.02963,49.73,36.98,0.08378,86.44,0.27,0.14908,85.55,1.16,0.15666,84.09,2.62,0.15922,82.2,4.51,0.1651,74.6,12.11,0.15709,86.73,-0.02,0.14507,86.34,0.37,0.14355,85.76,0.95,0.1423,85.37,1.34,0.14457,83.71,3,0.14554,85.81,0.9,0.14666,82.61,4.1,0.1493,79.6,7.11,0.14561,74.28,12.43,0.13321,53.41,33.3,0.05384,81.08,5.63,0.1425,81.26,5.45,0.14493,78.07,8.64,0.13281,72.07,14.64,0.11831,67.99,18.72,0.11024,84.76,1.95,0.14386,78.88,7.83,0.11657,74.53,12.18,0.08975,55.54,31.17,0.08754,39.12,47.59,0.23319,81.63,5.08,0.13441,78.49,8.22,0.12784,77.29,9.42,0.12203,75.94,10.77,0.11868,73.67,13.04,0.10962
cifar10,mobilenetv2,fp16,fp16,False,4.635,1.983,2236682,21.053,77.77,98.87,0.08465,100.028,100.018,100.01,100.053,100.028,63.74,14.03,0.02442,49.88,27.89,0.08929,36.29,41.48,0.20106,31.23,46.54,0.24638,27,50.77,0.28682,69.69,8.08,0.0537,61.84,15.93,0.02885,45.23,32.54,0.12707,38.94,38.83,0.18219,30.2,47.57,0.2607,73.58,4.19,0.0833,67.01,10.76,0.0579,60.12,17.65,0.02684,42.25,35.52,0.10563,28,49.77,0.2341,77.47,0.3,0.08381,74.67,3.1,0.0689,68.9,8.87,0.03297,61.59,16.18,0.03335,51.39,26.38,0.08653,46.61,31.16,0.08383,48.8,28.97,0.0622,50.38,27.39,0.06333,38.38,39.39,0.14424,40.09,37.68,0.12407,72.1,5.67,0.07169,66.31,11.46,0.05158,62.02,15.75,0.04049,62.16,15.61,0.04048,57.94,19.83,0.02439,66.39,11.38,0.03312,63.93,13.84,0.0186,59.55,18.22,0.02881,55.81,21.96,0.04138,49.88,27.89,0.07292,72.9,4.87,0.07023,58.43,19.34,0.04016,62.14,15.63,0.0239,59.72,18.05,0.02018,52.85,24.92,0.06652,71.79,5.98,0.06696,63.75,14.02,0.02965,51.51,26.26,0.08221,49.68,28.09,0.09895,38.94,38.83,0.19105,77.4,0.37,0.0883,75.8,1.97,0.09015,73.7,4.07,0.08825,70.67,7.1,0.08487,60.54,17.23,0.04915,77.67,0.1,0.08396,77.14,0.63,0.08065,76.38,1.39,0.07769,75.44,2.33,0.07547,72.84,4.93,0.06646,76.5,1.27,0.08277,71.43,6.34,0.0687,66.87,10.9,0.04949,59.68,18.09,0.02936,38.05,39.72,0.10394,71.37,6.4,0.0683,70.77,7,0.06063,66.67,11.1,0.03536,60.51,17.26,0.02019,57.91,19.86,0.02251,75.12,2.65,0.07707,69.59,8.18,0.04335,65.2,12.57,0.03437,49.55,28.22,0.13694,36.32,41.45,0.27023,72.38,5.39,0.06257,70.03,7.74,0.05811,68.95,8.82,0.05278,67.29,10.48,0.04393,65.33,12.44,0.03366
cifar10,efficientnet_b0,baseline,baseline,False,16.384,1,4020358,17.801,91.31,99.63,0.07505,100,100,100,100,100,74.14,17.17,0.05604,55.54,35.77,0.14817,38.4,52.91,0.29678,31.59,59.72,0.36261,26.8,64.51,0.40929,81.42,9.89,0.045,72.81,18.5,0.05486,52.16,39.15,0.18001,44.11,47.2,0.24642,32.57,58.74,0.35348,87.47,3.84,0.06345,82.77,8.54,0.04835,76.61,14.7,0.04352,56.16,35.15,0.11443,33.9,57.41,0.30905,91.09,0.22,0.07448,90.18,1.13,0.07136,88,3.31,0.06502,84.26,7.05,0.05366,72.82,18.49,0.04601,55.49,35.82,0.11365,58.02,33.29,0.09428,60.62,30.69,0.08755,45.77,45.54,0.17781,48.09,43.22,0.16121,87.55,3.76,0.0648,82.6,8.71,0.04838,76.6,14.71,0.04611,76.92,14.39,0.04173,71.53,19.78,0.04721,87.05,4.26,0.0641,85.76,5.55,0.05884,82.35,8.96,0.04857,78.53,12.78,0.0456,71.47,19.84,0.0578,86.94,4.37,0.05479,75.06,16.25,0.05187,78.67,12.64,0.04368,75.69,15.62,0.04674,70.05,21.26,0.05988,86.48,4.83,0.05555,81.26,10.05,0.0512,72.45,18.86,0.06196,70.4,20.91,0.06236,60.27,31.04,0.09872,90.91,0.4,0.07374,90.52,0.79,0.07265,89.29,2.02,0.06729,87.63,3.68,0.06247,77.88,13.43,0.05143,91.06,0.25,0.07224,90.62,0.69,0.07019,90.27,1.04,0.06778,89.59,1.72,0.06558,88.75,2.56,0.06325,90.88,0.43,0.07184,89.82,1.49,0.06792,88.72,2.59,0.06368,86.54,4.77,0.05916,73.75,17.56,0.05271,86.77,4.54,0.06288,86.68,4.63,0.06023,84.84,6.47,0.05508,78.8,12.51,0.03933,72.93,18.38,0.03416,88.29,3.02,0.06246,82.41,8.9,0.05132,76.94,14.37,0.05524,58.03,33.28,0.14766,42.25,49.06,0.26123,84.59,6.72,0.04851,80.12,11.19,0.04231,78.93,12.38,0.03929,76.93,14.38,0.04521,74.01,17.3,0.04705
cifar10,efficientnet_b0,pruning,pruning,False,16.383,1,4020358,24.883,91.44,99.75,0.07166,95.086,94.938,95.075,94.676,95.619,76.54,14.9,0.05628,58.64,32.8,0.1263,40.45,50.99,0.28382,32.98,58.46,0.35546,27.92,63.52,0.40666,83.19,8.25,0.05096,75.16,16.28,0.05374,54.63,36.81,0.16404,46.31,45.13,0.23176,33.97,57.47,0.34633,87.99,3.45,0.05986,84.22,7.22,0.0502,78.54,12.9,0.0388,59.65,31.79,0.09118,37.62,53.82,0.26972,91.27,0.17,0.07113,90.45,0.99,0.07162,88.45,2.99,0.06405,84.97,6.47,0.05769,74.3,17.14,0.05104,59.94,31.5,0.08757,62.08,29.36,0.07955,64.91,26.53,0.06818,49.55,41.89,0.15455,52.03,39.41,0.13414,87.63,3.81,0.0613,83,8.44,0.05084,77.59,13.85,0.05139,77.42,14.02,0.04729,72.22,19.22,0.05196,87.32,4.12,0.06239,86,5.44,0.05885,82.9,8.54,0.0486,79.67,11.77,0.04652,73.18,18.26,0.05385,87.29,4.15,0.0568,77.12,14.32,0.0527,79.94,11.5,0.04559,76.73,14.71,0.05435,71.91,19.53,0.06283,87.5,3.94,0.06169,82.95,8.49,0.05427,74.7,16.74,0.06204,72.74,18.7,0.0649,63.54,27.9,0.08302,91.28,0.16,0.07203,90.84,0.6,0.07114,89.72,1.72,0.06638,87.71,3.73,0.0618,78.55,12.89,0.05458,91.3,0.14,0.07051,91.05,0.39,0.0686,90.71,0.73,0.06814,90.24,1.2,0.06865,89.17,2.27,0.06245,91.14,0.3,0.07138,90.31,1.13,0.06907,89.48,1.96,0.06791,87.32,4.12,0.06041,77.04,14.4,0.04772,86.82,4.62,0.06002,87.21,4.23,0.06166,85.43,6.01,0.05669,79.12,12.32,0.04393,73.32,18.12,0.04382,89.21,2.23,0.06245,83.5,7.94,0.05304,77.87,13.57,0.05719,59.73,31.71,0.13659,42.36,49.08,0.27067,85.68,5.76,0.0562,81.39,10.05,0.04837,79.93,11.51,0.04617,77.66,13.78,0.04586,74.53,16.91,0.05173
cifar10,efficientnet_b0,ptq,ptq,True,4.696,3.489,nan,8.492,90.92,99.68,0.07121,102.268,101.717,100.649,102.845,103.723,73.06,17.86,0.06085,54.8,36.12,0.15793,37.66,53.26,0.30724,31,59.92,0.37232,26.39,64.53,0.41747,80.42,10.5,0.04998,71.66,19.26,0.05939,51.28,39.64,0.19046,43.35,47.57,0.25626,32.32,58.6,0.36002,87.46,3.46,0.05944,82.79,8.13,0.047,75.7,15.22,0.04496,54.86,36.06,0.13128,32.86,58.06,0.32597,90.89,0.03,0.0716,89.89,1.03,0.06809,87.76,3.16,0.06276,84.22,6.7,0.05378,72.99,17.93,0.05441,54.83,36.09,0.12256,56.94,33.98,0.10747,59.49,31.43,0.09405,44.87,46.05,0.19131,46.82,44.1,0.17785,87.03,3.89,0.06185,82.46,8.46,0.04795,76.74,14.18,0.04582,76.5,14.42,0.04728,71.42,19.5,0.05233,86.81,4.11,0.06186,85.65,5.27,0.05812,82.59,8.33,0.04686,78.97,11.95,0.0443,72.46,18.46,0.05577,86.8,4.12,0.05241,74.17,16.75,0.05371,78.05,12.87,0.04318,75.05,15.87,0.04925,69.17,21.75,0.06444,85.93,4.99,0.06092,80.51,10.41,0.05391,71.4,19.52,0.06784,69.41,21.51,0.06823,59.67,31.25,0.10543,90.69,0.23,0.07142,90.16,0.76,0.07023,88.92,2,0.06366,86.89,4.03,0.05639,76.77,14.15,0.05616,90.81,0.11,0.06971,90.65,0.27,0.06927,90.1,0.82,0.0668,89.56,1.36,0.0655,88.6,2.32,0.06183,90.58,0.34,0.06852,89.17,1.75,0.06566,87.97,2.95,0.06004,85.56,5.36,0.05741,70.65,20.27,0.05407,86.18,4.74,0.05675,86.56,4.36,0.05672,84.75,6.17,0.05708,78.45,12.47,0.04039,72.28,18.64,0.03573,88.02,2.9,0.05819,81.76,9.16,0.05098,76.05,14.87,0.0582,57.55,33.37,0.15315,41.65,49.27,0.26779,84.15,6.77,0.04832,79.63,11.29,0.04612,78.39,12.53,0.04067,76.28,14.64,0.04647,73.21,17.71,0.05409
cifar10,efficientnet_b0,qat,qat,True,4.696,3.489,nan,9.014,90.72,99.65,0.06737,101.536,99.658,101.788,101.353,102.875,74.48,16.24,0.06015,55.93,34.79,0.15696,38.36,52.36,0.31216,31.73,58.99,0.37595,26.79,63.93,0.42647,81.5,9.22,0.04896,73,17.72,0.05554,52.39,38.33,0.18935,44.42,46.3,0.25647,32.46,58.26,0.36881,87.33,3.39,0.05649,82.97,7.75,0.04606,76.68,14.04,0.04416,56.23,34.49,0.12876,34.36,56.36,0.32001,90.77,-0.05,0.06912,89.64,1.08,0.06712,87.03,3.69,0.06123,83.6,7.12,0.05047,72.03,18.69,0.05832,56.72,34,0.116,59.29,31.43,0.09613,62.11,28.61,0.08191,46.88,43.84,0.1844,48.85,41.87,0.17024,87.05,3.67,0.05918,82.17,8.55,0.04744,76.18,14.54,0.05253,76.02,14.7,0.05095,71.2,19.52,0.05189,86.35,4.37,0.06192,85.26,5.46,0.0552,81.86,8.86,0.04737,78.06,12.66,0.04737,71.01,19.71,0.06388,86.77,3.95,0.05078,75.24,15.48,0.05304,78.7,12.02,0.04967,75.71,15.01,0.05239,70.21,20.51,0.06141,86.68,4.04,0.05739,81.64,9.08,0.0542,72.65,18.07,0.06468,70.76,19.96,0.06654,60.71,30.01,0.10424,90.47,0.25,0.06965,90.14,0.58,0.06756,88.91,1.81,0.06302,86.51,4.21,0.05778,76.68,14.04,0.06056,90.81,-0.09,0.06742,90.59,0.13,0.06853,90.19,0.53,0.06572,89.55,1.17,0.0653,88.5,2.22,0.05915,90.32,0.4,0.06543,89.24,1.48,0.06447,87.95,2.77,0.0583,85.23,5.49,0.05694,71.83,18.89,0.05897,86.4,4.32,0.0576,86.21,4.51,0.05873,83.91,6.81,0.05163,78.14,12.58,0.0396,72.28,18.44,0.04813,88.22,2.5,0.05923,82.35,8.37,0.05636,76.59,14.13,0.05547,57.95,32.77,0.15316,41.92,48.8,0.27218,84.34,6.38,0.05157,80.34,10.38,0.04655,78.82,11.9,0.04422,76.75,13.97,0.05054,74.14,16.58,0.05182
cifar10,efficientnet_b0,pruning_qat,pruning_qat,True,4.716,3.474,nan,7.94,90.93,99.66,0.06812,99.569,97.838,100.541,98.917,100.547,75.18,15.75,0.05438,57.8,33.13,0.13124,39.46,51.47,0.2875,33.09,57.84,0.34936,28.15,62.78,0.39689,81.93,9,0.05065,74.3,16.63,0.05361,53.36,37.57,0.17038,45.43,45.5,0.23635,33.93,57,0.33991,87.54,3.39,0.05742,83.26,7.67,0.04605,76.74,14.19,0.04429,56.52,34.41,0.11823,34.71,56.22,0.30615,90.88,0.05,0.06779,90.12,0.81,0.06571,87.78,3.15,0.05803,83.81,7.12,0.05483,71.91,19.02,0.0634,57.74,33.19,0.10352,60.04,30.89,0.0871,62.87,28.06,0.07613,47.55,43.38,0.17504,49.82,41.11,0.15733,87.43,3.5,0.05796,82.12,8.81,0.05289,76.09,14.84,0.05313,75.59,15.34,0.05606,70.39,20.54,0.0621,86.81,4.12,0.05992,85.51,5.42,0.05785,82.27,8.66,0.0501,78.38,12.55,0.05398,71.66,19.27,0.06078,87.02,3.91,0.05305,75.94,14.99,0.05264,79.28,11.65,0.04683,76.14,14.79,0.05221,71.02,19.91,0.06241,86.78,4.15,0.05833,82.38,8.55,0.05076,73.4,17.53,0.06013,71.58,19.35,0.0638,62.24,28.69,0.0823,90.8,0.13,0.06627,90.3,0.63,0.06849,88.64,2.29,0.06108,87.09,3.84,0.05788,77,13.93,0.06295,91.01,-0.08,0.0676,90.9,0.03,0.0684,90.4,0.53,0.06424,89.83,1.1,0.06395,88.74,2.19,0.06156,90.4,0.53,0.06561,89.44,1.49,0.06191,88.05,2.88,0.05886,85.59,5.34,0.05371,72.76,18.17,0.0564,86.42,4.51,0.05441,87.03,3.9,0.05662,84.46,6.47,0.05034,78.58,12.35,0.04045,73.06,17.87,0.04493,88.78,2.15,0.06099,83.01,7.92,0.05536,77.96,12.97,0.0589,58.99,31.94,0.14932,41.6,49.33,0.28787,84.8,6.13,0.05145,80.67,10.26,0.04358,79.28,11.65,0.04487,77.29,13.64,0.047,74.31,16.62,0.05273
cifar10,efficientnet_b0,pruning_kd,pruning_kd,False,16.385,1,4020358,20.525,91.07,99.78,0.07541,98.735,99.507,99.854,97.793,97.98,74.38,16.69,0.05555,55.08,35.99,0.14514,38.33,52.74,0.28728,31.44,59.63,0.35083,26.65,64.42,0.39538,82.04,9.03,0.0441,72.32,18.75,0.06308,50.86,40.21,0.18248,43.37,47.7,0.24382,32.45,58.62,0.34129,87.98,3.09,0.06748,83.41,7.66,0.05097,77.24,13.83,0.03793,57.35,33.72,0.10721,35.22,55.85,0.29108,90.76,0.31,0.07484,89.94,1.13,0.07412,87.84,3.23,0.06882,84.18,6.89,0.06107,73.73,17.34,0.04577,56.11,34.96,0.10586,58.13,32.94,0.09782,61.47,29.6,0.08013,46.32,44.75,0.1693,49.42,41.65,0.14492,87.63,3.44,0.06954,81.97,9.1,0.04656,76.17,14.9,0.0476,76.16,14.91,0.04312,71.26,19.81,0.05236,86.73,4.34,0.06871,85.54,5.53,0.0616,82.23,8.84,0.0492,78.9,12.17,0.04256,72.59,18.48,0.04991,87.23,3.84,0.0603,76.16,14.91,0.04755,79.96,11.11,0.04403,76.3,14.77,0.04792,71.44,19.63,0.05445,86.73,4.34,0.06144,81.72,9.35,0.05243,72.95,18.12,0.05907,70.92,20.15,0.06874,60.27,30.8,0.10554,90.82,0.25,0.07506,90.31,0.76,0.07395,89.31,1.76,0.07285,87.68,3.39,0.06591,78.68,12.39,0.04532,90.9,0.17,0.07413,90.8,0.27,0.07428,90.61,0.46,0.07448,90.15,0.92,0.07364,89.06,2.01,0.07032,90.74,0.33,0.07468,89.61,1.46,0.07202,88.46,2.61,0.06758,86.54,4.53,0.06298,74.88,16.19,0.04764,86.59,4.48,0.06388,86.9,4.17,0.06732,84.84,6.23,0.05937,78.81,12.26,0.04682,72.85,18.22,0.03435,88.88,2.19,0.06989,83.18,7.89,0.05073,77.98,13.09,0.05097,59.91,31.16,0.1237,42.98,48.09,0.24732,85.05,6.02,0.05774,81.25,9.82,0.0449,79.53,11.54,0.04105,78.03,13.04,0.04168,75.02,16.05,0.0442
cifar10,efficientnet_b0,quant_int8,quant_int8,True,4.716,3.474,nan,9.621,90.94,99.66,0.06956,103.075,102.408,100.907,104.2,104.617,72.81,18.13,0.06278,54.2,36.74,0.16193,37.21,53.73,0.31151,30.79,60.15,0.37438,26.17,64.77,0.41969,80.5,10.44,0.04934,71.47,19.47,0.05896,50.9,40.04,0.19312,42.89,48.05,0.26007,31.99,58.95,0.36237,87.41,3.53,0.0603,82.62,8.32,0.04542,75.7,15.24,0.04016,54.21,36.73,0.13566,32.34,58.6,0.3318,90.84,0.1,0.07031,89.88,1.06,0.06805,87.88,3.06,0.06244,84.41,6.53,0.05854,73.11,17.83,0.05687,54.01,36.93,0.12944,56.57,34.37,0.10952,59.36,31.58,0.09443,44.59,46.35,0.19386,46.78,44.16,0.17674,87.33,3.61,0.06206,82.38,8.56,0.0484,76.45,14.49,0.04835,76.17,14.77,0.04753,71.12,19.82,0.05253,86.86,4.08,0.0611,85.56,5.38,0.05576,82.65,8.29,0.0491,78.87,12.07,0.0449,72.39,18.55,0.05873,86.71,4.23,0.05239,74.29,16.65,0.05149,77.83,13.11,0.04454,74.58,16.36,0.05273,68.48,22.46,0.06516,85.8,5.14,0.05827,80.31,10.63,0.0532,70.92,20.02,0.06718,68.71,22.23,0.0754,58.75,32.19,0.11301,90.67,0.27,0.06815,90.13,0.81,0.06833,88.66,2.28,0.06184,86.69,4.25,0.05653,76.41,14.53,0.05408,90.66,0.28,0.06849,90.49,0.45,0.06754,90.08,0.86,0.06728,89.51,1.43,0.06421,88.49,2.45,0.05979,90.5,0.44,0.06919,89.04,1.9,0.06413,87.77,3.17,0.05614,84.73,6.21,0.05306,69.69,21.25,0.05613,86.34,4.6,0.05853,86.44,4.5,0.05898,84.67,6.27,0.05411,78.46,12.48,0.0389,71.91,19.03,0.03687,88.16,2.78,0.05663,81.81,9.13,0.05244,76.11,14.83,0.05631,57.65,33.29,0.15179,41.98,48.96,0.2652,84.04,6.9,0.04791,79.66,11.28,0.04409,78.06,12.88,0.04366,76.23,14.71,0.04744,73.2,17.74,0.05187
cifar10,efficientnet_b0,sparsity,sparsity,False,16.384,1,4020358,26.183,91.67,99.7,0.07378,95.885,95.911,96.186,94.238,97.213,76.15,15.52,0.05476,58.4,33.27,0.12087,40.66,51.01,0.26824,33.68,57.99,0.33191,28.34,63.33,0.38239,82.88,8.79,0.05138,75.14,16.53,0.05688,54.91,36.76,0.15151,46.91,44.76,0.21321,34.59,57.08,0.32078,87.97,3.7,0.06524,83.58,8.09,0.04937,77.59,14.08,0.04329,57.68,33.99,0.10213,35.14,56.53,0.28992,91.5,0.17,0.07311,90.62,1.05,0.06955,88.76,2.91,0.06767,84.86,6.81,0.05504,73.97,17.7,0.05461,58.71,32.96,0.09115,60.85,30.82,0.07875,63.53,28.14,0.07751,47.88,43.79,0.16169,50.7,40.97,0.1409,87.79,3.88,0.06408,82.69,8.98,0.04541,76.65,15.02,0.0522,76.96,14.71,0.04672,71.41,20.26,0.05456,87.49,4.18,0.0631,86.09,5.58,0.05995,82.95,8.72,0.05099,79.72,11.95,0.04685,73.19,18.48,0.05687,87.6,4.07,0.05687,77.23,14.44,0.0505,80.1,11.57,0.049,77.31,14.36,0.05003,72.46,19.21,0.05823,87.35,4.32,0.06466,82.84,8.83,0.05653,74.08,17.59,0.05912,72.61,19.06,0.058,62.78,28.89,0.08462,91.06,0.61,0.06923,90.9,0.77,0.0706,89.51,2.16,0.06511,87.72,3.95,0.06129,78.62,13.05,0.05765,91.5,0.17,0.07223,91.24,0.43,0.07098,90.96,0.71,0.06979,90.4,1.27,0.06668,89.4,2.27,0.06377,91.17,0.5,0.06969,90.43,1.24,0.07037,89.17,2.5,0.06356,87.17,4.5,0.06072,75.38,16.29,0.05674,86.95,4.72,0.05853,86.92,4.75,0.06041,85,6.67,0.05429,79.05,12.62,0.04592,73.05,18.62,0.04738,89.15,2.52,0.06235,83.19,8.48,0.05583,77.35,14.32,0.06177,57.91,33.76,0.15338,41.41,50.26,0.27886,85.56,6.11,0.05389,81.37,10.3,0.04562,79.83,11.84,0.04427,77.88,13.79,0.04712,74.41,17.26,0.05511
cifar10,efficientnet_b0,sparsity_quant_int8,sparsity_quant_int8,True,4.72,3.471,nan,9.159,91.05,99.68,0.06861,97.358,97.436,94.741,97.801,99.474,75.24,15.81,0.05112,57.05,34,0.14079,39.6,51.45,0.29303,32.23,58.82,0.36305,27.39,63.66,0.41328,82.15,8.9,0.05047,73.8,17.25,0.05842,53.64,37.41,0.17311,45.93,45.12,0.2359,33.48,57.57,0.34956,88.04,3.01,0.06143,83.81,7.24,0.05106,77.45,13.6,0.04423,57.75,33.3,0.1089,34.94,56.11,0.30757,91.07,-0.02,0.0682,90.25,0.8,0.067,88.15,2.9,0.06359,84.95,6.1,0.0538,75.45,15.6,0.05359,58.2,32.85,0.1043,60.36,30.69,0.08655,63.55,27.5,0.0756,47.6,43.45,0.17738,50.38,40.67,0.15509,87.32,3.73,0.06214,82.84,8.21,0.0564,77.94,13.11,0.04896,78.02,13.03,0.05042,72.86,18.19,0.05965,87.25,3.8,0.06228,85.76,5.29,0.05522,83.53,7.52,0.05222,80.6,10.45,0.04733,75.07,15.98,0.0515,87.49,3.56,0.05802,76.53,14.52,0.0487,79.22,11.83,0.05043,76.28,14.77,0.05362,71.07,19.98,0.05981,86.82,4.23,0.05728,81.92,9.13,0.05502,73.59,17.46,0.06199,71.12,19.93,0.07254,62.1,28.95,0.08716,90.96,0.09,0.06773,90.3,0.75,0.06669,89.2,1.85,0.06354,87.13,3.92,0.05655,77.47,13.58,0.05939,91.2,-0.15,0.07013,90.79,0.26,0.06656,90.59,0.46,0.06666,90.2,0.85,0.06685,89.16,1.89,0.06116,91.11,-0.06,0.07134,89.53,1.52,0.0657,88.45,2.6,0.06212,85.87,5.18,0.05874,73.56,17.49,0.05986,86.58,4.47,0.05892,86.91,4.14,0.0574,84.95,6.1,0.0569,79.37,11.68,0.04413,73.07,17.98,0.04402,88.77,2.28,0.06119,83.12,7.93,0.05444,77.83,13.22,0.05719,58.33,32.72,0.15135,41,50.05,0.28635,85.05,6,0.05248,80.61,10.44,0.04769,79.25,11.8,0.04457,77.44,13.61,0.05099,74.44,16.61,0.05914
cifar10,efficientnet_b0,clustering,clustering,False,16.385,1,4020358,22.571,74.91,97.23,0.05597,214.448,128.494,233.905,235.997,237.906,61.45,13.46,0.03616,45.99,28.92,0.14017,33.88,41.03,0.24631,29.37,45.54,0.28638,26.03,48.88,0.31608,67.11,7.8,0.03051,58.59,16.32,0.05883,42.3,32.61,0.17494,36.34,38.57,0.22964,28.86,46.05,0.29742,70.47,4.44,0.05477,63.73,11.18,0.02642,54.52,20.39,0.04505,38.29,36.62,0.16475,25.72,49.19,0.29618,73.2,1.71,0.05077,67.41,7.5,0.03334,59.16,15.75,0.03163,50.44,24.47,0.07326,37.62,37.29,0.16784,46.7,28.21,0.11571,48.44,26.47,0.09584,49.36,25.55,0.08389,38.94,35.97,0.17181,40.24,34.67,0.15064,59.93,14.98,0.03624,50.08,24.83,0.0879,42.57,32.34,0.14694,42.82,32.09,0.14588,38.04,36.87,0.1876,56.77,18.14,0.04398,52.95,21.96,0.06372,47.76,27.15,0.09851,44.13,30.78,0.1264,38.44,36.47,0.17534,70.52,4.39,0.04118,54.09,20.82,0.08402,56.41,18.5,0.06348,50.77,24.14,0.09584,44.4,30.51,0.15243,69.04,5.87,0.03732,63.17,11.74,0.04097,54.83,20.08,0.077,53.79,21.12,0.07936,45.85,29.06,0.13783,73.36,1.55,0.04695,69.45,5.46,0.03614,64.21,10.7,0.03208,56.82,18.09,0.05365,41.48,33.43,0.1342,74.69,0.22,0.05498,73.99,0.92,0.04913,73.12,1.79,0.0463,71.85,3.06,0.0389,68.91,6,0.03197,71.71,3.2,0.04602,63.33,11.58,0.03714,56.53,18.38,0.06488,45.34,29.57,0.13119,20.73,54.18,0.34238,61.69,13.22,0.02964,61.59,13.32,0.02558,55.26,19.65,0.04836,48.05,26.86,0.0892,45.61,29.3,0.09524,72.21,2.7,0.0444,67.47,7.44,0.03207,63.78,11.13,0.03469,51.52,23.39,0.10434,33.44,41.47,0.2784,63.29,11.62,0.02426,56.32,18.59,0.04451,54.33,20.58,0.04928,51.51,23.4,0.06241,48.39,26.52,0.07843
cifar10,efficientnet_b0,clustering_quant_int8,clustering_quant_int8,True,4.721,3.471,nan,10.188,81.39,98.55,0.06085,178.907,128.654,189.499,197.529,187.383,60.79,20.6,0.07374,43.88,37.51,0.2214,30.82,50.57,0.34879,26.05,55.34,0.3988,22.73,58.66,0.4341,69.51,11.88,0.03587,59.65,21.74,0.08423,40.62,40.77,0.25633,34.7,46.69,0.31134,26.68,54.71,0.39325,74.48,6.91,0.03712,66.83,14.56,0.02467,57.18,24.21,0.07232,38.14,43.25,0.23349,24.27,57.12,0.38151,80.7,0.69,0.06263,77.24,4.15,0.05736,70.82,10.57,0.04075,63.06,18.33,0.03732,48.31,33.08,0.0929,42.18,39.21,0.21865,44.64,36.75,0.18737,47.45,33.94,0.15602,33.43,47.96,0.2946,36.42,44.97,0.25468,71.92,9.47,0.03961,63.06,18.33,0.0406,55.35,26.04,0.07386,55.21,26.18,0.07803,49.26,32.13,0.11028,68.48,12.91,0.03728,64.55,16.84,0.03744,58.84,22.55,0.05571,54.14,27.25,0.07908,47.62,33.77,0.1166,73.91,7.48,0.03139,57.36,24.03,0.08559,60.65,20.74,0.05474,55,26.39,0.07501,47.45,33.94,0.12944,72.32,9.07,0.03127,64.31,17.08,0.03952,54.01,27.38,0.09023,53.56,27.83,0.09935,45.09,36.3,0.18051,81.16,0.23,0.05962,79.47,1.92,0.05112,75.86,5.53,0.04606,70.21,11.18,0.03837,53.24,28.15,0.1,80.92,0.47,0.06186,79.87,1.52,0.05961,78.36,3.03,0.05602,76.45,4.94,0.05358,71.91,9.48,0.04436,80.3,1.09,0.05202,75.24,6.15,0.03892,70.68,10.71,0.04222,61.31,20.08,0.07247,27.31,54.08,0.3199,72.04,9.35,0.03966,71.62,9.77,0.03829,66.92,14.47,0.03134,57.04,24.35,0.05269,51.33,30.06,0.08465,79.52,1.87,0.0553,74.18,7.21,0.03244,70.58,10.81,0.02905,56.78,24.61,0.09036,43.71,37.68,0.17721,71.44,9.95,0.02787,65.78,15.61,0.02803,64.08,17.31,0.03335,61.37,20.02,0.04185,58.46,22.93,0.05256
cifar10,efficientnet_b0,sparsity_clustering,sparsity_clustering,False,16.388,1,4020358,24.797,73.91,97.53,0.03148,194.212,123.865,185.549,230.094,219.754,61.13,12.78,0.06575,48.14,25.77,0.15912,36.23,37.68,0.25824,31.13,42.78,0.30477,27.93,45.98,0.33092,66.66,7.25,0.04389,59.93,13.98,0.06585,45.11,28.8,0.18033,39.39,34.52,0.22854,31.81,42.1,0.29548,67.94,5.97,0.0328,62.33,11.58,0.03873,57.05,16.86,0.05262,43.69,30.22,0.1287,32.4,41.51,0.22792,72.46,1.45,0.03622,69.82,4.09,0.03838,65.86,8.05,0.04871,61.63,12.28,0.06322,52.5,21.41,0.10491,49.82,24.09,0.11967,50.68,23.23,0.11395,51.36,22.55,0.10752,42.52,31.39,0.1647,43.69,30.22,0.15991,68.77,5.14,0.04098,64.76,9.15,0.04331,59.74,14.17,0.06499,59.11,14.8,0.07068,54.98,18.93,0.07974,68.12,5.79,0.03983,64.64,9.27,0.05393,61.94,11.97,0.0579,58.26,15.65,0.07451,53.41,20.5,0.0968,67.37,6.54,0.04235,56.59,17.32,0.08988,58.26,15.65,0.07467,54.68,19.23,0.09146,47.3,26.61,0.16473,68.31,5.6,0.04155,62.95,10.96,0.05767,55.31,18.6,0.09109,54.18,19.73,0.10314,47.11,26.8,0.16234,72.74,1.17,0.03512,69.34,4.57,0.04151,64.71,9.2,0.05818,60.56,13.35,0.06215,49.37,24.54,0.10378,73.75,0.16,0.03213,73.46,0.45,0.0338,72.94,0.97,0.03008,72.03,1.88,0.03056,69.27,4.64,0.03643,71.45,2.46,0.04121,66.36,7.55,0.05248,61.84,12.07,0.0693,55.3,18.61,0.09182,32.64,41.27,0.22096,66.32,7.59,0.04541,65.91,8,0.04698,63.06,10.85,0.05294,59.09,14.82,0.05892,55.42,18.49,0.06553,68.76,5.15,0.04658,60.62,13.29,0.07895,55.04,18.87,0.12249,43.75,30.16,0.22096,33.12,40.79,0.31657,63.18,10.73,0.063,57.2,16.71,0.08485,55.42,18.49,0.09531,53.5,20.41,0.1077,50.92,22.99,0.12506
cifar10,efficientnet_b0,sparsity_clustering_quant_int8,sparsity_clustering_quant_int8,True,4.725,3.467,nan,7.92,56.72,92.1,0.09237,291.603,164.822,301.92,353.688,314.287,38.88,17.84,0.26559,28.96,27.76,0.37726,23.29,33.43,0.44545,21.34,35.38,0.46829,19.46,37.26,0.48864,44.38,12.34,0.20805,36.75,19.97,0.29039,26.74,29.98,0.40773,24.23,32.49,0.43754,20.93,35.79,0.47362,50.38,6.34,0.13535,43.3,13.42,0.19071,36.18,20.54,0.25369,25.13,31.59,0.37357,18.9,37.82,0.45824,54.72,2,0.10105,48.81,7.91,0.13847,41.88,14.84,0.18638,36.21,20.51,0.22885,29.36,27.36,0.28295,27.39,29.33,0.39142,27.74,28.98,0.3818,27.47,29.25,0.37957,23.52,33.2,0.42896,23.14,33.58,0.42884,42.39,14.33,0.19031,35.12,21.6,0.24917,30.7,26.02,0.28378,30.63,26.09,0.28767,27.83,28.89,0.30696,40.26,16.46,0.18703,38.79,17.93,0.19659,35.63,21.09,0.21869,33.95,22.77,0.23069,31.38,25.34,0.24781,51.57,5.15,0.13587,38.64,18.08,0.26806,41.37,15.35,0.22998,37.15,19.57,0.27094,32.81,23.91,0.32575,50.65,6.07,0.15485,44.4,12.32,0.21765,36.46,20.26,0.29909,35.66,21.06,0.30712,30.38,26.34,0.36428,53.45,3.27,0.11629,46.05,10.67,0.17123,40.01,16.71,0.22092,33.48,23.24,0.27998,23.48,33.24,0.38614,57.25,-0.53,0.08938,57.21,-0.49,0.09152,56.95,-0.23,0.09278,55.9,0.82,0.10078,53.06,3.66,0.12211,50.18,6.54,0.14347,37.31,19.41,0.24759,30.22,26.5,0.30697,23.09,33.63,0.36428,13.67,43.05,0.4174,45.21,11.51,0.15618,44.39,12.33,0.16515,39.52,17.2,0.19855,34.01,22.71,0.24539,30,26.72,0.29454,57.54,-0.82,0.0847,58.27,-1.55,0.07671,57.86,-1.14,0.08047,56.19,0.53,0.08686,52.02,4.7,0.10481,45.53,11.19,0.18104,41.92,14.8,0.20325,40.51,16.21,0.21381,38.76,17.96,0.22589,36.94,19.78,0.23291
cifar10,efficientnet_b0,qat_only,qat_only,True,4.715,3.475,nan,8.8,90.88,99.66,0.06837,101.462,99.117,101.5,101.261,103.383,74.3,16.58,0.0596,56.61,34.27,0.14969,39.36,51.52,0.30234,32.47,58.41,0.36772,27.25,63.63,0.42114,81.37,9.51,0.04925,72.72,18.16,0.05909,52.3,38.58,0.19029,44.91,45.97,0.25079,33.21,57.67,0.36072,87.57,3.31,0.0586,82.9,7.98,0.04483,76.8,14.08,0.04382,56.4,34.48,0.12695,34.38,56.5,0.32024,90.59,0.29,0.06869,89.55,1.33,0.06547,87.4,3.48,0.05932,83.76,7.12,0.05334,72.01,18.87,0.06153,56.79,34.09,0.11598,59.01,31.87,0.09886,61.83,29.05,0.08655,46.22,44.66,0.19055,48.62,42.26,0.1729,87.13,3.75,0.05978,82.34,8.54,0.04793,76.51,14.37,0.0488,76.48,14.4,0.04874,71.44,19.44,0.05065,86.4,4.48,0.06017,85.08,5.8,0.05477,81.64,9.24,0.0486,78.35,12.53,0.04509,71.26,19.62,0.06111,86.86,4.02,0.05193,75.26,15.62,0.05477,78.84,12.04,0.0484,75.6,15.28,0.05509,69.85,21.03,0.06588,86.63,4.25,0.05497,81.52,9.36,0.05665,72.76,18.12,0.06296,70.37,20.51,0.07002,60.89,29.99,0.10405,90.44,0.44,0.06674,90.25,0.63,0.06884,88.69,2.19,0.06256,86.72,4.16,0.05383,76.92,13.96,0.05575,90.7,0.18,0.06753,90.5,0.38,0.06526,90.22,0.66,0.06707,89.76,1.12,0.06535,88.6,2.28,0.06211,90.36,0.52,0.06453,89.29,1.59,0.06318,87.82,3.06,0.0559,85.47,5.41,0.05387,71.13,19.75,0.05942,86.04,4.84,0.05636,86.15,4.73,0.05512,84.03,6.85,0.05392,77.67,13.21,0.0473,71.95,18.93,0.04916,88.22,2.66,0.05815,82.23,8.65,0.05432,76.8,14.08,0.05407,57.98,32.9,0.1535,41.91,48.97,0.27333,84.36,6.52,0.04947,80.3,10.58,0.04383,78.66,12.22,0.04486,76.78,14.1,0.05011,74.11,16.77,0.05194
cifar10,efficientnet_b0,qat_int8,qat_int8,True,4.715,3.475,nan,10.277,90.7,99.67,0.06744,101.502,99.187,101.64,101.533,103.069,74.45,16.25,0.05956,56.23,34.47,0.15451,38.86,51.84,0.30668,32.11,58.59,0.37047,27.19,63.51,0.42198,81.19,9.51,0.05357,72.8,17.9,0.05879,52.36,38.34,0.18911,44.7,46,0.25382,33.01,57.69,0.36288,87.8,2.9,0.05974,83.04,7.66,0.04448,77.01,13.69,0.04297,56.65,34.05,0.12541,34.23,56.47,0.32193,90.61,0.09,0.06794,89.63,1.07,0.06381,87.49,3.21,0.06082,83.47,7.23,0.0543,72.16,18.54,0.05775,56.51,34.19,0.11776,58.91,31.79,0.10094,61.92,28.78,0.08162,46.59,44.11,0.18701,48.8,41.9,0.17069,87.09,3.61,0.06243,82.24,8.46,0.0492,76.26,14.44,0.05495,76.43,14.27,0.05228,70.87,19.83,0.05651,86.46,4.24,0.06039,85.13,5.57,0.05681,81.89,8.81,0.05129,78.1,12.6,0.04768,71.36,19.34,0.05999,86.91,3.79,0.0535,75.23,15.47,0.05356,78.71,11.99,0.0472,75.61,15.09,0.05569,70.01,20.69,0.06143,86.72,3.98,0.05618,81.43,9.27,0.05357,72.57,18.13,0.06412,70.68,20.02,0.06675,60.45,30.25,0.10586,90.33,0.37,0.06674,89.95,0.75,0.06581,88.97,1.73,0.06179,86.82,3.88,0.06062,76.78,13.92,0.05927,90.61,0.09,0.06493,90.53,0.17,0.06778,90.06,0.64,0.06509,89.65,1.05,0.06145,88.62,2.08,0.06075,90.44,0.26,0.06863,89.08,1.62,0.06215,87.94,2.76,0.05975,85.22,5.48,0.05567,70.19,20.51,0.05773,86.27,4.43,0.05634,86.29,4.41,0.05669,84.12,6.58,0.05383,78.18,12.52,0.04414,72.63,18.07,0.04362,88.1,2.6,0.05804,82.52,8.18,0.05446,76.75,13.95,0.05803,58.27,32.43,0.15265,42.14,48.56,0.27204,84.6,6.1,0.04821,80.34,10.36,0.04439,78.72,11.98,0.04578,77.09,13.61,0.04947,74.21,16.49,0.05279
cifar10,efficientnet_b0,cqat,cqat,True,4.696,3.489,nan,7.919,87.94,99.62,0.08718,121.418,104.755,116.349,128.245,132.157,73.51,14.43,0.03074,56.77,31.17,0.09927,39.57,48.37,0.2512,33.36,54.58,0.31298,27.99,59.95,0.37069,80.22,7.72,0.05782,71.77,16.17,0.02742,52.14,35.8,0.13966,43.98,43.96,0.21139,33.25,54.69,0.31495,83.58,4.36,0.08509,77.79,10.15,0.06873,71.06,16.88,0.04666,50.07,37.87,0.10686,29.61,58.33,0.31307,87.88,0.06,0.0905,86.75,1.19,0.0924,84.16,3.78,0.09081,80.32,7.62,0.08393,70.44,17.5,0.05301,54.93,33.01,0.07241,57.12,30.82,0.05612,59.3,28.64,0.04682,44.51,43.43,0.14259,46.75,41.19,0.12813,83.79,4.15,0.08973,77.97,9.97,0.07343,71.56,16.38,0.04618,71.53,16.41,0.04576,65.5,22.44,0.03186,82.76,5.18,0.09069,81.83,6.11,0.08912,78.84,9.1,0.08307,76.2,11.74,0.07238,69.83,18.11,0.04885,83.42,4.52,0.07497,71.39,16.55,0.03304,74.52,13.42,0.03809,71.37,16.57,0.02665,66.5,21.44,0.0391,83.67,4.27,0.07695,77.99,9.95,0.0511,69.28,18.66,0.03583,66.83,21.11,0.04714,57.12,30.82,0.09181,87.56,0.38,0.08844,86.01,1.93,0.08642,83.51,4.43,0.07822,79.82,8.12,0.07131,66.94,21,0.03315,87.78,0.16,0.08508,87.35,0.59,0.08261,87.09,0.85,0.08325,86.5,1.44,0.08238,85.21,2.73,0.08163,87.19,0.75,0.08588,83.52,4.42,0.07429,79.75,8.19,0.06154,70.91,17.03,0.02562,36.15,51.79,0.19719,82.44,5.5,0.08573,83.25,4.69,0.08847,80.67,7.27,0.08291,74.06,13.88,0.06672,68.19,19.75,0.04197,86.13,1.81,0.08716,81.52,6.42,0.06847,77.5,10.44,0.04726,61.85,26.09,0.07815,43.19,44.75,0.23464,82.61,5.33,0.07615,79.03,8.91,0.06896,77.79,10.15,0.06511,76.84,11.1,0.06426,74.49,13.45,0.05866
cifar10,efficientnet_b0,cqat_int8,cqat_int8,True,4.715,3.475,nan,10.7,88.8,99.56,0.08752,120.316,114.883,118.445,124.143,122.434,69.99,18.81,0.03469,48.77,40.03,0.17558,31.75,57.05,0.34242,25.91,62.89,0.40737,22.22,66.58,0.4497,78,10.8,0.03979,67.94,20.86,0.04755,44.78,44.02,0.21308,36.65,52.15,0.29219,26.51,62.29,0.39887,83.74,5.06,0.0787,77.47,11.33,0.05772,69.45,19.35,0.02704,46.31,42.49,0.1532,25.66,63.14,0.37044,88.48,0.32,0.0881,87.06,1.74,0.08533,84.57,4.23,0.08426,79.85,8.95,0.07466,69.13,19.67,0.0386,55.29,33.51,0.08844,58.14,30.66,0.06596,61.15,27.65,0.05475,45.27,43.53,0.15625,47.45,41.35,0.13703,83.58,5.22,0.07685,77.62,11.18,0.05685,71.15,17.65,0.03537,70.86,17.94,0.03746,64.99,23.81,0.03764,82.56,6.24,0.08228,81.24,7.56,0.07666,77.39,11.41,0.06183,73.88,14.92,0.04777,67.06,21.74,0.03795,83.21,5.59,0.06588,69.61,19.19,0.03773,73.99,14.81,0.03371,70.89,17.91,0.03299,65.1,23.7,0.04659,84.2,4.6,0.07211,78.15,10.65,0.04381,68.55,20.25,0.04697,66.02,22.78,0.06653,55.45,33.35,0.11751,88.2,0.6,0.08363,86.76,2.04,0.07967,85.34,3.46,0.08023,82.39,6.41,0.07298,71.12,17.68,0.04244,88.62,0.18,0.08511,87.93,0.87,0.08001,87.72,1.08,0.08007,86.97,1.83,0.07782,85.97,2.83,0.07739,87.68,1.12,0.08184,85.39,3.41,0.0739,83.21,5.59,0.06812,78.99,9.81,0.05377,55.91,32.89,0.06738,82.85,5.95,0.07736,83.92,4.88,0.08474,81.19,7.61,0.07688,75.25,13.55,0.06375,69.54,19.26,0.04215,85.81,2.99,0.07824,80.01,8.79,0.05195,74.6,14.2,0.0336,56.41,32.39,0.11857,41.37,47.43,0.2414,82.23,6.57,0.06867,78.16,10.64,0.05668,76.52,12.28,0.05337,75.31,13.49,0.051,72.52,16.28,0.03924
cifar10,efficientnet_b0,pqat,pqat,True,4.696,3.489,nan,9.497,91.04,99.7,0.06814,98.928,96.77,98.477,98.575,101.35,75.68,15.36,0.05886,58.09,32.95,0.13642,40.28,50.76,0.2915,33.39,57.65,0.361,27.57,63.47,0.41709,82.45,8.59,0.0479,74.31,16.73,0.05462,53.81,37.23,0.17626,45.87,45.17,0.2433,33.87,57.17,0.35374,87.4,3.64,0.05638,83.23,7.81,0.04769,77.53,13.51,0.04357,58.4,32.64,0.10532,35.62,55.42,0.30227,90.62,0.42,0.06573,89.85,1.19,0.06435,87.92,3.12,0.06018,84.46,6.58,0.05291,73.79,17.25,0.05468,58.78,32.26,0.1009,60.76,30.28,0.08633,63.64,27.4,0.07751,48.16,42.88,0.17525,50.85,40.19,0.15573,87.05,3.99,0.05929,82.37,8.67,0.04642,76.46,14.58,0.05396,76.6,14.44,0.0469,71.48,19.56,0.05366,86.94,4.1,0.05952,85.24,5.8,0.05667,82.24,8.8,0.04957,78.75,12.29,0.05208,72.71,18.33,0.06106,87.16,3.88,0.05278,76.4,14.64,0.05347,79.61,11.43,0.04607,76.25,14.79,0.05341,71.71,19.33,0.06268,87.23,3.81,0.06019,82.12,8.92,0.05725,73.5,17.54,0.06817,71.94,19.1,0.06471,62.25,28.79,0.09681,90.79,0.25,0.0664,90.04,1,0.06525,88.92,2.12,0.06182,86.76,4.28,0.05886,76.82,14.22,0.05838,90.93,0.11,0.06755,90.73,0.31,0.06659,90.38,0.66,0.06558,90.06,0.98,0.06419,88.84,2.2,0.06028,90.7,0.34,0.06612,89.46,1.58,0.06408,88.25,2.79,0.05996,85.33,5.71,0.05299,70.46,20.58,0.05982,86.26,4.78,0.05692,86.31,4.73,0.05717,84.67,6.37,0.05334,78.46,12.58,0.0439,72.46,18.58,0.04194,88.85,2.19,0.06259,83.44,7.6,0.05897,77.97,13.07,0.05471,59.08,31.96,0.15231,40.7,50.34,0.30483,85.04,6,0.04976,80.51,10.53,0.05145,79.56,11.48,0.04453,77.87,13.17,0.04809,74.88,16.16,0.05028
cifar10,efficientnet_b0,pqat_int8,pqat_int8,True,4.715,3.475,nan,8.645,90.92,99.67,0.0689,99.873,97.008,102.585,97.894,101.288,75.99,14.93,0.04856,57.76,33.16,0.13664,40.32,50.6,0.28773,32.92,58,0.35741,28.08,62.84,0.40361,82.35,8.57,0.04905,74.31,16.61,0.056,53.76,37.16,0.17287,45.16,45.76,0.24548,33.61,57.31,0.35121,86.98,3.94,0.0609,83.13,7.79,0.04783,77.1,13.82,0.0468,58.33,32.59,0.10784,36.28,54.64,0.29632,90.82,0.1,0.06933,89.71,1.21,0.06714,87.35,3.57,0.06007,83.12,7.8,0.05159,71.22,19.7,0.06262,58.64,32.28,0.10219,60.5,30.42,0.08705,62.92,28,0.0824,47.92,43,0.17534,50.34,40.58,0.1595,86.98,3.94,0.05904,81.49,9.43,0.05213,75.42,15.5,0.05957,75.41,15.51,0.05414,69.48,21.44,0.06077,86.63,4.29,0.05861,85.1,5.82,0.05144,81.21,9.71,0.05333,77.64,13.28,0.05402,70.86,20.06,0.06525,87.14,3.78,0.05272,76.19,14.73,0.0501,79.32,11.6,0.04614,76.34,14.58,0.0515,71.19,19.73,0.06421,87.16,3.76,0.05789,82.17,8.75,0.056,74.37,16.55,0.05802,71.96,18.96,0.06842,62.53,28.39,0.08915,90.9,0.02,0.06896,90.33,0.59,0.07187,89.24,1.68,0.06421,86.86,4.06,0.05677,77.56,13.36,0.06273,91.05,-0.13,0.06863,90.88,0.04,0.06741,90.24,0.68,0.06411,89.87,1.05,0.06588,89.01,1.91,0.06342,90.68,0.24,0.06862,89.49,1.43,0.06514,88.3,2.62,0.06476,85.94,4.98,0.05741,72.04,18.88,0.05779,85.85,5.07,0.05813,86.17,4.75,0.05726,84.25,6.67,0.05407,78.76,12.16,0.04006,72.89,18.03,0.04012,88.5,2.42,0.05958,82.65,8.27,0.05665,76.89,14.03,0.05892,58.42,32.5,0.15234,41.72,49.2,0.28662,84.54,6.38,0.05258,80.94,9.98,0.04848,79.29,11.63,0.04425,77.29,13.63,0.04873,74.26,16.66,0.05491
cifar10,efficientnet_b0,pcqat,pcqat,True,4.697,3.489,nan,7.77,88.51,99.6,0.07955,120.897,110.032,121.101,123.797,125.944,73.36,15.15,0.02757,52.08,36.43,0.13966,34.26,54.25,0.30476,28.41,60.1,0.36272,24.18,64.33,0.40707,80.99,7.52,0.05185,71.03,17.48,0.03618,47.45,41.06,0.18196,39.36,49.15,0.2555,29,59.51,0.35477,84.01,4.5,0.0761,78.23,10.28,0.06208,70.68,17.83,0.03759,47.32,41.19,0.12844,27.5,61.01,0.32508,87.92,0.59,0.07934,86.73,1.78,0.08149,83.17,5.34,0.07127,78.53,9.98,0.06026,68.02,20.49,0.03315,53.5,35.01,0.09389,56.11,32.4,0.07098,59.92,28.59,0.0501,43.9,44.61,0.15767,46.43,42.08,0.13295,83.08,5.43,0.06997,76.61,11.9,0.05082,70.75,17.76,0.03129,70.37,18.14,0.03666,65.46,23.05,0.03775,82.59,5.92,0.07682,80.99,7.52,0.07107,77.2,11.31,0.0563,74.2,14.31,0.04448,67.94,20.57,0.03829,83.56,4.95,0.0663,70.75,17.76,0.03261,74.31,14.2,0.0307,70.78,17.73,0.02914,65.54,22.97,0.03868,84.91,3.6,0.07249,79.28,9.23,0.04972,69.62,18.89,0.03333,67.74,20.77,0.0426,57.15,31.36,0.09359,87.84,0.67,0.07662,86.3,2.21,0.07335,85.04,3.47,0.07683,81.81,6.7,0.07109,69.39,19.12,0.03885,88.38,0.13,0.07992,88.31,0.2,0.08032,87.48,1.03,0.07502,87.23,1.28,0.07722,85.8,2.71,0.07594,87.75,0.76,0.07708,85.45,3.06,0.07542,82.93,5.58,0.06627,77.53,10.98,0.0424,49.1,39.41,0.15158,82.6,5.91,0.07245,82.77,5.74,0.07329,80.01,8.5,0.0661,74.8,13.71,0.05533,69.2,19.31,0.03324,85.38,3.13,0.07138,79.69,8.82,0.04736,74.67,13.84,0.03105,57.31,31.2,0.11196,40.45,48.06,0.241,82.96,5.55,0.06787,78.63,9.88,0.0566,77.28,11.23,0.049,75.46,13.05,0.0443,72.67,15.84,0.03513
cifar10,efficientnet_b0,pcqat_int8,pcqat_int8,True,4.716,3.474,nan,8.455,88.55,99.59,0.08031,119.733,112.481,117.216,122.001,125.423,71.41,17.14,0.03692,49.78,38.77,0.16778,32.39,56.16,0.33743,27.25,61.3,0.39281,23.32,65.23,0.43414,79.56,8.99,0.04783,69.12,19.43,0.04227,44.48,44.07,0.21953,37.15,51.4,0.28949,27.33,61.22,0.38943,84.15,4.4,0.07758,77.9,10.65,0.05908,69.94,18.61,0.02801,47.88,40.67,0.13662,28.4,60.15,0.33181,88.34,0.21,0.08159,87.02,1.53,0.08019,84.04,4.51,0.07403,79.35,9.2,0.06238,70.01,18.54,0.04149,53.74,34.81,0.09277,56.56,31.99,0.06452,59.59,28.96,0.05527,44.07,44.48,0.16065,47.14,41.41,0.13419,83.78,4.77,0.07382,77.43,11.12,0.05438,71.63,16.92,0.03857,72.04,16.51,0.03532,66.58,21.97,0.03825,82.56,5.99,0.07439,81.41,7.14,0.072,78.41,10.14,0.06459,75.14,13.41,0.05301,69.28,19.27,0.04153,83.59,4.96,0.06658,71.52,17.03,0.02604,75.33,13.22,0.03766,71.96,16.59,0.02834,66.7,21.85,0.03754,84.15,4.4,0.06868,78.72,9.83,0.04572,69.54,19.01,0.03926,67.17,21.38,0.04937,55.86,32.69,0.11292,88.12,0.43,0.07887,86.75,1.8,0.07473,85.3,3.25,0.07544,82.65,5.9,0.0711,72.07,16.48,0.04208,88.26,0.29,0.07774,87.98,0.57,0.07663,87.57,0.98,0.07548,87.03,1.52,0.07362,85.85,2.7,0.07227,87.6,0.95,0.07537,85.24,3.31,0.07018,82.49,6.06,0.06141,76.31,12.24,0.03399,46.89,41.66,0.18951,82.71,5.84,0.0719,82.89,5.66,0.07056,80.59,7.96,0.06769,74.59,13.96,0.05477,68.15,20.4,0.03446,86.23,2.32,0.07502,81.38,7.17,0.0559,77.03,11.52,0.03715,59.95,28.6,0.09391,42.5,46.05,0.24169,82.95,5.6,0.0688,78.99,9.56,0.05763,77.74,10.81,0.05396,76.18,12.37,0.0505,73.56,14.99,0.04328
cifar10,efficientnet_b0,pruning_20,pruning_20,False,16.385,1,4020358,25.877,91.66,99.66,0.07399,96.123,95.077,96.803,94.88,97.473,76.56,15.1,0.05498,58.68,32.98,0.11505,41.42,50.24,0.25185,34.11,57.55,0.31674,29.04,62.62,0.36254,82.98,8.68,0.04944,75.21,16.45,0.0552,54.78,36.88,0.14731,46.96,44.7,0.20592,35.09,56.57,0.30608,87.81,3.85,0.06064,84.1,7.56,0.0524,78.02,13.64,0.04496,58.19,33.47,0.09774,35.94,55.72,0.28116,91.55,0.11,0.07414,90.54,1.12,0.06962,88.19,3.47,0.06277,84.74,6.92,0.05601,73.67,17.99,0.05748,57.82,33.84,0.09708,59.81,31.85,0.0898,62.54,29.12,0.08565,47.23,44.43,0.16934,49.83,41.83,0.14948,87.77,3.89,0.06315,82.58,9.08,0.05021,76.77,14.89,0.05306,76.99,14.67,0.04697,71.62,20.04,0.05485,87.62,4.04,0.06465,86.31,5.35,0.06132,83.06,8.6,0.05467,79.76,11.9,0.04925,73.27,18.39,0.05757,87.64,4.02,0.06049,76.61,15.05,0.0568,80.03,11.63,0.04554,77.15,14.51,0.05398,71.97,19.69,0.06396,87.46,4.2,0.06371,82.61,9.05,0.05298,74.34,17.32,0.05786,72.34,19.32,0.06156,62.58,29.08,0.08688,91.26,0.4,0.073,90.59,1.07,0.07029,89.64,2.02,0.06697,87.71,3.95,0.0639,77.89,13.77,0.05785,91.54,0.12,0.07315,91.25,0.41,0.07166,90.88,0.78,0.06925,90.47,1.19,0.06906,89.34,2.32,0.06663,91.41,0.25,0.07318,90.24,1.42,0.06883,89.17,2.49,0.06575,86.48,5.18,0.0578,74.37,17.29,0.05611,87.04,4.62,0.06031,86.98,4.68,0.05761,84.81,6.85,0.05382,78.91,12.75,0.04662,73.27,18.39,0.04018,89.09,2.57,0.06323,83.64,8.02,0.05238,77.81,13.85,0.05488,58.6,33.06,0.14949,42.24,49.42,0.27399,85.34,6.32,0.05484,81.33,10.33,0.04175,79.59,12.07,0.0462,77.71,13.95,0.04995,74.77,16.89,0.04969
cifar10,efficientnet_b0,pruning_50,pruning_50,False,16.385,1,4020358,27.552,91.5,99.64,0.07051,96.406,96.241,96.265,95.663,97.416,76.11,15.39,0.0528,57.63,33.87,0.13717,40.17,51.33,0.2866,33.21,58.29,0.35175,28,63.5,0.40394,82.84,8.66,0.05395,74.37,17.13,0.05734,53.95,37.55,0.1704,45.98,45.52,0.23534,34.81,56.69,0.33571,87.79,3.71,0.06022,83.8,7.7,0.04937,78.22,13.28,0.04047,58.11,33.39,0.1025,35.55,55.95,0.29773,91.31,0.19,0.06965,90.47,1.03,0.06626,88.39,3.11,0.06335,85.04,6.46,0.05477,73.44,18.06,0.05937,58.42,33.08,0.09979,60.58,30.92,0.08601,63.49,28.01,0.07692,47.71,43.79,0.17039,50.13,41.37,0.15453,87.53,3.97,0.05969,82.91,8.59,0.0505,76.68,14.82,0.05291,76.71,14.79,0.05123,71.88,19.62,0.05546,87.52,3.98,0.06094,86.49,5.01,0.05681,83.3,8.2,0.0468,80.03,11.47,0.04452,73.52,17.98,0.05438,87.28,4.22,0.05362,76.41,15.09,0.05392,80.03,11.47,0.04584,76.82,14.68,0.05075,71.71,19.79,0.0607,87.34,4.16,0.06088,82.4,9.1,0.05484,74.16,17.34,0.0626,72.56,18.94,0.06168,62.61,28.89,0.08601,91.1,0.4,0.06881,90.67,0.83,0.0672,89.66,1.84,0.06425,87.6,3.9,0.06184,78.07,13.43,0.05833,91.26,0.24,0.0696,91.17,0.33,0.06982,90.75,0.75,0.06694,90.27,1.23,0.06656,89.07,2.43,0.06121,91.06,0.44,0.06872,90.17,1.33,0.06708,88.65,2.85,0.06354,86.61,4.89,0.05475,74.5,17,0.05494,86.77,4.73,0.05585,87,4.5,0.05689,85.31,6.19,0.05396,79.04,12.46,0.04505,73.37,18.13,0.04209,89.13,2.37,0.06314,83.35,8.15,0.05491,77.64,13.86,0.0627,59.09,32.41,0.14478,42.31,49.19,0.26956,85.49,6.01,0.05218,81.3,10.2,0.04307,79.71,11.79,0.04433,77.95,13.55,0.0476,74.89,16.61,0.05278
cifar10,efficientnet_b0,pruning_70,pruning_70,False,16.385,1,4020358,18.938,91.37,99.74,0.07106,96.45,96.129,97.101,95.617,96.874,76.28,15.09,0.05122,57.77,33.6,0.13074,40.01,51.36,0.28263,32.87,58.5,0.34977,27.58,63.79,0.40404,82.87,8.5,0.04992,74.69,16.68,0.05578,54.1,37.27,0.16343,45.89,45.48,0.23057,33.52,57.85,0.34451,87.77,3.6,0.06018,83.92,7.45,0.05141,78.23,13.14,0.04084,58.8,32.57,0.08977,36.32,55.05,0.28084,91.43,-0.06,0.07223,90.36,1.01,0.07008,87.98,3.39,0.06199,84.45,6.92,0.05478,73.58,17.79,0.05685,58.44,32.93,0.09391,60.49,30.88,0.08438,63.56,27.81,0.07373,47.97,43.4,0.16443,50.51,40.86,0.1459,87.21,4.16,0.06152,82.59,8.78,0.05012,76.71,14.66,0.05202,76.37,15,0.05194,71.66,19.71,0.05449,87.43,3.94,0.06365,86.26,5.11,0.05793,82.97,8.4,0.0508,79.66,11.71,0.05013,73.26,18.11,0.05928,87.52,3.85,0.05611,76.53,14.84,0.05194,80.04,11.33,0.04347,76.68,14.69,0.05583,71.48,19.89,0.06198,87.66,3.71,0.06196,82.5,8.87,0.05265,74.46,16.91,0.05956,72.24,19.13,0.06206,62.45,28.92,0.08829,91.15,0.22,0.07034,90.83,0.54,0.07086,89.4,1.97,0.06526,87.6,3.77,0.06205,78.17,13.2,0.05571,91.21,0.16,0.06943,90.99,0.38,0.06878,90.69,0.68,0.06705,90.34,1.03,0.06549,89.25,2.12,0.06862,91.23,0.14,0.07062,90.16,1.21,0.06736,89.08,2.29,0.06443,86.88,4.49,0.05587,75.59,15.78,0.05135,86.7,4.67,0.06067,86.98,4.39,0.05896,84.74,6.63,0.05724,78.55,12.82,0.04055,72.49,18.88,0.04488,89.3,2.07,0.06414,84.06,7.31,0.05353,78.65,12.72,0.05607,60.14,31.23,0.12861,42.18,49.19,0.26362,85.57,5.8,0.05465,81.23,10.14,0.04452,79.75,11.62,0.04362,77.84,13.53,0.0471,74.74,16.63,0.0508
cifar10,efficientnet_b0,pruning_90,pruning_90,False,16.385,1,4020358,20.59,91.36,99.68,0.07087,95.769,97.097,94.773,95.23,96.309,75.66,15.7,0.05825,57.19,34.17,0.13825,39.84,51.52,0.28419,32.53,58.83,0.35347,27.52,63.84,0.40171,82.51,8.85,0.04934,74.52,16.84,0.05587,53.75,37.61,0.16946,45.3,46.06,0.23692,33.81,57.55,0.34004,87.54,3.82,0.06166,83.72,7.64,0.05073,77.79,13.57,0.04174,57.82,33.54,0.10147,35.38,55.98,0.29418,91.21,0.15,0.07035,90.46,0.9,0.06871,88.47,2.89,0.06462,85.12,6.24,0.05566,74.4,16.96,0.05447,58.35,33.01,0.09498,60.54,30.82,0.0782,63.14,28.22,0.07819,47.73,43.63,0.16506,50.22,41.14,0.14628,87.87,3.49,0.06181,83.33,8.03,0.05037,77.79,13.57,0.05035,78.04,13.32,0.04637,73.36,18,0.04672,87.39,3.97,0.06206,86.35,5.01,0.05721,83.32,8.04,0.05235,80.11,11.25,0.04694,73.96,17.4,0.05236,87.63,3.73,0.05772,76.98,14.38,0.05178,80.18,11.18,0.04613,77.15,14.21,0.0496,72.16,19.2,0.05787,87.35,4.01,0.05795,82.47,8.89,0.05287,74.07,17.29,0.06222,72.44,18.92,0.0601,62.65,28.71,0.08927,91,0.36,0.06957,90.51,0.85,0.0661,89.64,1.72,0.06447,87.62,3.74,0.062,78.62,12.74,0.05418,91.26,0.1,0.07158,90.89,0.47,0.06809,90.79,0.57,0.06752,90.15,1.21,0.06551,89.29,2.07,0.06311,91.21,0.15,0.0702,90.09,1.27,0.06547,89.06,2.3,0.06427,86.97,4.39,0.05877,75.74,15.62,0.05793,87.11,4.25,0.0633,87.07,4.29,0.05676,85.07,6.29,0.05613,79.53,11.83,0.04389,73.41,17.95,0.04135,89.19,2.17,0.06456,83.53,7.83,0.05422,78.18,13.18,0.05445,59.65,31.71,0.13509,42.97,48.39,0.25968,85.3,6.06,0.04941,81.15,10.21,0.04666,79.54,11.82,0.044,77.75,13.61,0.04851,74.94,16.42,0.05148
cifar10,efficientnet_b0,kd_temp2,kd_temp2,False,16.384,1,4020358,33.027,91.09,99.77,0.0778,98.913,98.555,99.538,98.874,98.594,75.36,15.73,0.04767,55.63,35.46,0.13502,38.74,52.35,0.28,32.3,58.79,0.33676,28.08,63.01,0.37784,82.42,8.67,0.04898,72.97,18.12,0.05784,51.87,39.22,0.16589,44.07,47.02,0.23198,33.95,57.14,0.32096,87.66,3.43,0.06915,82.94,8.15,0.05539,77.12,13.97,0.03754,56.8,34.29,0.10119,35.63,55.46,0.2836,91.01,0.08,0.07852,90.14,0.95,0.07825,88.01,3.08,0.07464,84.15,6.94,0.0611,72.72,18.37,0.04759,56.34,34.75,0.09757,59.18,31.91,0.08476,61.68,29.41,0.07841,46.27,44.82,0.15965,49.16,41.93,0.13923,87.35,3.74,0.06986,82.24,8.85,0.05096,76.61,14.48,0.05035,76.79,14.3,0.04319,71.5,19.59,0.05057,86.82,4.27,0.07233,85.5,5.59,0.06579,82.55,8.54,0.05419,78.84,12.25,0.04595,72.36,18.73,0.05118,87.1,3.99,0.06473,76.14,14.95,0.04644,79.07,12.02,0.04414,75.73,15.36,0.04786,70.74,20.35,0.0543,87.12,3.97,0.06965,81.81,9.28,0.05089,72.74,18.35,0.056,70.22,20.87,0.06599,59.57,31.52,0.10033,90.9,0.19,0.07739,90.5,0.59,0.07916,89.19,1.9,0.07314,87.55,3.54,0.07014,78.18,12.91,0.04914,91.07,0.02,0.0776,90.87,0.22,0.07719,90.42,0.67,0.07524,90.08,1.01,0.07548,88.75,2.34,0.07159,91,0.09,0.07925,89.53,1.56,0.0741,88.54,2.55,0.07121,86.27,4.82,0.0632,76.08,15.01,0.04407,86.46,4.63,0.06701,86.97,4.12,0.07014,84.85,6.24,0.06589,78.17,12.92,0.04721,72.19,18.9,0.03855,88.83,2.26,0.07016,83.53,7.56,0.05158,78.19,12.9,0.04951,59.61,31.48,0.12845,42.32,48.77,0.24397,84.87,6.22,0.05782,80.94,10.15,0.04177,78.72,12.37,0.0458,77.29,13.8,0.0419,74.58,16.51,0.03849
cifar10,efficientnet_b0,kd_temp4,kd_temp4,False,16.384,1,4020358,21.34,91.15,99.81,0.07657,99.384,100.761,99.458,99.163,98.499,74.28,16.87,0.05089,54.31,36.84,0.15363,36.98,54.17,0.30792,30.53,60.62,0.36951,25.83,65.32,0.41643,81.74,9.41,0.04895,71.81,19.34,0.06447,51.23,39.92,0.1818,42.64,48.51,0.25754,31.53,59.62,0.36286,87.85,3.3,0.06818,83.1,8.05,0.0507,76.59,14.56,0.04068,56.76,34.39,0.10495,34.69,56.46,0.29931,91.08,0.07,0.07691,90.34,0.81,0.07653,88.22,2.93,0.07196,84.35,6.8,0.06139,73.64,17.51,0.04505,54.86,36.29,0.10942,56.45,34.7,0.09966,60.39,30.76,0.08012,44.38,46.77,0.17857,47.53,43.62,0.15695,88.06,3.09,0.07501,82.63,8.52,0.05332,77,14.15,0.04725,77.13,14.02,0.04533,71.54,19.61,0.05429,87.01,4.14,0.07153,85.78,5.37,0.06548,82.38,8.77,0.05453,78.87,12.28,0.04729,72.27,18.88,0.05276,86.71,4.44,0.05959,75.48,15.67,0.05064,79.19,11.96,0.04257,75.75,15.4,0.05041,70.48,20.67,0.05621,86.43,4.72,0.06465,81.32,9.83,0.04477,71.67,19.48,0.05749,69.32,21.83,0.06454,58.9,32.25,0.09994,91.14,0.01,0.07906,90.63,0.52,0.07826,89.53,1.62,0.07574,87.35,3.8,0.06642,77.99,13.16,0.04816,91.06,0.09,0.07706,91.06,0.09,0.0782,90.81,0.34,0.07817,90.34,0.81,0.07647,89.08,2.07,0.07184,90.94,0.21,0.07769,89.64,1.51,0.0743,88.34,2.81,0.07017,86.25,4.9,0.06296,73.68,17.47,0.04621,86.63,4.52,0.06863,87.44,3.71,0.07177,85.24,5.91,0.06418,79.06,12.09,0.04887,72.53,18.62,0.03562,88.87,2.28,0.06904,83.29,7.86,0.0498,77.43,13.72,0.05459,59.72,31.43,0.12311,43.14,48.01,0.24148,84.77,6.38,0.0533,81.23,9.92,0.0475,79.57,11.58,0.03893,77.64,13.51,0.04097,74.82,16.33,0.04314
cifar10,efficientnet_b0,kd_temp8,kd_temp8,False,16.384,1,4020358,25.679,91.05,99.78,0.07621,98.616,100.422,98.19,100.039,96.267,74.74,16.31,0.04647,54.98,36.07,0.14369,38.05,53,0.29144,31.72,59.33,0.35083,26.6,64.45,0.40137,81.87,9.18,0.04442,72.79,18.26,0.05431,51.42,39.63,0.17624,43.39,47.66,0.24557,32.55,58.5,0.34354,87.49,3.56,0.06496,83.22,7.83,0.05474,76.34,14.71,0.03945,55.23,35.82,0.12235,33.58,57.47,0.31333,91.02,0.03,0.07707,90.19,0.86,0.0762,88.17,2.88,0.07184,84.42,6.63,0.05823,74.29,16.76,0.0439,56.26,34.79,0.10002,58.21,32.84,0.09044,60.91,30.14,0.07607,46,45.05,0.1686,49.13,41.92,0.14526,87.48,3.57,0.07017,82.65,8.4,0.05186,77.22,13.83,0.04866,77.22,13.83,0.04206,72.24,18.81,0.04513,86.84,4.21,0.07056,85.8,5.25,0.06641,82.55,8.5,0.05603,79.33,11.72,0.04558,72.78,18.27,0.05164,86.85,4.2,0.06023,75.25,15.8,0.04583,78.88,12.17,0.03673,75.13,15.92,0.05139,69.64,21.41,0.05654,86.75,4.3,0.06386,81.38,9.67,0.04876,71.9,19.15,0.05409,69.62,21.43,0.06741,59.24,31.81,0.09885,91.06,-0.01,0.07762,90.63,0.42,0.07916,89.12,1.93,0.07134,87.49,3.56,0.0688,77.52,13.53,0.0448,90.95,0.1,0.07531,90.81,0.24,0.07553,90.61,0.44,0.07657,90.23,0.82,0.0752,88.98,2.07,0.07091,90.77,0.28,0.07552,89.59,1.46,0.07322,88.54,2.51,0.0693,86.88,4.17,0.06569,76.91,14.14,0.04226,86.71,4.34,0.06811,86.98,4.07,0.06764,84.89,6.16,0.06259,78.82,12.23,0.04545,72.29,18.76,0.03555,88.87,2.18,0.06933,83.75,7.3,0.04837,79.2,11.85,0.04859,62.19,28.86,0.10147,45.35,45.7,0.22524,84.98,6.07,0.05322,81.18,9.87,0.04484,79.79,11.26,0.04704,77.52,13.53,0.03823,74.84,16.21,0.04416
cifar10,efficientnet_b0,structured_pruning_30,structured_pruning_30,False,16.389,1,4020358,20.972,90.96,99.72,0.07406,100.564,103.101,101.739,98.241,99.81,75.35,15.61,0.04727,55.47,35.49,0.13987,37.29,53.67,0.30453,30.64,60.32,0.36792,25.62,65.34,0.42091,82.19,8.77,0.04868,73.65,17.31,0.05501,51.59,39.37,0.17568,42.82,48.14,0.25331,31.32,59.64,0.36372,87.38,3.58,0.06332,82.02,8.94,0.04455,74.61,16.35,0.04753,50.88,40.08,0.16144,29.23,61.73,0.369,90.68,0.28,0.07285,89.76,1.2,0.07177,87.43,3.53,0.0652,83.13,7.83,0.05249,72.76,18.2,0.04724,56.99,33.97,0.10978,59.25,31.71,0.08932,62.69,28.27,0.07506,45.83,45.13,0.19182,49.09,41.87,0.16048,86.62,4.34,0.06351,81.28,9.68,0.05114,75.88,15.08,0.05043,75.81,15.15,0.04671,70.95,20.01,0.05335,86.37,4.59,0.06147,84.9,6.06,0.05758,81.93,9.03,0.04823,78.45,12.51,0.04839,72.07,18.89,0.05383,86.87,4.09,0.0562,75.37,15.59,0.05359,78.92,12.04,0.04485,76.26,14.7,0.04422,70.83,20.13,0.06615,87.03,3.93,0.06186,82.35,8.61,0.05152,74.07,16.89,0.0557,71.57,19.39,0.06477,62.31,28.65,0.0866,90.83,0.13,0.07336,90.16,0.8,0.07116,89.34,1.62,0.07011,87.18,3.78,0.0623,78.89,12.07,0.04624,90.83,0.13,0.07337,90.55,0.41,0.07128,90.24,0.72,0.0709,89.88,1.08,0.0706,88.86,2.1,0.06817,90.83,0.13,0.07432,89.74,1.22,0.07028,88.24,2.72,0.06479,85.6,5.36,0.05699,70.18,20.78,0.05595,85.93,5.03,0.05938,86.33,4.63,0.06059,84.34,6.62,0.05703,78.2,12.76,0.03891,72,18.96,0.03898,88.87,2.09,0.06626,84.55,6.41,0.05599,79.73,11.23,0.05467,63.35,27.61,0.10108,43.7,47.26,0.24559,84.96,6,0.05163,81.03,9.93,0.0456,79.5,11.46,0.04956,77.76,13.2,0.04817,75.07,15.89,0.04713
cifar10,efficientnet_b0,structured_pruning_50,structured_pruning_50,False,16.389,1,4020358,25.259,88.88,99.62,0.07712,110.461,102.295,113.552,114.801,109.154,73.67,15.21,0.05193,56.26,32.62,0.12159,40.65,48.23,0.25576,34.08,54.8,0.31839,29.63,59.25,0.36431,80.19,8.69,0.04512,71.44,17.44,0.05842,51.6,37.28,0.15994,43.92,44.96,0.22847,33.51,55.37,0.32852,84.77,4.11,0.06244,78.87,10.01,0.04315,71.5,17.38,0.05401,53.65,35.23,0.12132,34.04,54.84,0.29333,88.61,0.27,0.07649,87.45,1.43,0.07357,85.02,3.86,0.06627,81.25,7.63,0.05423,72.27,16.61,0.04176,54.97,33.91,0.11199,57.08,31.8,0.09667,60.6,28.28,0.06718,43.32,45.56,0.20764,46.32,42.56,0.16947,83.93,4.95,0.06077,77.86,11.02,0.03884,71.48,17.4,0.04813,71.24,17.64,0.04314,65.33,23.55,0.06298,83.61,5.27,0.06433,82.76,6.12,0.05851,79.67,9.21,0.04991,76.89,11.99,0.04538,71.23,17.65,0.04061,84.01,4.87,0.05718,72.12,16.76,0.05173,75.55,13.33,0.04079,72.58,16.3,0.0454,68.1,20.78,0.06092,84.78,4.1,0.065,79.38,9.5,0.04584,70.28,18.6,0.06023,68.41,20.47,0.06458,58.36,30.52,0.10337,88.6,0.28,0.07638,87.9,0.98,0.07433,86.88,2,0.07346,84.97,3.91,0.07102,77.21,11.67,0.04826,88.81,0.07,0.07637,88.46,0.42,0.07427,88.18,0.7,0.07372,87.46,1.42,0.07121,86.13,2.75,0.0668,88.53,0.35,0.07601,86.88,2,0.07094,84.91,3.97,0.06315,81.82,7.06,0.05581,66.27,22.61,0.02702,83.08,5.8,0.05912,84.27,4.61,0.06512,82.02,6.86,0.05842,76.58,12.3,0.04364,69.9,18.98,0.04028,86.57,2.31,0.06767,83.62,5.26,0.05603,79.93,8.95,0.04022,67.01,21.87,0.0805,45.11,43.77,0.24411,83.18,5.7,0.05432,79.84,9.04,0.04442,78.87,10.01,0.04184,77.15,11.73,0.03752,75.56,13.32,0.03645
cifar10,efficientnet_b0,pruning_kd_70,pruning_kd_70,False,16.386,1,4020358,25.019,90.92,99.83,0.07736,99.511,100.406,101.393,99.482,96.986,74.85,16.07,0.04928,55.34,35.58,0.14119,37.62,53.3,0.30203,30.88,60.04,0.36451,25.88,65.04,0.41419,82.44,8.48,0.04583,73.25,17.67,0.05837,51.58,39.34,0.17608,42.84,48.08,0.25267,32.04,58.88,0.3535,87.63,3.29,0.06702,83.22,7.7,0.05589,76.84,14.08,0.03837,55.59,35.33,0.1189,33.47,57.45,0.31782,90.81,0.11,0.07659,89.99,0.93,0.07546,87.6,3.32,0.07011,84.19,6.73,0.06048,72.24,18.68,0.04156,56.9,34.02,0.09563,59.71,31.21,0.07895,62.2,28.72,0.07098,46.73,44.19,0.1615,49.59,41.33,0.13971,87.21,3.71,0.07075,81.76,9.16,0.04974,75.98,14.94,0.04522,75.9,15.02,0.04634,70.93,19.99,0.05243,86.28,4.64,0.07082,85.02,5.9,0.0634,81.48,9.44,0.05492,78.09,12.83,0.04512,71.14,19.78,0.05537,86.7,4.22,0.06047,75.75,15.17,0.04416,79.4,11.52,0.04101,75.75,15.17,0.04859,70.95,19.97,0.0577,86.76,4.16,0.06462,82.19,8.73,0.05186,72.49,18.43,0.05795,70.39,20.53,0.06359,59.72,31.2,0.10118,90.89,0.03,0.07698,90.55,0.37,0.07862,89.29,1.63,0.07445,87.2,3.72,0.06682,77.49,13.43,0.0413,90.93,-0.01,0.07629,90.74,0.18,0.0757,90.32,0.6,0.0742,89.91,1.01,0.07323,88.85,2.07,0.07117,91.02,-0.1,0.07891,89.86,1.06,0.0757,88.89,2.03,0.07376,86.74,4.18,0.06654,76.64,14.28,0.04454,86.56,4.36,0.06715,86.9,4.02,0.06783,84.69,6.23,0.06414,78.34,12.58,0.04895,72.69,18.23,0.04072,89.05,1.87,0.07096,84,6.92,0.05165,78.42,12.5,0.05218,60.55,30.37,0.11172,42.76,48.16,0.24344,85.18,5.74,0.05586,81.19,9.73,0.04508,79.73,11.19,0.04248,77.4,13.52,0.04347,74.86,16.06,0.0425
cifar10,efficientnet_b0,fp16,fp16,False,8.242,1.988,4020358,25.135,91.33,99.63,0.07454,99.967,99.956,99.882,99.988,100.039,74.14,17.19,0.05603,55.55,35.78,0.14804,38.42,52.91,0.29661,31.58,59.75,0.36271,26.82,64.51,0.4091,81.43,9.9,0.04509,72.85,18.48,0.05426,52.19,39.14,0.17975,44.1,47.23,0.24661,32.57,58.76,0.35351,87.48,3.85,0.06386,82.77,8.56,0.04783,76.65,14.68,0.04464,56.2,35.13,0.1141,33.95,57.38,0.30857,91.11,0.22,0.07496,90.19,1.14,0.0713,88.02,3.31,0.06518,84.24,7.09,0.05336,72.89,18.44,0.04654,55.51,35.82,0.11346,58.06,33.27,0.09391,60.65,30.68,0.08741,45.77,45.56,0.1778,48.11,43.22,0.16102,87.58,3.75,0.06493,82.59,8.74,0.04847,76.69,14.64,0.04539,76.93,14.4,0.04186,71.58,19.75,0.04688,87.09,4.24,0.06426,85.81,5.52,0.05892,82.37,8.96,0.04872,78.5,12.83,0.0455,71.51,19.82,0.05758,86.93,4.4,0.05476,75.03,16.3,0.05197,78.66,12.67,0.0438,75.68,15.65,0.04669,70.06,21.27,0.05992,86.49,4.84,0.0555,81.28,10.05,0.05148,72.47,18.86,0.06148,70.42,20.91,0.06228,60.28,31.05,0.09868,90.92,0.41,0.07374,90.54,0.79,0.07283,89.29,2.04,0.06724,87.63,3.7,0.06206,77.92,13.41,0.05085,91.06,0.27,0.07226,90.61,0.72,0.06997,90.26,1.07,0.06772,89.58,1.75,0.06525,88.74,2.59,0.06312,90.87,0.46,0.07145,89.79,1.54,0.06758,88.71,2.62,0.06352,86.55,4.78,0.05912,73.76,17.57,0.05235,86.77,4.56,0.06325,86.67,4.66,0.06053,84.85,6.48,0.05514,78.78,12.55,0.03995,72.92,18.41,0.03417,88.3,3.03,0.06219,82.41,8.92,0.05187,76.89,14.44,0.05532,57.99,33.34,0.14787,42.21,49.12,0.26165,84.57,6.76,0.04876,80.15,11.18,0.04216,78.95,12.38,0.03942,76.92,14.41,0.04497,73.99,17.34,0.04679
cifar10,convnext_tiny,baseline,baseline,False,112.163,1,28022218,39.815,63.6,96.7,0.09999,100,100,100,100,100,56.91,6.69,0.05439,49.47,14.13,0.02357,40.86,22.74,0.08669,37.62,25.98,0.11803,33.98,29.62,0.15631,59.81,3.79,0.07916,56.3,7.3,0.05435,46.3,17.3,0.03614,42.18,21.42,0.07157,35.93,27.67,0.13532,58.32,5.28,0.06469,51.11,12.49,0.01803,43.84,19.76,0.05351,32.81,30.79,0.15937,24.59,39.01,0.25007,63.79,-0.19,0.10782,61.94,1.66,0.10796,56.79,6.81,0.07703,51.54,12.06,0.05007,42.43,21.17,0.0616,52.56,11.04,0.02617,53.65,9.95,0.03747,56.72,6.88,0.06835,45.07,18.53,0.04446,49.61,13.99,0.0167,56.94,6.66,0.07791,50.13,13.47,0.04112,46.26,17.34,0.03461,45.79,17.81,0.03117,43.29,20.31,0.04332,57.1,6.5,0.08075,54.72,8.88,0.06355,52.03,11.57,0.05759,49.97,13.63,0.04327,46.7,16.9,0.04178,58.75,4.85,0.06422,48.35,15.25,0.02855,49.82,13.78,0.01184,48.07,15.53,0.01492,45.89,17.71,0.01949,60.35,3.25,0.08388,57.62,5.98,0.06735,52.11,11.49,0.02673,51.36,12.24,0.02428,45.33,18.27,0.03407,63.65,-0.05,0.10294,62.39,1.21,0.10058,60.76,2.84,0.09769,58.23,5.37,0.09413,48.78,14.82,0.04504,63.51,0.09,0.09957,63.46,0.14,0.10086,62.86,0.74,0.09837,62.42,1.18,0.09811,60.46,3.14,0.08864,63.23,0.37,0.10026,59.28,4.32,0.07783,55.49,8.11,0.05419,49.23,14.37,0.01733,33.41,30.19,0.11353,58.1,5.5,0.08369,58.7,4.9,0.09182,56.15,7.45,0.07542,55.25,8.35,0.07333,57.39,6.21,0.09783,63.22,0.38,0.09545,61.82,1.78,0.0805,61.18,2.42,0.07456,57.45,6.15,0.03861,53.34,10.26,0.02331,62.06,1.54,0.08881,61.77,1.83,0.09291,61.27,2.33,0.09276,60.92,2.68,0.09329,60.11,3.49,0.09143
cifar10,convnext_tiny,pruning,pruning,False,112.163,1,28022218,23.238,63.86,96.9,0.09514,98.905,100.464,98.724,98.713,98.111,57.04,6.82,0.05001,49.04,14.82,0.02828,40.48,23.38,0.09496,36.75,27.11,0.13207,33.45,30.41,0.16794,60.15,3.71,0.07556,56.2,7.66,0.04795,45.7,18.16,0.04417,41.64,22.22,0.08199,34.98,28.88,0.15052,58.38,5.48,0.05896,51.6,12.26,0.01263,44.19,19.67,0.05332,32.6,31.26,0.16734,24.08,39.78,0.26215,64.45,-0.59,0.1074,62.78,1.08,0.10713,58.14,5.72,0.08449,52.93,10.93,0.05306,43,20.86,0.0601,52.29,11.57,0.02421,53.61,10.25,0.02949,56.59,7.27,0.0617,44.79,19.07,0.05441,48.67,15.19,0.015,57.75,6.11,0.07799,50.8,13.06,0.03567,46.85,17.01,0.02578,46.5,17.36,0.03206,43.6,20.26,0.04576,58.24,5.62,0.08467,55.9,7.96,0.07262,53.24,10.62,0.0585,51.09,12.77,0.04603,47.89,15.97,0.03825,58.85,5.01,0.06015,48.52,15.34,0.02696,50.31,13.55,0.01152,48.68,15.18,0.01516,46.15,17.71,0.02234,61.39,2.47,0.08587,58.27,5.59,0.06834,52.74,11.12,0.02906,51.76,12.1,0.02049,45.71,18.15,0.03278,64.06,-0.2,0.1006,63.25,0.61,0.10247,61.12,2.74,0.09484,58.54,5.32,0.08977,49.38,14.48,0.04816,64.23,-0.37,0.09969,64.04,-0.18,0.10015,63.66,0.2,0.09949,63.09,0.77,0.09822,61.31,2.55,0.09151,63.69,0.17,0.09894,60.09,3.77,0.08097,56.36,7.5,0.05915,50.27,13.59,0.02105,33.61,30.25,0.10855,58.82,5.04,0.08355,59.66,4.2,0.0946,56.99,6.87,0.07645,56.1,7.76,0.07468,57.76,6.1,0.0944,63.95,-0.09,0.09659,62.64,1.22,0.08308,62.17,1.69,0.07987,58.64,5.22,0.04563,54.46,9.4,0.02013,62.79,1.07,0.08952,62.54,1.32,0.09437,62.16,1.7,0.09557,61.65,2.21,0.09305,60.89,2.97,0.09207
cifar10,convnext_tiny,ptq,ptq,True,29.619,3.787,nan,16.027,63.07,96.59,0.07304,101.945,102.408,101.449,102.354,101.686,55.59,7.48,0.02788,48.12,14.95,0.04949,39.63,23.44,0.12448,35.9,27.17,0.16263,32.65,30.42,0.19838,59.19,3.88,0.05316,54.78,8.29,0.01708,45.01,18.06,0.07348,40.79,22.28,0.11205,34,29.07,0.18247,57.53,5.54,0.03459,50.15,12.92,0.02642,42.71,20.36,0.08967,31.14,31.93,0.20672,22.92,40.15,0.30151,63.07,0,0.08082,61.31,1.76,0.07874,56.51,6.56,0.05491,51.18,11.89,0.04362,42.24,20.83,0.07223,50.53,12.54,0.02268,52.02,11.05,0.01448,55.25,7.82,0.03017,43.41,19.66,0.08932,47.42,15.65,0.03892,56.32,6.75,0.0538,49.57,13.5,0.03296,46.28,16.79,0.03375,45.81,17.26,0.03781,43.38,19.69,0.05626,56.58,6.49,0.05796,54.27,8.8,0.05271,51.44,11.63,0.04919,49.86,13.21,0.03736,46.67,16.4,0.04877,57.69,5.38,0.03256,46.79,16.28,0.0602,49.01,14.06,0.0265,47.82,15.25,0.01939,44.83,18.24,0.05247,59.64,3.43,0.05298,56.37,6.7,0.03105,50.55,12.52,0.02379,50.02,13.05,0.02234,43.43,19.64,0.07904,63.06,0.01,0.07583,61.8,1.27,0.07314,59.63,3.44,0.06442,56.87,6.2,0.05736,48.09,14.98,0.0271,62.94,0.13,0.07198,62.31,0.76,0.06801,62.16,0.91,0.06889,61.25,1.82,0.06464,59.37,3.7,0.05427,62.15,0.92,0.06836,57.73,5.34,0.04022,53.37,9.7,0.02063,47.45,15.62,0.03339,31.2,31.87,0.16018,57.23,5.84,0.05627,58.37,4.7,0.06707,55.7,7.37,0.04867,54.37,8.7,0.04367,56.32,6.75,0.06238,62.54,0.53,0.06661,61.75,1.32,0.05818,61.02,2.05,0.0516,58.06,5.01,0.02393,53.89,9.18,0.02415,61.56,1.51,0.06215,61.17,1.9,0.06775,60.61,2.46,0.06495,60.02,3.05,0.06384,59.79,3.28,0.0693
cifar10,convnext_tiny,qat,qat,True,29.619,3.787,nan,16.837,60.31,96.14,0.09131,105.409,104.323,103.41,106.84,106.792,54.1,6.21,0.04624,47.59,12.72,0.02076,39.33,20.98,0.09081,35.76,24.55,0.12701,32.49,27.82,0.16321,56.81,3.5,0.06948,53.05,7.26,0.04061,43.8,16.51,0.04582,40.36,19.95,0.07874,33.22,27.09,0.15422,54.48,5.83,0.05,47.78,12.53,0.01421,41.49,18.82,0.0629,30.66,29.65,0.17468,23.39,36.92,0.25894,60.43,-0.12,0.09923,59.36,0.95,0.10217,56.39,3.92,0.0898,51.39,8.92,0.05679,43.16,17.15,0.04091,48.81,11.5,0.0097,49.98,10.33,0.02191,53.01,7.3,0.05401,41.66,18.65,0.06368,45.29,15.02,0.02149,55.09,5.22,0.07496,48.91,11.4,0.04216,45.66,14.65,0.02733,45.24,15.07,0.03164,42.76,17.55,0.03678,55.87,4.44,0.08768,53.43,6.88,0.06994,51.37,8.94,0.05923,49.49,10.82,0.04901,46.92,13.39,0.03825,55.29,5.02,0.05203,45.81,14.5,0.03409,47.29,13.02,0.00812,45.89,14.42,0.01286,43.71,16.6,0.02841,57.49,2.82,0.0727,54.94,5.37,0.05832,49.01,11.3,0.02486,48.29,12.02,0.01636,43.36,16.95,0.04039,60.45,-0.14,0.0952,59.11,1.2,0.0936,57.02,3.29,0.0848,54.34,5.97,0.0771,46.13,14.18,0.03462,60.55,-0.24,0.09497,60.28,0.03,0.09186,60.19,0.12,0.09478,59.34,0.97,0.09103,57.01,3.3,0.07595,59.51,0.8,0.08783,55.14,5.17,0.06329,50.77,9.54,0.03289,44.29,16.02,0.02213,28.38,31.93,0.14768,55.54,4.77,0.08118,56.59,3.72,0.08973,55,5.31,0.08244,53.35,6.96,0.07489,53.78,6.53,0.08344,60,0.31,0.08864,59.03,1.28,0.07626,58.58,1.73,0.07229,56.06,4.25,0.04401,53.07,7.24,0.02676,58.77,1.54,0.08126,58.78,1.53,0.08702,58.22,2.09,0.08476,58.5,1.81,0.08954,57.51,2.8,0.08637
cifar10,convnext_tiny,pruning_qat,pruning_qat,True,29.643,3.784,nan,16.774,61.27,96.35,0.10168,104.532,102.154,104.152,105.324,105.904,54.94,6.33,0.05311,48.12,13.15,0.01718,40.78,20.49,0.07708,37.13,24.14,0.11398,33.88,27.39,0.14823,57.76,3.51,0.07737,54.39,6.88,0.05199,44.91,16.36,0.03523,41.44,19.83,0.06925,34.72,26.55,0.13884,55.58,5.69,0.05833,49.04,12.23,0.01282,42.78,18.49,0.05277,32.07,29.2,0.16057,24.75,36.52,0.2434,60.94,0.33,0.10393,59.54,1.73,0.10733,55.36,5.91,0.08401,50.15,11.12,0.05236,41.38,19.89,0.04573,49.57,11.7,0.01385,50.93,10.34,0.02728,53.66,7.61,0.05767,43.3,17.97,0.05117,46.97,14.3,0.01272,54.52,6.75,0.07439,48.29,12.98,0.04335,44.44,16.83,0.03177,44.69,16.58,0.02553,41.65,19.62,0.04401,55.03,6.24,0.08344,53.22,8.05,0.07101,50.02,11.25,0.05519,47.98,13.29,0.04651,45.49,15.78,0.04257,55.79,5.48,0.05601,46.82,14.45,0.02905,48.33,12.94,0.01084,46.77,14.5,0.01067,44.2,17.07,0.02262,58.4,2.87,0.08299,55.62,5.65,0.06671,50.07,11.2,0.02551,49.93,11.34,0.02223,44.04,17.23,0.03317,61.12,0.15,0.10349,59.98,1.29,0.10421,57.95,3.32,0.09803,54.37,6.9,0.08247,45.09,16.18,0.02999,61.31,-0.04,0.10073,60.63,0.64,0.09736,60.74,0.53,0.10078,59.97,1.3,0.09752,57.81,3.46,0.08604,60.22,1.05,0.09582,55.77,5.5,0.07286,52.29,8.98,0.05341,44.32,16.95,0.01756,28.69,32.58,0.13283,55.81,5.46,0.08701,55.98,5.29,0.08963,54.41,6.86,0.08183,52.75,8.52,0.0708,53.79,7.48,0.08369,61.62,-0.35,0.10517,59.6,1.67,0.0847,59.41,1.86,0.08246,56.7,4.57,0.05387,53,8.27,0.02834,60.17,1.1,0.09372,59.14,2.13,0.0906,58.62,2.65,0.0884,58.52,2.75,0.09185,57.57,3.7,0.08826
cifar10,convnext_tiny,pruning_kd,pruning_kd,False,112.164,1,28022218,27.2,64.13,96.83,0.10272,98.92,99.051,99.309,98.709,98.644,57.69,6.44,0.05959,49.91,14.22,0.01992,41.45,22.68,0.0809,37.93,26.2,0.1148,34.38,29.75,0.15191,60.58,3.55,0.08366,56.95,7.18,0.05899,46.71,17.42,0.03472,42.56,21.57,0.06929,36.18,27.95,0.13252,58.88,5.25,0.0677,51.58,12.55,0.02458,44.62,19.51,0.04663,33.46,30.67,0.15238,25.03,39.1,0.24451,64.46,-0.33,0.11217,62.35,1.78,0.10896,57.29,6.84,0.07954,52.03,12.1,0.05279,42.85,21.28,0.05982,52.76,11.37,0.02666,54.02,10.11,0.0364,57.15,6.98,0.07038,45.38,18.75,0.04292,49.8,14.33,0.01676,57.3,6.83,0.08045,50.32,13.81,0.03789,46.35,17.78,0.03325,45.93,18.2,0.03426,43.21,20.92,0.04527,57.4,6.73,0.08306,55.34,8.79,0.06861,52.38,11.75,0.05968,50.03,14.1,0.05039,47.19,16.94,0.04033,59.3,4.83,0.06806,49.18,14.95,0.02225,50.43,13.7,0.01962,48.89,15.24,0.01508,46.45,17.68,0.01533,61.25,2.88,0.08821,58.25,5.88,0.07184,52.79,11.34,0.03211,51.87,12.26,0.02295,45.54,18.59,0.03397,64.2,-0.07,0.10672,62.94,1.19,0.10409,61.17,2.96,0.09977,58.39,5.74,0.09317,49.05,15.08,0.05055,64.11,0.02,0.10338,63.88,0.25,0.10352,63.68,0.45,0.10417,62.84,1.29,0.09998,61.22,2.91,0.0944,63.83,0.3,0.10506,60.14,3.99,0.08547,56.36,7.77,0.06267,49.86,14.27,0.02035,33.59,30.54,0.10673,58.45,5.68,0.08497,59.37,4.76,0.09728,56.61,7.52,0.07691,55.62,8.51,0.07542,57.9,6.23,0.10004,64.13,0,0.10256,62.27,1.86,0.08348,61.89,2.24,0.07989,58.02,6.11,0.04182,53.89,10.24,0.02247,62.69,1.44,0.09242,62.49,1.64,0.09836,61.91,2.22,0.09643,61.31,2.82,0.09447,60.52,3.61,0.09391
cifar10,convnext_tiny,quant_int8,quant_int8,True,29.643,3.784,nan,14.331,62.99,96.82,0.07556,102.621,103.199,102.021,102.999,102.409,55.54,7.45,0.02458,47.63,15.36,0.04973,39.37,23.62,0.12442,35.42,27.57,0.16433,32.4,30.59,0.19841,58.71,4.28,0.04936,54.36,8.63,0.01754,44.27,18.72,0.07446,40.21,22.78,0.11414,33.65,29.34,0.18347,57.14,5.85,0.03417,49.37,13.62,0.0294,42.38,20.61,0.08933,30.5,32.49,0.21137,22.63,40.36,0.3021,62.9,0.09,0.082,61.12,1.87,0.07973,56.56,6.43,0.05607,51.06,11.93,0.04139,42.19,20.8,0.07072,50.24,12.75,0.02345,51.47,11.52,0.01602,54.89,8.1,0.03092,42.68,20.31,0.09273,47.17,15.82,0.03717,55.88,7.11,0.05417,49.66,13.33,0.02903,46.05,16.94,0.03378,45.33,17.66,0.03903,42.81,20.18,0.0591,56.44,6.55,0.05896,53.85,9.14,0.05518,51.64,11.35,0.04276,49.33,13.66,0.03593,46.27,16.72,0.04426,57.18,5.81,0.03083,46.83,16.16,0.05773,48.46,14.53,0.02656,47.34,15.65,0.02529,44.7,18.29,0.05416,59.52,3.47,0.05506,55.8,7.19,0.03222,50.22,12.77,0.0206,49.36,13.63,0.02574,43.05,19.94,0.079,62.73,0.26,0.07607,61.6,1.39,0.07392,59.23,3.76,0.06314,56.63,6.36,0.0578,47.69,15.3,0.02812,62.75,0.24,0.07333,62.47,0.52,0.07201,62.06,0.93,0.07077,61.31,1.68,0.06728,58.91,4.08,0.05217,61.91,1.08,0.06934,57.26,5.73,0.03971,53.7,9.29,0.01829,47.08,15.91,0.03296,30.73,32.26,0.16435,57.03,5.96,0.05626,57.92,5.07,0.0682,55.48,7.51,0.05157,54.07,8.92,0.04739,56.22,6.77,0.06527,62.45,0.54,0.06879,60.99,2,0.05333,60.7,2.29,0.05121,57.38,5.61,0.02303,53.51,9.48,0.02558,61.08,1.91,0.06129,61.05,1.94,0.06901,60.42,2.57,0.06643,59.96,3.03,0.06689,59.3,3.69,0.06708
cifar10,convnext_tiny,sparsity,sparsity,False,112.163,1,28022218,25.801,63.92,96.93,0.10375,101.893,101.803,103.476,101.227,101.045,56.23,7.69,0.0465,48.4,15.52,0.02936,39.67,24.25,0.10278,36.13,27.79,0.13816,32.75,31.17,0.17565,59.98,3.94,0.07876,55.54,8.38,0.04529,44.89,19.03,0.05286,40.94,22.98,0.08825,34.08,29.84,0.15929,58.49,5.43,0.0653,50.98,12.94,0.01424,43.17,20.75,0.06453,30.93,32.99,0.1868,22.95,40.97,0.27868,63.72,0.2,0.10925,61.12,2.8,0.1015,55.68,8.24,0.06773,49.68,14.24,0.0452,39.77,24.15,0.07811,51.67,12.25,0.01812,52.9,11.02,0.02664,55.97,7.95,0.06104,43.8,20.12,0.06149,47.99,15.93,0.01679,54.99,8.93,0.06403,47.3,16.62,0.03609,43.6,20.32,0.04339,43.2,20.72,0.04931,41.11,22.81,0.06259,55.63,8.29,0.07037,53.42,10.5,0.05508,50.12,13.8,0.04326,47.54,16.38,0.03832,44.07,19.85,0.05167,58.63,5.29,0.06261,48.03,15.89,0.03189,49.48,14.44,0.01251,48.29,15.63,0.01566,45.63,18.29,0.02452,60.93,2.99,0.08685,57.4,6.52,0.06335,51.41,12.51,0.02088,50.73,13.19,0.01706,44.31,19.61,0.04539,63.85,0.07,0.10674,61.99,1.93,0.10067,59.78,4.14,0.09273,56.38,7.54,0.07902,46.31,17.61,0.03788,63.76,0.16,0.1026,63.02,0.9,0.09761,62.4,1.52,0.09453,61.93,1.99,0.09437,59.62,4.3,0.08524,63.09,0.83,0.10121,58.16,5.76,0.07207,53.99,9.93,0.047,47.32,16.6,0.01534,31.05,32.87,0.13132,56.98,6.94,0.07605,57.62,6.3,0.08247,54.39,9.53,0.06285,53.14,10.78,0.05537,55.62,8.3,0.08189,63.7,0.22,0.10149,62.89,1.03,0.09379,62.18,1.74,0.08745,59.03,4.89,0.05746,54.49,9.43,0.02467,62.12,1.8,0.09018,61.87,2.05,0.09549,61.19,2.73,0.09289,60.86,3.06,0.0939,59.73,4.19,0.09067
cifar10,convnext_tiny,sparsity_quant_int8,sparsity_quant_int8,True,29.648,3.783,nan,33.572,63.15,96.58,0.07251,102.234,103.103,102.209,102.083,101.76,55.76,7.39,0.02097,47.57,15.58,0.05412,38.98,24.17,0.13353,35.88,27.27,0.16733,32.09,31.06,0.20799,59.06,4.09,0.04634,54.96,8.19,0.01885,44.16,18.99,0.08211,40.16,22.99,0.12122,33.72,29.43,0.1893,56.98,6.17,0.02683,49.6,13.55,0.03436,42.24,20.91,0.09821,30.28,32.87,0.22145,22.88,40.27,0.31059,63.59,-0.44,0.08307,61.17,1.98,0.07793,56.49,6.66,0.05776,50.85,12.3,0.04359,41.9,21.25,0.06724,49.85,13.3,0.03343,51.25,11.9,0.02087,54.51,8.64,0.0256,42.38,20.77,0.10226,46.51,16.64,0.05116,56.03,7.12,0.05023,48.87,14.28,0.03346,45.31,17.84,0.04197,45.37,17.78,0.04067,42.58,20.57,0.06464,56.89,6.26,0.05894,54.7,8.45,0.05039,51.3,11.85,0.0462,49.7,13.45,0.0335,46.34,16.81,0.04311,57.68,5.47,0.03215,47.47,15.68,0.05639,49.57,13.58,0.0218,48.16,14.99,0.0184,45.44,17.71,0.0478,60.31,2.84,0.05726,56.56,6.59,0.03434,50.77,12.38,0.01899,50.21,12.94,0.0221,44.31,18.84,0.07036,63.06,0.09,0.07513,61.15,2,0.06712,59.31,3.84,0.0617,56.44,6.71,0.05311,47.27,15.88,0.02658,63.06,0.09,0.07317,62.61,0.54,0.06953,62.11,1.04,0.06873,61.4,1.75,0.06426,59.53,3.62,0.05669,61.75,1.4,0.06232,57.75,5.4,0.04058,53.7,9.45,0.0194,47.9,15.25,0.02452,30.99,32.16,0.15111,57.35,5.8,0.05437,58.22,4.93,0.06783,55.35,7.8,0.05585,54.32,8.83,0.04271,55.57,7.58,0.05427,62.88,0.27,0.06817,61.97,1.18,0.05908,61.1,2.05,0.05109,57.97,5.18,0.02225,54.05,9.1,0.02261,61.77,1.38,0.06318,60.96,2.19,0.06276,60.57,2.58,0.06296,59.94,3.21,0.06125,59.57,3.58,0.06353
cifar10,convnext_tiny,clustering,clustering,False,112.164,1,28022218,19.263,28.55,72.24,0.07788,159.763,136.005,152.39,169.685,175.033,27.38,1.17,0.08761,25.97,2.58,0.10114,24.54,4.01,0.11147,24.04,4.51,0.11575,23.29,5.26,0.12323,27.44,1.11,0.08493,26.82,1.73,0.09341,25.34,3.21,0.10261,24.95,3.6,0.1091,23.7,4.85,0.11755,26.4,2.15,0.09854,25.48,3.07,0.10678,24.23,4.32,0.11456,22.36,6.19,0.12746,21.21,7.34,0.13533,28.62,-0.07,0.07381,28.79,-0.24,0.06721,28.67,-0.12,0.06375,28.29,0.26,0.06227,27.41,1.14,0.06814,25.76,2.79,0.09996,25.89,2.66,0.09742,26.2,2.35,0.08948,24.13,4.42,0.112,24.26,4.29,0.10465,27.41,1.14,0.07579,26.36,2.19,0.08484,25.16,3.39,0.09653,25.16,3.39,0.09534,24,4.55,0.1065,28.61,-0.06,0.06216,28.3,0.25,0.06527,27.75,0.8,0.06669,27.58,0.97,0.06759,26.84,1.71,0.07263,28.51,0.04,0.07157,28.62,-0.07,0.0696,28.78,-0.23,0.06629,29.51,-0.96,0.06112,28.25,0.3,0.06294,27.12,1.43,0.07661,26.22,2.33,0.07869,24.46,4.09,0.08773,25,3.55,0.08526,22.88,5.67,0.1039,27.84,0.71,0.07853,25.72,2.83,0.09095,24.24,4.31,0.10242,22.46,6.09,0.12145,19.69,8.86,0.15086,29.09,-0.54,0.0712,29.26,-0.71,0.07048,29.14,-0.59,0.07129,28.29,0.26,0.07358,26.7,1.85,0.07577,27.56,0.99,0.0724,24.9,3.65,0.08719,23.03,5.52,0.10632,20.25,8.3,0.13789,15.96,12.59,0.19803,26.91,1.64,0.08099,27.55,1,0.07222,27.69,0.86,0.06956,27.47,1.08,0.07014,26.64,1.91,0.07769,26.71,1.84,0.09113,26.2,2.35,0.09409,25.87,2.68,0.09595,23.7,4.85,0.1223,24.93,3.62,0.10101,28.2,0.35,0.07999,28.54,0.01,0.07105,28.52,0.03,0.07259,28.25,0.3,0.07445,28.39,0.16,0.07097
cifar10,convnext_tiny,clustering_quant_int8,clustering_quant_int8,True,29.649,3.783,nan,15.811,28.13,75.77,0.09521,160.862,136.686,154.081,168.898,177.739,26.67,1.46,0.10921,25.38,2.75,0.12152,24.26,3.87,0.13353,23.67,4.46,0.13822,23.42,4.71,0.14157,27.03,1.1,0.10499,26.23,1.9,0.11465,24.87,3.26,0.12711,24.49,3.64,0.13137,23.53,4.6,0.13787,25.98,2.15,0.11526,24.73,3.4,0.13036,24.01,4.12,0.13687,22.21,5.92,0.15367,21.05,7.08,0.16552,28,0.13,0.09261,27.98,0.15,0.08739,27.61,0.52,0.08708,27.31,0.82,0.08589,26.76,1.37,0.08975,24.81,3.32,0.13192,25.23,2.9,0.12707,25.15,2.98,0.1242,22.85,5.28,0.15685,23.36,4.77,0.14574,27.03,1.1,0.09376,25.73,2.4,0.10677,24.47,3.66,0.12266,24.22,3.91,0.12388,23.48,4.65,0.13391,27.86,0.27,0.08113,27.42,0.71,0.0864,27.12,1.01,0.08637,26.76,1.37,0.08923,25.85,2.28,0.0984,28.38,-0.25,0.08603,29.42,-1.29,0.0664,30.16,-2.03,0.05123,31.67,-3.54,0.02813,31.57,-3.44,0.01503,27.64,0.49,0.08747,27.37,0.76,0.08366,25.59,2.54,0.10418,24.91,3.22,0.11599,22.92,5.21,0.14523,27.05,1.08,0.10643,25.26,2.87,0.1227,23.34,4.79,0.14204,22.58,5.55,0.14703,19.77,8.36,0.17121,28.58,-0.45,0.08654,29.13,-1,0.07599,29.04,-0.91,0.07038,28.54,-0.41,0.07134,26.99,1.14,0.08469,25.78,2.35,0.1176,21.6,6.53,0.1661,19.33,8.8,0.19338,16.57,11.56,0.22834,12.76,15.37,0.28896,26.2,1.93,0.10296,26.97,1.16,0.09555,26.48,1.65,0.09849,26.97,1.16,0.09124,25.48,2.65,0.10977,26.26,1.87,0.115,26.26,1.87,0.11784,25.37,2.76,0.12508,23.72,4.41,0.1489,24.52,3.61,0.13634,27.53,0.6,0.10198,28.12,0.01,0.09274,27.69,0.44,0.09738,27.57,0.56,0.09761,27.68,0.45,0.09344
cifar10,convnext_tiny,sparsity_clustering,sparsity_clustering,False,112.165,1,28022218,31.284,32.98,81.26,0.0377,153.455,128.056,147.941,162.463,169.012,31.94,1.04,0.04376,30.65,2.33,0.05535,28.9,4.08,0.07213,28.76,4.22,0.07219,27.66,5.32,0.08108,32.04,0.94,0.04482,31.86,1.12,0.04417,29.68,3.3,0.06484,29.28,3.7,0.06498,27.95,5.03,0.07702,31.19,1.79,0.05039,29.69,3.29,0.06638,28.1,4.88,0.08219,26.47,6.51,0.0888,24.72,8.26,0.10298,32.42,0.56,0.03873,31.57,1.41,0.04313,30.53,2.45,0.05042,29.62,3.36,0.05945,28.34,4.64,0.07255,29.51,3.47,0.06537,29.23,3.75,0.06761,29.26,3.72,0.06539,27.15,5.83,0.08955,27.2,5.78,0.08583,29.74,3.24,0.05907,28.2,4.78,0.07303,26.79,6.19,0.0872,27.04,5.94,0.08493,25.79,7.19,0.09684,30.46,2.52,0.05011,29.91,3.07,0.05425,29.08,3.9,0.0607,28.48,4.5,0.06751,27.58,5.4,0.07552,32.61,0.37,0.036,33.01,-0.03,0.03363,33.41,-0.43,0.02712,33.11,-0.13,0.02764,31.87,1.11,0.03172,30.18,2.8,0.05069,28.69,4.29,0.05996,26.42,6.56,0.07985,26.14,6.84,0.08492,24.08,8.9,0.11145,31.43,1.55,0.04874,28.62,4.36,0.07208,26.6,6.38,0.08924,24.67,8.31,0.10866,20.88,12.1,0.14995,33.1,-0.12,0.03591,32.95,0.03,0.03816,32.94,0.04,0.03653,32.58,0.4,0.03683,30.7,2.28,0.04326,31.01,1.97,0.0469,27.32,5.66,0.07259,25.03,7.95,0.08912,21.83,11.15,0.11684,15.84,17.14,0.17552,29.78,3.2,0.05653,30.19,2.79,0.05475,29.54,3.44,0.05788,29.56,3.42,0.05726,29.67,3.31,0.05492,29.69,3.29,0.06936,28.5,4.48,0.08213,27.88,5.1,0.08857,24.27,8.71,0.13985,25.88,7.1,0.11174,32.87,0.11,0.03659,32.57,0.41,0.03826,32.34,0.64,0.04263,31.99,0.99,0.04308,31.57,1.41,0.04524
cifar10,convnext_tiny,sparsity_clustering_quant_int8,sparsity_clustering_quant_int8,True,29.654,3.782,nan,15.956,28.14,74.86,0.10903,161.91,135.346,155.981,172.769,176.902,27.3,0.84,0.11216,26.2,1.94,0.11643,24.88,3.26,0.12792,24.4,3.74,0.128,23.85,4.29,0.13578,27.75,0.39,0.10863,27.33,0.81,0.11146,25.98,2.16,0.11721,25.32,2.82,0.12348,24.45,3.69,0.12769,26.92,1.22,0.11384,25.56,2.58,0.12474,24.42,3.72,0.12975,22.68,5.46,0.13992,21.49,6.65,0.14808,27.84,0.3,0.11092,27.18,0.96,0.11244,26.86,1.28,0.11566,26.51,1.63,0.11601,25.51,2.63,0.12167,24.83,3.31,0.1364,24.81,3.33,0.13709,24.95,3.19,0.1341,22.82,5.32,0.15601,23.09,5.05,0.14993,25.78,2.36,0.12482,24.27,3.87,0.13586,23.42,4.72,0.14603,23.38,4.76,0.14518,22.06,6.08,0.16097,26.36,1.78,0.11679,26.15,1.99,0.11551,25.49,2.65,0.12026,24.94,3.2,0.12447,24.39,3.75,0.13012,27.72,0.42,0.10358,27.6,0.54,0.10118,28.84,-0.7,0.08205,28.62,-0.48,0.07642,27.28,0.86,0.08253,25.22,2.92,0.12147,23.87,4.27,0.127,22.35,5.79,0.14023,22.46,5.68,0.13982,21.18,6.96,0.15788,27.25,0.89,0.11273,25.29,2.85,0.13213,23.67,4.47,0.14272,22.27,5.87,0.15292,19.69,8.45,0.16787,27.85,0.29,0.10535,27.33,0.81,0.10916,26.49,1.65,0.11201,25.96,2.18,0.11387,24.59,3.55,0.11807,27.05,1.09,0.10845,23.53,4.61,0.13484,21.18,6.96,0.15136,18.46,9.68,0.17733,13.75,14.39,0.22982,25.87,2.27,0.11866,26.64,1.5,0.1184,26.31,1.83,0.117,25.86,2.28,0.12267,25.04,3.1,0.12893,26.31,1.83,0.12254,25.82,2.32,0.12596,25.58,2.56,0.12444,22.49,5.65,0.16143,25.61,2.53,0.12285,28.32,-0.18,0.10264,28.23,-0.09,0.10454,28.52,-0.38,0.1014,28.05,0.09,0.10309,27.99,0.15,0.10246
cifar10,convnext_tiny,qat_only,qat_only,True,29.641,3.784,nan,17.813,60.43,96.19,0.08923,105.964,105.083,104.335,107.042,107.178,53.75,6.68,0.03544,46.64,13.79,0.03549,38.65,21.78,0.10814,35.81,24.62,0.13737,31.84,28.59,0.18083,56.34,4.09,0.05914,52.81,7.62,0.03094,43.46,16.97,0.05795,39.45,20.98,0.10115,32.94,27.49,0.16732,54.47,5.96,0.04196,47.66,12.77,0.02215,41.18,19.25,0.07715,30.07,30.36,0.1929,22.98,37.45,0.27679,60.62,-0.19,0.09748,59.85,0.58,0.10671,55.63,4.8,0.08329,50.85,9.58,0.05662,41.3,19.13,0.05218,48.65,11.78,0.01099,49.8,10.63,0.01827,52.78,7.65,0.04526,41.73,18.7,0.07273,45.26,15.17,0.02806,54.32,6.11,0.07314,48.67,11.76,0.04215,44.44,15.99,0.03278,44.56,15.87,0.03688,42.12,18.31,0.03803,55.37,5.06,0.0833,53.35,7.08,0.07118,51.09,9.34,0.05481,48.85,11.58,0.05216,46.04,14.39,0.03582,55.22,5.21,0.04428,45.47,14.96,0.04449,46.98,13.45,0.01378,45.83,14.6,0.01379,43.44,16.99,0.03685,57.82,2.61,0.07166,54.6,5.83,0.04956,48.78,11.65,0.02028,48.85,11.58,0.01278,43.24,17.19,0.04884,60.3,0.13,0.09077,59.54,0.89,0.09459,56.88,3.55,0.07904,53.97,6.46,0.07042,45.35,15.08,0.03036,60.5,-0.07,0.0906,60.41,0.02,0.0905,60.04,0.39,0.09169,59.32,1.11,0.08718,57.13,3.3,0.07496,59.5,0.93,0.08455,55.31,5.12,0.06,51.54,8.89,0.03608,44.75,15.68,0.02431,28.97,31.46,0.14,55.42,5.01,0.07915,56.21,4.22,0.08562,54.44,5.99,0.08063,53.26,7.17,0.07289,53.95,6.48,0.08407,59.77,0.66,0.08174,58.55,1.88,0.06785,58.56,1.87,0.06838,55.71,4.72,0.03704,52.22,8.21,0.01484,58.55,1.88,0.07599,58.37,2.06,0.07861,57.66,2.77,0.07443,57.46,2.97,0.07667,57.87,2.56,0.08665
cifar10,convnext_tiny,qat_int8,qat_int8,True,29.641,3.784,nan,103.319,60.28,96.15,0.09117,105.68,104.512,103.636,107.052,107.228,54.08,6.2,0.04542,47.23,13.05,0.02066,39.39,20.89,0.09023,35.61,24.67,0.12922,32.51,27.77,0.16425,56.7,3.58,0.06972,52.87,7.41,0.04049,43.55,16.73,0.04776,40.35,19.93,0.07903,33.28,27,0.1535,54.55,5.73,0.04878,47.79,12.49,0.01809,40.97,19.31,0.06966,30.65,29.63,0.17523,23.21,37.07,0.26207,60.72,-0.44,0.1023,59.41,0.87,0.10253,55.72,4.56,0.08269,51.23,9.05,0.0538,42.89,17.39,0.04558,48.48,11.8,0.01389,50.03,10.25,0.01798,52.65,7.63,0.05002,42.09,18.19,0.06088,45.19,15.09,0.02426,54.69,5.59,0.07391,49.1,11.18,0.04452,45.81,14.47,0.02643,45,15.28,0.03187,42.71,17.57,0.03507,55.5,4.78,0.0836,53.63,6.65,0.07059,51.21,9.07,0.05835,49.5,10.78,0.05042,46.52,13.76,0.03748,55.41,4.87,0.05246,45.68,14.6,0.03355,46.77,13.51,0.01465,45.6,14.68,0.01148,43.6,16.68,0.02698,57.42,2.86,0.07312,54.94,5.34,0.05849,48.93,11.35,0.01676,48.84,11.44,0.01433,43.11,17.17,0.04236,60.35,-0.07,0.09417,59.21,1.07,0.09487,56.97,3.31,0.08437,54.2,6.08,0.07549,46.03,14.25,0.03723,60.38,-0.1,0.0923,60.39,-0.11,0.09343,59.85,0.43,0.09107,59.29,0.99,0.0899,56.71,3.57,0.0724,59.15,1.13,0.08599,54.91,5.37,0.06039,50.95,9.33,0.03505,44.65,15.63,0.01751,28.11,32.17,0.14976,55.53,4.75,0.08041,55.74,4.54,0.08371,54.31,5.97,0.07677,53.24,7.04,0.0731,54.03,6.25,0.08517,59.59,0.69,0.08291,58.58,1.7,0.07138,58.84,1.44,0.07452,56.09,4.19,0.04421,52.74,7.54,0.02347,58.51,1.77,0.07737,58.42,1.86,0.08361,58.09,2.19,0.08374,58.04,2.24,0.08514,57.73,2.55,0.08759
cifar10,convnext_tiny,cqat,cqat,True,29.62,3.787,nan,64.907,56.84,95.37,0.10625,109.991,95.507,112.202,111.975,116.659,54.49,2.35,0.08666,51.13,5.71,0.0603,47.29,9.55,0.02689,44.62,12.22,0.01648,42.65,14.19,0.01788,55.76,1.08,0.09882,54.25,2.59,0.08722,49.38,7.46,0.04699,47.09,9.75,0.02999,43.7,13.14,0.00761,53.41,3.43,0.0788,49.09,7.75,0.04397,44.71,12.13,0.01705,37.48,19.36,0.05621,32.25,24.59,0.10423,56.43,0.41,0.10828,53.92,2.92,0.09656,49.08,7.76,0.0618,44.33,12.51,0.03801,36.97,19.87,0.06136,50.33,6.51,0.05875,50.36,6.48,0.06044,52.05,4.79,0.07947,44.59,12.25,0.01611,47.71,9.13,0.04481,48.62,8.22,0.05927,43.57,13.27,0.03524,41.21,15.63,0.03552,41.77,15.07,0.02588,39.79,17.05,0.03392,47.91,8.93,0.05687,46.14,10.7,0.04242,44.03,12.81,0.03322,42.06,14.78,0.03805,39.75,17.09,0.04179,54.37,2.47,0.08525,48.44,8.4,0.03438,48.2,8.64,0.04568,45.52,11.32,0.03183,45.02,11.82,0.02855,55.11,1.73,0.09529,52.86,3.98,0.08012,49.09,7.75,0.05398,49.06,7.78,0.05218,45.24,11.6,0.02691,56.9,-0.06,0.11069,55.75,1.09,0.10949,53.08,3.76,0.0947,49.47,7.37,0.07642,41.75,15.09,0.03478,56.97,-0.13,0.10876,56.2,0.64,0.1025,55.94,0.9,0.10164,54.71,2.13,0.09445,52.05,4.79,0.07521,56.46,0.38,0.10903,50.36,6.48,0.06353,46.02,10.82,0.03339,38.58,18.26,0.03474,24.26,32.58,0.17251,50.43,6.41,0.07128,50.28,6.56,0.07005,48.08,8.76,0.05572,47.42,9.42,0.05506,48.8,8.04,0.0719,56.63,0.21,0.10411,55.51,1.33,0.09106,55.47,1.37,0.09129,52.27,4.57,0.05719,48.57,8.27,0.03271,56.5,0.34,0.10311,55.85,0.99,0.09971,55.49,1.35,0.09873,55.18,1.66,0.09868,54.31,2.53,0.09472
cifar10,convnext_tiny,cqat_int8,cqat_int8,True,29.642,3.784,nan,78.584,58.02,95.67,0.10853,108.453,95.874,110.506,110.266,114.022,55.42,2.6,0.08416,51.77,6.25,0.05409,46.67,11.35,0.0135,44.18,13.84,0.01609,41.4,16.62,0.04107,56.04,1.98,0.09157,54.81,3.21,0.08344,49.86,8.16,0.04169,47.72,10.3,0.0262,42.97,15.05,0.02202,53.84,4.18,0.07278,49.44,8.58,0.03527,44.38,13.64,0.01079,36.1,21.92,0.0894,29.39,28.63,0.15769,57.28,0.74,0.10883,54.94,3.08,0.1013,49.94,8.08,0.06878,45.56,12.46,0.03888,38.39,19.63,0.05023,50.15,7.87,0.04647,51.06,6.96,0.05575,52.9,5.12,0.07961,44.84,13.18,0.01148,48.04,9.98,0.03708,49.74,8.28,0.0671,44.11,13.91,0.03723,42.25,15.77,0.02773,41.73,16.29,0.03303,40.16,17.86,0.02796,49.23,8.79,0.06505,46.95,11.07,0.05754,45.13,12.89,0.03918,43.16,14.86,0.03764,41.16,16.86,0.0371,54.73,3.29,0.0767,49.05,8.97,0.03261,48.21,9.81,0.03528,46.64,11.38,0.03351,46.06,11.96,0.02364,55.68,2.34,0.09141,53.28,4.74,0.07256,50.02,8,0.05052,49.54,8.48,0.04601,46.09,11.93,0.02,57.99,0.03,0.11195,56.18,1.84,0.10504,54.03,3.99,0.09563,50.46,7.56,0.07814,42.17,15.85,0.02866,57.35,0.67,0.10577,57.59,0.43,0.10713,56.73,1.29,0.10037,55.56,2.46,0.09293,52.95,5.07,0.07688,56.81,1.21,0.10389,51.73,6.29,0.06989,47.63,10.39,0.04107,40.37,17.65,0.01842,25.67,32.35,0.14656,51.94,6.08,0.08008,50.72,7.3,0.07137,49.23,8.79,0.06568,48.36,9.66,0.06142,49.39,8.63,0.07124,57.89,0.13,0.10775,57.09,0.93,0.09971,56.73,1.29,0.09618,53.74,4.28,0.06592,50.72,7.3,0.03738,56.95,1.07,0.0978,56.88,1.14,0.10206,56.45,1.57,0.10021,56.03,1.99,0.09984,54.62,3.4,0.09227
cifar10,convnext_tiny,pqat,pqat,True,29.62,3.787,nan,15.787,60.61,96.28,0.09308,104.924,102.365,104.012,105.919,106.759,55.16,5.45,0.05377,48.34,12.27,0.01481,40.64,19.97,0.08089,37.34,23.27,0.11404,33.63,26.98,0.15273,57.8,2.81,0.07652,53.83,6.78,0.04699,44.98,15.63,0.03599,41.22,19.39,0.07363,34.67,25.94,0.13998,55.21,5.4,0.05181,48.78,11.83,0.01462,42.67,17.94,0.05631,32.13,28.48,0.16182,24.13,36.48,0.25151,61.29,-0.68,0.1078,59.58,1.03,0.10541,55.57,5.04,0.08366,50.8,9.81,0.05056,41.85,18.76,0.04722,49.48,11.13,0.01549,50.65,9.96,0.01993,53.47,7.14,0.05299,42.79,17.82,0.05956,46.62,13.99,0.01397,54.25,6.36,0.07048,48.31,12.3,0.03717,44.6,16.01,0.02527,44.72,15.89,0.02467,41.5,19.11,0.04302,54.92,5.69,0.07914,52.95,7.66,0.06974,50.26,10.35,0.05511,48.33,12.28,0.04895,46.38,14.23,0.03305,55.88,4.73,0.05526,46.68,13.93,0.02767,47.92,12.69,0.01385,45.9,14.71,0.01458,44.62,15.99,0.01855,58.52,2.09,0.08455,55.19,5.42,0.06045,50.07,10.54,0.02285,49.35,11.26,0.01495,43.43,17.18,0.04239,61.15,-0.54,0.10133,59.57,1.04,0.09826,57.86,2.75,0.09331,53.67,6.94,0.07048,45.83,14.78,0.03714,61.08,-0.47,0.09827,60.56,0.05,0.0944,60.12,0.49,0.09552,59.3,1.31,0.09019,57.22,3.39,0.08183,60.14,0.47,0.09437,55.24,5.37,0.06386,51.52,9.09,0.03978,43.73,16.88,0.02256,27.13,33.48,0.16877,55.63,4.98,0.0807,55.52,5.09,0.08102,53.78,6.83,0.07427,52.65,7.96,0.06792,53.83,6.78,0.08128,60.39,0.22,0.09089,59.48,1.13,0.08136,59.21,1.4,0.07929,56.99,3.62,0.05664,53.44,7.17,0.02923,59.42,1.19,0.08424,58.45,2.16,0.08333,58.66,1.95,0.08744,58.11,2.5,0.08425,57.59,3.02,0.08519
cifar10,convnext_tiny,pqat_int8,pqat_int8,True,29.642,3.784,nan,28.751,61.19,96.1,0.09537,104.567,102.689,103.428,105.393,106.288,55.28,5.91,0.04943,47.89,13.3,0.02496,40.19,21,0.09065,37.05,24.14,0.1226,33.49,27.7,0.15954,57.56,3.63,0.06848,53.67,7.52,0.04041,44.56,16.63,0.04614,41.14,20.05,0.07852,34.33,26.86,0.14886,55.58,5.61,0.05332,48.65,12.54,0.0138,42.42,18.77,0.0632,31.87,29.32,0.16714,24.22,36.97,0.2546,61.48,-0.29,0.10532,59.5,1.69,0.10225,55.52,5.67,0.08125,50.97,10.22,0.05136,42.41,18.78,0.036,49.76,11.43,0.00808,51.13,10.06,0.02556,53.92,7.27,0.05388,43.07,18.12,0.05775,46.54,14.65,0.01712,54.35,6.84,0.06946,48.41,12.78,0.03861,44.32,16.87,0.02973,44.57,16.62,0.03111,41.42,19.77,0.04333,55.95,5.24,0.08843,53.71,7.48,0.07208,51.16,10.03,0.05775,49.11,12.08,0.04787,46.55,14.64,0.03104,56.06,5.13,0.05327,47.15,14.04,0.03004,47.98,13.21,0.01458,46.68,14.51,0.01547,44.77,16.42,0.02389,58.16,3.03,0.07664,55.46,5.73,0.05817,50.45,10.74,0.02074,49.74,11.45,0.02133,44.74,16.45,0.03107,60.81,0.38,0.09582,59.52,1.67,0.09355,57.93,3.26,0.09087,54.36,6.83,0.07279,46.24,14.95,0.03228,60.96,0.23,0.09483,60.55,0.64,0.09042,60.2,0.99,0.09134,59.17,2.02,0.08639,57.8,3.39,0.08115,59.89,1.3,0.08791,55.2,5.99,0.05875,51.67,9.52,0.03885,45,16.19,0.01652,28.59,32.6,0.14222,55.62,5.57,0.07778,56.22,4.97,0.08376,54.73,6.46,0.08053,53.16,8.03,0.06848,54.44,6.75,0.08411,60.65,0.54,0.09114,59.38,1.81,0.0775,58.96,2.23,0.07555,56.27,4.92,0.04561,52.2,8.99,0.02048,59.46,1.73,0.0801,59.02,2.17,0.0823,58.67,2.52,0.08254,58.16,3.03,0.08064,57.94,3.25,0.08565
cifar10,convnext_tiny,pcqat,pcqat,True,29.621,3.787,nan,27.118,56.74,95.47,0.10881,111.838,98.827,114.854,113.331,117.089,53.72,3.02,0.08193,50.28,6.46,0.05055,45.19,11.55,0.01882,42.39,14.35,0.02319,39.66,17.08,0.05124,55.01,1.73,0.09361,53.16,3.58,0.07776,47.23,9.51,0.02719,45.39,11.35,0.01252,40.87,15.87,0.03605,52.57,4.17,0.07078,47.5,9.24,0.02642,42.49,14.25,0.01967,34.96,21.78,0.09191,29.3,27.44,0.14581,56.29,0.45,0.11319,53.51,3.23,0.10482,48.24,8.5,0.07171,42.63,14.11,0.04126,35.21,21.53,0.05955,48.75,7.99,0.04296,49.31,7.43,0.04829,50.57,6.17,0.07032,43.44,13.3,0.01674,45.91,10.83,0.02919,47.65,9.09,0.06445,41.92,14.82,0.0372,39.48,17.26,0.03514,39.72,17.02,0.03432,38.42,18.32,0.02931,47.24,9.5,0.06626,45.18,11.56,0.04595,42.26,14.48,0.03861,41,15.74,0.03263,38.2,18.54,0.04338,53.5,3.24,0.07804,47.3,9.44,0.02289,47.14,9.6,0.03645,44.39,12.35,0.02863,43.15,13.59,0.025,55.18,1.56,0.10131,52.86,3.88,0.08681,48.52,8.22,0.05118,47.58,9.16,0.04552,44.24,12.5,0.0196,56.99,-0.25,0.11571,55.27,1.47,0.11236,52.62,4.12,0.10026,49.06,7.68,0.08265,40.12,16.62,0.03777,56.5,0.24,0.1081,56.51,0.23,0.11145,55.59,1.15,0.1064,54.73,2.01,0.10248,51.96,4.78,0.08595,55.54,1.2,0.10547,49.65,7.09,0.06537,44.73,12.01,0.02798,37.1,19.64,0.03881,23.44,33.3,0.16801,50.28,6.46,0.08387,49.97,6.77,0.08114,47.54,9.2,0.06446,46.98,9.76,0.06163,48.79,7.95,0.08292,56.64,0.1,0.10644,56.32,0.42,0.10287,56.16,0.58,0.10256,53.1,3.64,0.07055,49.05,7.69,0.03257,56.57,0.17,0.1076,56.03,0.71,0.10731,55.38,1.36,0.10467,55.07,1.67,0.10567,53.79,2.95,0.10002
cifar10,convnext_tiny,pcqat_int8,pcqat_int8,True,29.643,3.784,nan,21.762,56.38,95.73,0.10015,110.921,96.752,113.455,112.738,117.196,54.11,2.27,0.08151,50.66,5.72,0.05229,46.23,10.15,0.01437,44.24,12.14,0.01242,41.55,14.83,0.03368,55.39,0.99,0.09238,54.16,2.22,0.08535,48.91,7.47,0.0388,46.61,9.77,0.02008,42.48,13.9,0.01715,52.4,3.98,0.06844,49.05,7.33,0.03954,43.71,12.67,0.01563,36.39,19.99,0.07528,31,25.38,0.12632,56.19,0.19,0.10382,53.09,3.29,0.0879,48.07,8.31,0.05227,43.63,12.75,0.0364,36.28,20.1,0.06149,49.83,6.55,0.05089,50.5,5.88,0.05758,51.7,4.68,0.07179,44.11,12.27,0.0175,47.8,8.58,0.04308,47.67,8.71,0.05147,43.12,13.26,0.02481,40.29,16.09,0.03514,40.55,15.83,0.03274,38.89,17.49,0.03858,47.51,8.87,0.05197,45.53,10.85,0.0388,42.86,13.52,0.04027,41.66,14.72,0.03203,39.26,17.12,0.04392,54.16,2.22,0.08111,48.32,8.06,0.03418,47.85,8.53,0.04307,45.05,11.33,0.02987,44.89,11.49,0.03271,55.29,1.09,0.09612,52.29,4.09,0.07373,48.54,7.84,0.04609,48.72,7.66,0.04774,45.52,10.86,0.0232,56.49,-0.11,0.10423,54.81,1.57,0.0967,52.53,3.85,0.08889,49.01,7.37,0.06862,41.18,15.2,0.03441,56.58,-0.2,0.10216,56,0.38,0.09848,55.33,1.05,0.09513,54.44,1.94,0.08973,52.23,4.15,0.07624,55.45,0.93,0.09863,50.48,5.9,0.06458,45.91,10.47,0.02991,38.48,17.9,0.03583,23.79,32.59,0.17026,49.9,6.48,0.06599,49.28,7.1,0.0613,47.2,9.18,0.04578,47.2,9.18,0.05008,48.59,7.79,0.06492,56.71,-0.33,0.10439,55.51,0.87,0.09162,55.52,0.86,0.09186,52.6,3.78,0.06192,50.22,6.16,0.03783,56.21,0.17,0.09839,55.48,0.9,0.0953,54.95,1.43,0.0922,54.61,1.77,0.09216,53.74,2.64,0.08882
cifar10,convnext_tiny,pruning_20,pruning_20,False,112.164,1,28022218,24.414,64.24,96.9,0.09747,98.989,100.458,98.925,98.755,98.187,56.93,7.31,0.04841,48.94,15.3,0.03173,40.65,23.59,0.0928,36.96,27.28,0.12897,33.58,30.66,0.16578,60.57,3.67,0.07904,56.07,8.17,0.04655,45.71,18.53,0.0445,41.55,22.69,0.08271,35.29,28.95,0.14586,58.16,6.08,0.05639,50.98,13.26,0.0117,43.9,20.34,0.05611,32.55,31.69,0.16651,24.42,39.82,0.25656,64.34,-0.1,0.10543,62.86,1.38,0.10751,57.84,6.4,0.08083,52.53,11.71,0.05166,42.59,21.65,0.06266,52.02,12.22,0.02359,53.7,10.54,0.02956,57.1,7.14,0.06591,44.75,19.49,0.05261,48.87,15.37,0.01567,57.74,6.5,0.07886,50.78,13.46,0.04105,46.57,17.67,0.03044,46.56,17.68,0.02981,43.86,20.38,0.04194,58.28,5.96,0.08474,55.88,8.36,0.07034,52.89,11.35,0.05846,50.59,13.65,0.05049,47.52,16.72,0.04323,58.96,5.28,0.06019,48.69,15.55,0.02864,50.35,13.89,0.0109,48.69,15.55,0.01227,45.88,18.36,0.02336,61.13,3.11,0.08218,57.96,6.28,0.06503,52.46,11.78,0.02682,51.43,12.81,0.02217,45.68,18.56,0.03471,64.32,-0.08,0.10179,63.31,0.93,0.10206,61.39,2.85,0.09654,58.37,5.87,0.08782,49.28,14.96,0.04675,64.3,-0.06,0.09883,64.17,0.07,0.09957,63.67,0.57,0.09802,63.03,1.21,0.096,61.48,2.76,0.09101,63.81,0.43,0.09756,60.4,3.84,0.08243,56.56,7.68,0.05943,50.52,13.72,0.02185,33.79,30.45,0.10561,59.08,5.16,0.08679,59.76,4.48,0.09513,56.78,7.46,0.07486,55.84,8.4,0.07199,57.63,6.61,0.09355,63.97,0.27,0.09492,62.49,1.75,0.08094,62.33,1.91,0.08034,58.67,5.57,0.04372,53.79,10.45,0.02406,62.81,1.43,0.08875,62.21,2.03,0.09041,61.93,2.31,0.09211,61.48,2.76,0.09131,60.95,3.29,0.09318
cifar10,convnext_tiny,pruning_50,pruning_50,False,112.164,1,28022218,39.285,64.1,96.88,0.09646,98.819,100.435,99,98.427,97.818,56.91,7.19,0.04872,49.1,15,0.02694,40.7,23.4,0.09332,36.92,27.18,0.13095,33.45,30.65,0.16835,60.49,3.61,0.07824,56.63,7.47,0.05193,45.69,18.41,0.045,41.62,22.48,0.08315,35.25,28.85,0.14841,58.48,5.62,0.05959,51.24,12.86,0.0135,43.66,20.44,0.06014,32.29,31.81,0.17168,23.97,40.13,0.26473,64.58,-0.48,0.10809,62.95,1.15,0.10859,57.93,6.17,0.07964,52.47,11.63,0.05393,42.86,21.24,0.06162,52.28,11.82,0.02255,53.65,10.45,0.03192,56.85,7.25,0.06356,44.78,19.32,0.05306,48.69,15.41,0.01701,57.58,6.52,0.07609,50.57,13.53,0.03499,46.59,17.51,0.03232,46.4,17.7,0.0326,43.77,20.33,0.04342,57.94,6.16,0.08149,56,8.1,0.06934,52.82,11.28,0.05574,50.47,13.63,0.04858,47.28,16.82,0.04236,59.22,4.88,0.0628,48.71,15.39,0.02693,50.06,14.04,0.01047,48.55,15.55,0.01343,46.52,17.58,0.01954,61.33,2.77,0.08277,58.63,5.47,0.06952,52.87,11.23,0.02736,52.04,12.06,0.01803,45.9,18.2,0.03662,64.4,-0.3,0.10292,63.06,1.04,0.09955,61.36,2.74,0.09553,58.5,5.6,0.08848,49.38,14.72,0.04671,64.34,-0.24,0.09978,64.23,-0.13,0.10058,63.6,0.5,0.09751,63.18,0.92,0.0977,61.67,2.43,0.09282,63.95,0.15,0.09991,60.48,3.62,0.08359,56.57,7.53,0.05982,50.8,13.3,0.02546,34.2,29.9,0.10214,58.66,5.44,0.08233,59.54,4.56,0.09366,56.87,7.23,0.07551,56.1,8,0.07447,57.69,6.41,0.09416,63.99,0.11,0.09588,62.8,1.3,0.08405,62.27,1.83,0.07949,58.56,5.54,0.04397,54.72,9.38,0.01912,62.98,1.12,0.09081,62.73,1.37,0.09626,62.1,2,0.09402,61.71,2.39,0.09384,61.14,2.96,0.09535
cifar10,convnext_tiny,pruning_70,pruning_70,False,112.164,1,28022218,46.5,63.92,96.81,0.09369,98.803,100.007,98.703,98.682,98.122,57.14,6.78,0.0478,49.36,14.56,0.02779,40.84,23.08,0.09377,37.18,26.74,0.12938,33.61,30.31,0.16749,60.25,3.67,0.07401,56.51,7.41,0.04819,46.17,17.75,0.04127,41.97,21.95,0.08096,35.83,28.09,0.14295,58.3,5.62,0.05569,51.52,12.4,0.01239,43.98,19.94,0.05828,32.94,30.98,0.16591,24.37,39.55,0.26008,64.18,-0.26,0.10221,62.93,0.99,0.10915,58.04,5.88,0.07969,52.58,11.34,0.05216,42.91,21.01,0.06035,52.46,11.46,0.02301,53.58,10.34,0.02836,56.56,7.36,0.05897,44.86,19.06,0.05335,48.9,15.02,0.01597,57.66,6.26,0.07846,50.87,13.05,0.03386,46.74,17.18,0.02659,46.42,17.5,0.0315,43.9,20.02,0.04038,58.29,5.63,0.08411,56.46,7.46,0.07133,53.53,10.39,0.05283,50.96,12.96,0.04121,47.54,16.38,0.04117,59.33,4.59,0.06197,48.72,15.2,0.03352,50.2,13.72,0.0085,48.84,15.08,0.00992,46.45,17.47,0.0246,61.46,2.46,0.08483,58.17,5.75,0.06707,52.37,11.55,0.02278,51.78,12.14,0.02286,46,17.92,0.03432,64.26,-0.34,0.10001,63.09,0.83,0.09849,60.87,3.05,0.09271,58.62,5.3,0.08814,49.63,14.29,0.0439,64.14,-0.22,0.09676,64.14,-0.22,0.09848,63.69,0.23,0.09753,62.68,1.24,0.09198,61.1,2.82,0.08721,63.6,0.32,0.09446,60.08,3.84,0.07741,56.52,7.4,0.05686,50.23,13.69,0.02019,34.01,29.91,0.10878,58.87,5.05,0.08217,59.96,3.96,0.0957,56.67,7.25,0.072,56.23,7.69,0.07408,57.66,6.26,0.0914,63.89,0.03,0.09304,62.77,1.15,0.08266,62.08,1.84,0.07683,59.22,4.7,0.04875,54.14,9.78,0.01888,62.7,1.22,0.08584,62.27,1.65,0.08912,62.08,1.84,0.09129,61.58,2.34,0.0901,60.69,3.23,0.08783
cifar10,convnext_tiny,pruning_90,pruning_90,False,112.164,1,28022218,28.23,64.11,96.84,0.09718,99.118,100.65,99.221,98.83,98.155,57.1,7.01,0.0502,48.9,15.21,0.02743,40.37,23.74,0.09724,36.69,27.42,0.13377,33.34,30.77,0.17015,60.47,3.64,0.07886,56.07,8.04,0.0466,45.35,18.76,0.04737,41.58,22.53,0.08364,35.06,29.05,0.15065,58.2,5.91,0.05671,51.19,12.92,0.01051,43.91,20.2,0.05759,32.39,31.72,0.17067,24.07,40.04,0.26368,64.34,-0.23,0.10694,62.97,1.14,0.11087,57.98,6.13,0.08456,52.15,11.96,0.05374,42.57,21.54,0.06207,52.15,11.96,0.01808,53.53,10.58,0.03232,56.71,7.4,0.06255,44.68,19.43,0.05636,49,15.11,0.01611,57.56,6.55,0.07969,50.29,13.82,0.03891,46.31,17.8,0.03056,46.37,17.74,0.02939,43.7,20.41,0.04331,57.78,6.33,0.08153,55.52,8.59,0.06957,52.86,11.25,0.05429,50.56,13.55,0.04493,47.32,16.79,0.03672,58.93,5.18,0.05983,48.89,15.22,0.02569,50.14,13.97,0.01055,48.51,15.6,0.01605,46.04,18.07,0.02328,61.19,2.92,0.08286,58.17,5.94,0.06646,52.44,11.67,0.0241,51.28,12.83,0.01908,45.67,18.44,0.03586,64.36,-0.25,0.1034,63.11,1,0.10117,61.21,2.9,0.0967,58.51,5.6,0.09079,48.82,15.29,0.04822,64.41,-0.3,0.1011,64.11,0,0.10016,63.58,0.53,0.09813,63.16,0.95,0.09822,61.4,2.71,0.09125,63.87,0.24,0.09935,60.41,3.7,0.08294,56.41,7.7,0.05786,50.37,13.74,0.02054,33.61,30.5,0.1087,58.84,5.27,0.08544,59.69,4.42,0.09624,56.89,7.22,0.07719,55.63,8.48,0.073,57.72,6.39,0.09595,64.1,0.01,0.09766,62.51,1.6,0.08148,61.99,2.12,0.07744,58.93,5.18,0.04682,54.36,9.75,0.02086,62.73,1.38,0.08888,62.41,1.7,0.09453,62.12,1.99,0.09547,61.45,2.66,0.09271,60.93,3.18,0.09368
cifar10,convnext_tiny,kd_temp2,kd_temp2,False,112.163,1,28022218,37.753,64.04,96.9,0.10203,98.898,99.35,99.148,98.768,98.439,57.33,6.71,0.05668,49.83,14.21,0.01954,41.29,22.75,0.08288,37.67,26.37,0.11763,34.27,29.77,0.15316,60.41,3.63,0.0822,56.8,7.24,0.05794,46.58,17.46,0.03489,42.4,21.64,0.07018,36.22,27.82,0.13235,58.59,5.45,0.06465,51.5,12.54,0.02179,44.43,19.61,0.04818,33.19,30.85,0.155,24.9,39.14,0.24615,64.26,-0.22,0.11082,62.48,1.56,0.11108,57.61,6.43,0.08179,52.31,11.73,0.0511,42.76,21.28,0.05969,52.66,11.38,0.02395,53.97,10.07,0.03693,57.01,7.03,0.0697,45.53,18.51,0.04139,49.95,14.09,0.01578,57.32,6.72,0.08114,50.41,13.63,0.04143,46.44,17.6,0.03365,45.94,18.1,0.03567,43.6,20.44,0.04041,57.55,6.49,0.08465,55.43,8.61,0.0695,52.55,11.49,0.05784,50.23,13.81,0.05045,47.08,16.96,0.04291,59.12,4.92,0.06647,49.11,14.93,0.02392,50.19,13.85,0.01497,48.61,15.43,0.0175,46.46,17.58,0.01701,61.49,2.55,0.09063,58.4,5.64,0.07347,52.47,11.57,0.02989,51.81,12.23,0.02539,45.53,18.51,0.0332,64.29,-0.25,0.1074,62.99,1.05,0.10456,61.16,2.88,0.09995,58.56,5.48,0.0955,49.17,14.87,0.05404,64.02,0.02,0.10309,63.83,0.21,0.10298,63.51,0.53,0.10261,62.94,1.1,0.10119,61.18,2.86,0.0946,63.8,0.24,0.10447,59.87,4.17,0.08289,56.26,7.78,0.06194,49.56,14.48,0.01914,33.63,30.41,0.10764,58.56,5.48,0.0864,59.43,4.61,0.0973,56.76,7.28,0.08049,55.83,8.21,0.07712,58,6.04,0.10145,64.29,-0.25,0.10414,62.54,1.5,0.08565,61.95,2.09,0.08053,58.36,5.68,0.04535,54.18,9.86,0.02016,62.66,1.38,0.09264,62.49,1.55,0.09949,61.92,2.12,0.09807,61.46,2.58,0.09677,60.88,3.16,0.09846
cifar10,convnext_tiny,kd_temp4,kd_temp4,False,112.163,1,28022218,36.213,64.18,96.87,0.1041,99.352,100.372,99.183,99.449,98.659,57.05,7.13,0.05438,49.22,14.96,0.02442,40.68,23.5,0.08956,37.09,27.09,0.12494,33.53,30.65,0.16296,60.05,4.13,0.08025,56.3,7.88,0.05352,45.93,18.25,0.03905,41.73,22.45,0.07756,35.28,28.9,0.14352,58.4,5.78,0.06359,51.17,13.01,0.01407,43.85,20.33,0.05457,32.44,31.74,0.16495,24.26,39.92,0.25642,64.46,-0.28,0.11298,62.93,1.25,0.11445,57.81,6.37,0.08516,52.48,11.7,0.05853,42.85,21.33,0.06031,52.09,12.09,0.02528,53.66,10.52,0.03476,56.81,7.37,0.06799,44.79,19.39,0.04904,49.12,15.06,0.01215,57.3,6.88,0.08,50.57,13.61,0.03839,46.51,17.67,0.03415,46.05,18.13,0.03466,43.66,20.52,0.0421,57.72,6.46,0.08603,55.57,8.61,0.07297,52.63,11.55,0.06199,50.26,13.92,0.05288,47.4,16.78,0.04309,58.85,5.33,0.06449,48.62,15.56,0.0257,50.13,14.05,0.01137,48.61,15.57,0.01501,45.97,18.21,0.02105,60.77,3.41,0.08709,57.67,6.51,0.06671,51.86,12.32,0.02593,51.04,13.14,0.01959,45.07,19.11,0.0379,64.07,0.11,0.10632,62.75,1.43,0.10326,61.13,3.05,0.10049,58.2,5.98,0.0921,48.76,15.42,0.04863,64.02,0.16,0.1029,63.72,0.46,0.10201,63.44,0.74,0.10252,62.78,1.4,0.10014,61.19,2.99,0.09485,63.48,0.7,0.10161,59.87,4.31,0.0837,55.79,8.39,0.05822,49.55,14.63,0.02011,33.48,30.7,0.10597,58.52,5.66,0.08673,59.8,4.38,0.10147,56.72,7.46,0.08024,55.8,8.38,0.07867,57.92,6.26,0.1025,64.06,0.12,0.10255,62.58,1.6,0.08675,61.92,2.26,0.08073,58.31,5.87,0.04457,53.82,10.36,0.02306,62.63,1.55,0.09311,62.21,1.97,0.09684,61.83,2.35,0.09677,61.43,2.75,0.09702,60.81,3.37,0.09853
cifar10,convnext_tiny,kd_temp8,kd_temp8,False,112.163,1,28022218,43.443,64.06,96.83,0.10169,99.079,99.772,98.946,99.075,98.695,57.34,6.72,0.05666,49.69,14.37,0.02441,40.95,23.11,0.08634,37.56,26.5,0.11958,34.05,30.01,0.15652,60.28,3.78,0.08191,56.66,7.4,0.0567,46.25,17.81,0.03994,42.23,21.83,0.07195,35.7,28.36,0.13856,58.53,5.53,0.06451,51.38,12.68,0.02192,44.09,19.97,0.05212,32.84,31.22,0.15978,24.37,39.69,0.25329,64.35,-0.29,0.11076,62.66,1.4,0.111,57.63,6.43,0.08289,52.42,11.64,0.05465,43.21,20.85,0.0573,52.39,11.67,0.02158,53.73,10.33,0.03444,57.05,7.01,0.06961,45.04,19.02,0.04692,49.52,14.54,0.01912,57.31,6.75,0.08,50.72,13.34,0.04238,46.46,17.6,0.03468,46.26,17.8,0.03186,43.78,20.28,0.03948,57.86,6.2,0.08632,55.76,8.3,0.07193,52.84,11.22,0.06079,50.52,13.54,0.04915,47.5,16.56,0.03917,58.89,5.17,0.06431,48.79,15.27,0.02581,50.32,13.74,0.01561,48.44,15.62,0.01464,46.25,17.81,0.02006,61.1,2.96,0.08695,58.02,6.04,0.06929,52.2,11.86,0.02595,51.48,12.58,0.01945,45.02,19.04,0.03877,64.24,-0.18,0.10743,62.93,1.13,0.10394,61.28,2.78,0.10107,58.2,5.86,0.09143,49.08,14.98,0.05195,64.1,-0.04,0.10267,63.95,0.11,0.10333,63.64,0.42,0.10379,62.93,1.13,0.10071,61.07,2.99,0.09278,63.65,0.41,0.10294,59.7,4.36,0.08081,55.79,8.27,0.05641,49.2,14.86,0.01843,33.08,30.98,0.11687,58.49,5.57,0.08525,59.66,4.4,0.09869,56.86,7.2,0.08112,55.97,8.09,0.07806,58.15,5.91,0.10237,64.09,-0.03,0.10195,62.36,1.7,0.084,61.94,2.12,0.08019,58.15,5.91,0.04269,54.11,9.95,0.02313,62.66,1.4,0.09246,62.51,1.55,0.09906,61.73,2.33,0.09489,61.38,2.68,0.09665,60.66,3.4,0.09577
cifar10,convnext_tiny,structured_pruning_30,structured_pruning_30,False,112.166,1,28022218,32.504,64.25,96.86,0.0982,98.899,100.365,98.862,98.573,98.163,57.07,7.18,0.05009,49.07,15.18,0.03147,40.76,23.49,0.09442,37.16,27.09,0.12923,33.52,30.73,0.16919,60.26,3.99,0.07634,56.16,8.09,0.04742,45.73,18.52,0.04519,41.77,22.48,0.08325,35.39,28.86,0.14839,58.28,5.97,0.05712,51.24,13.01,0.02089,43.89,20.36,0.05878,32.61,31.64,0.1704,24.13,40.12,0.26575,64.35,-0.1,0.10569,62.97,1.28,0.10939,57.95,6.3,0.0842,52.16,12.09,0.05824,42.51,21.74,0.06362,52.31,11.94,0.01612,53.73,10.52,0.03011,57.09,7.16,0.06598,44.84,19.41,0.05412,48.97,15.28,0.01604,57.7,6.55,0.07925,50.64,13.61,0.0397,46.86,17.39,0.0292,46.7,17.55,0.02899,44.09,20.16,0.03908,58.08,6.17,0.08422,55.69,8.56,0.07545,53.01,11.24,0.05886,50.82,13.43,0.04483,47.46,16.79,0.04268,59.15,5.1,0.06109,48.72,15.53,0.03309,50.67,13.58,0.01724,49.24,15.01,0.01195,46.05,18.2,0.02652,61.48,2.77,0.0866,58.16,6.09,0.06723,51.66,12.59,0.0225,51.36,12.89,0.01802,44.51,19.74,0.05078,64.37,-0.12,0.1029,63.26,0.99,0.10113,61.63,2.62,0.09798,58.86,5.39,0.09088,50,14.25,0.0502,64.58,-0.33,0.10289,64.2,0.05,0.10146,63.9,0.35,0.10297,63.09,1.16,0.10041,61.18,3.07,0.09496,63.73,0.52,0.09776,60.13,4.12,0.08203,56.27,7.98,0.05981,49.42,14.83,0.01989,32.26,31.99,0.12299,58.93,5.32,0.08568,60.1,4.15,0.09893,56.81,7.44,0.08015,55.97,8.28,0.07523,57.93,6.32,0.09622,63.97,0.28,0.09553,63.21,1.04,0.08819,62.6,1.65,0.08394,58.67,5.58,0.04542,54.48,9.77,0.01982,62.85,1.4,0.08994,62.57,1.68,0.09543,62.19,2.06,0.09579,61.36,2.89,0.09257,61.05,3.2,0.09528
cifar10,convnext_tiny,structured_pruning_50,structured_pruning_50,False,112.166,1,28022218,53.975,64.17,96.97,0.09783,99.688,100.911,99.574,99.819,98.754,56.38,7.79,0.04729,48.82,15.35,0.03023,40.38,23.79,0.099,36.46,27.71,0.13797,33.28,30.89,0.17438,60.12,4.05,0.07593,55.83,8.34,0.04453,44.84,19.33,0.05472,41.02,23.15,0.09183,34.79,29.38,0.1562,58.57,5.6,0.06018,51.66,12.51,0.01455,43.83,20.34,0.06045,32.72,31.45,0.17072,23.98,40.19,0.27004,64.53,-0.36,0.10761,62.59,1.58,0.10853,57.64,6.53,0.0799,51.99,12.18,0.04759,41.86,22.31,0.07164,51.88,12.29,0.01952,53.57,10.6,0.02848,56.59,7.58,0.06146,44.49,19.68,0.05776,48.65,15.52,0.01659,57.09,7.08,0.07271,50.18,13.99,0.03982,46.61,17.56,0.03217,46.12,18.05,0.03518,43.63,20.54,0.04659,57.71,6.46,0.08136,55.73,8.44,0.06689,52.73,11.44,0.05486,50.33,13.84,0.0472,47.1,17.07,0.04459,58.93,5.24,0.05962,48.84,15.33,0.02855,50.72,13.45,0.01433,49.51,14.66,0.01395,45.74,18.43,0.02868,60.85,3.32,0.08251,57.22,6.95,0.05877,50.24,13.93,0.01803,49.59,14.58,0.02075,43.37,20.8,0.06047,64.24,-0.07,0.10108,62.95,1.22,0.09847,61.41,2.76,0.0962,58.34,5.83,0.08716,49.15,15.02,0.04772,64.28,-0.11,0.09938,64.05,0.12,0.10005,63.4,0.77,0.09818,62.58,1.59,0.09565,59.95,4.22,0.08386,63.46,0.71,0.09549,59.48,4.69,0.07544,55.18,8.99,0.04995,48.47,15.7,0.01493,31.37,32.8,0.14181,58.9,5.27,0.08362,59.69,4.48,0.09403,56.6,7.57,0.07246,55.75,8.42,0.0716,57.55,6.62,0.09097,63.87,0.3,0.09483,62.89,1.28,0.085,62.35,1.82,0.08074,58.55,5.62,0.04393,55.28,8.89,0.02389,62.88,1.29,0.0907,62.55,1.62,0.09589,61.98,2.19,0.09441,61.46,2.71,0.09474,60.81,3.36,0.09344
cifar10,convnext_tiny,pruning_kd_70,pruning_kd_70,False,112.164,1,28022218,37.897,64.1,96.85,0.10263,99.227,99.658,99.598,98.969,98.79,57.36,6.74,0.05659,49.63,14.47,0.02237,41.02,23.08,0.08717,37.67,26.43,0.12001,34.15,29.95,0.15709,60.36,3.74,0.08278,56.56,7.54,0.05469,46.48,17.62,0.03809,42.15,21.95,0.07412,35.75,28.35,0.13956,58.67,5.43,0.06527,51.48,12.62,0.01528,44.05,20.05,0.05387,33,31.1,0.16122,24.55,39.55,0.25423,64.11,-0.01,0.1095,62.08,2.02,0.10735,56.98,7.12,0.07742,51.68,12.42,0.05322,42.39,21.71,0.06458,52.6,11.5,0.02373,54.17,9.93,0.03757,57.27,6.83,0.07181,45.24,18.86,0.04451,49.78,14.32,0.0134,56.93,7.17,0.07717,50.13,13.97,0.04212,46.25,17.85,0.03786,46.19,17.91,0.03289,43.43,20.67,0.04254,57.53,6.57,0.08401,55.22,8.88,0.068,52.18,11.92,0.05604,49.84,14.26,0.04713,46.88,17.22,0.03995,58.99,5.11,0.06483,48.86,15.24,0.02236,50.34,13.76,0.01215,48.62,15.48,0.01601,46.25,17.85,0.02173,61.16,2.94,0.08735,57.98,6.12,0.06804,52.59,11.51,0.02899,51.68,12.42,0.0207,45.49,18.61,0.03529,64.08,0.02,0.1063,62.96,1.14,0.1045,61.23,2.87,0.10094,58.33,5.77,0.09298,49.04,15.06,0.04821,63.91,0.19,0.10167,63.97,0.13,0.10413,63.58,0.52,0.10336,62.86,1.24,0.10043,61.1,3,0.09338,63.74,0.36,0.10355,59.96,4.14,0.08376,56.12,7.98,0.06042,49.88,14.22,0.02112,33.79,30.31,0.10459,58.52,5.58,0.08668,59.35,4.75,0.09714,56.54,7.56,0.07777,55.44,8.66,0.07479,57.77,6.33,0.09999,63.97,0.13,0.10102,62.37,1.73,0.08414,61.96,2.14,0.08098,58.36,5.74,0.04482,53.91,10.19,0.02164,62.58,1.52,0.09197,62.14,1.96,0.09535,61.67,2.43,0.09443,61.12,2.98,0.09369,60.46,3.64,0.09383
cifar10,convnext_tiny,fp16,fp16,False,56.107,1.999,28022218,50.64,63.58,96.7,0.09979,100.006,99.997,100.011,100.007,100.007,56.91,6.67,0.05439,49.48,14.1,0.02331,40.86,22.72,0.08669,37.62,25.96,0.11802,33.98,29.6,0.15631,59.81,3.77,0.079,56.3,7.28,0.05436,46.29,17.29,0.0363,42.15,21.43,0.07187,35.94,27.64,0.13522,58.36,5.22,0.06509,51.11,12.47,0.01811,43.84,19.74,0.05354,32.82,30.76,0.15926,24.59,38.99,0.24998,63.79,-0.21,0.10782,61.93,1.65,0.10806,56.78,6.8,0.07721,51.53,12.05,0.05026,42.44,21.14,0.06161,52.56,11.02,0.02611,53.64,9.94,0.03727,56.7,6.88,0.06814,45.06,18.52,0.0446,49.58,14,0.01675,56.94,6.64,0.07794,50.14,13.44,0.04061,46.26,17.32,0.03486,45.76,17.82,0.03148,43.3,20.28,0.04312,57.1,6.48,0.08065,54.73,8.85,0.06346,52.02,11.56,0.05761,49.98,13.6,0.0434,46.68,16.9,0.0419,58.78,4.8,0.06464,48.37,15.21,0.02828,49.8,13.78,0.01203,48.08,15.5,0.01515,45.88,17.7,0.01958,60.34,3.24,0.08377,57.61,5.97,0.06725,52.12,11.46,0.02693,51.35,12.23,0.02431,45.34,18.24,0.03394,63.66,-0.08,0.10304,62.4,1.18,0.10067,60.73,2.85,0.09739,58.21,5.37,0.0941,48.78,14.8,0.04506,63.48,0.1,0.09923,63.44,0.14,0.10066,62.87,0.71,0.09847,62.41,1.17,0.09801,60.47,3.11,0.08874,63.23,0.35,0.10026,59.29,4.29,0.07794,55.47,8.11,0.05399,49.23,14.35,0.01724,33.41,30.17,0.11355,58.1,5.48,0.08368,58.71,4.87,0.09192,56.14,7.44,0.07551,55.24,8.34,0.07323,57.36,6.22,0.09754,63.24,0.34,0.09564,61.83,1.75,0.08059,61.16,2.42,0.07435,57.46,6.12,0.03883,53.31,10.27,0.0228,62.08,1.5,0.08901,61.76,1.82,0.09281,61.29,2.29,0.09285,60.92,2.66,0.09329,60.08,3.5,0.09113
