dataset,arch,config_id,config_label,is_quantized,size_mb,compression_ratio,n_params,latency_ms,acc_clean,top5_clean,ece_clean,mce,mce_noise,mce_blur,mce_weather,mce_digital,acc_gaussian_noise_s1,drop_gaussian_noise_s1,ece_gaussian_noise_s1,acc_gaussian_noise_s2,drop_gaussian_noise_s2,ece_gaussian_noise_s2,acc_gaussian_noise_s3,drop_gaussian_noise_s3,ece_gaussian_noise_s3,acc_gaussian_noise_s4,drop_gaussian_noise_s4,ece_gaussian_noise_s4,acc_gaussian_noise_s5,drop_gaussian_noise_s5,ece_gaussian_noise_s5,acc_shot_noise_s1,drop_shot_noise_s1,ece_shot_noise_s1,acc_shot_noise_s2,drop_shot_noise_s2,ece_shot_noise_s2,acc_shot_noise_s3,drop_shot_noise_s3,ece_shot_noise_s3,acc_shot_noise_s4,drop_shot_noise_s4,ece_shot_noise_s4,acc_shot_noise_s5,drop_shot_noise_s5,ece_shot_noise_s5,acc_impulse_noise_s1,drop_impulse_noise_s1,ece_impulse_noise_s1,acc_impulse_noise_s2,drop_impulse_noise_s2,ece_impulse_noise_s2,acc_impulse_noise_s3,drop_impulse_noise_s3,ece_impulse_noise_s3,acc_impulse_noise_s4,drop_impulse_noise_s4,ece_impulse_noise_s4,acc_impulse_noise_s5,drop_impulse_noise_s5,ece_impulse_noise_s5,acc_defocus_blur_s1,drop_defocus_blur_s1,ece_defocus_blur_s1,acc_defocus_blur_s2,drop_defocus_blur_s2,ece_defocus_blur_s2,acc_defocus_blur_s3,drop_defocus_blur_s3,ece_defocus_blur_s3,acc_defocus_blur_s4,drop_defocus_blur_s4,ece_defocus_blur_s4,acc_defocus_blur_s5,drop_defocus_blur_s5,ece_defocus_blur_s5,acc_glass_blur_s1,drop_glass_blur_s1,ece_glass_blur_s1,acc_glass_blur_s2,drop_glass_blur_s2,ece_glass_blur_s2,acc_glass_blur_s3,drop_glass_blur_s3,ece_glass_blur_s3,acc_glass_blur_s4,drop_glass_blur_s4,ece_glass_blur_s4,acc_glass_blur_s5,drop_glass_blur_s5,ece_glass_blur_s5,acc_motion_blur_s1,drop_motion_blur_s1,ece_motion_blur_s1,acc_motion_blur_s2,drop_motion_blur_s2,ece_motion_blur_s2,acc_motion_blur_s3,drop_motion_blur_s3,ece_motion_blur_s3,acc_motion_blur_s4,drop_motion_blur_s4,ece_motion_blur_s4,acc_motion_blur_s5,drop_motion_blur_s5,ece_motion_blur_s5,acc_zoom_blur_s1,drop_zoom_blur_s1,ece_zoom_blur_s1,acc_zoom_blur_s2,drop_zoom_blur_s2,ece_zoom_blur_s2,acc_zoom_blur_s3,drop_zoom_blur_s3,ece_zoom_blur_s3,acc_zoom_blur_s4,drop_zoom_blur_s4,ece_zoom_blur_s4,acc_zoom_blur_s5,drop_zoom_blur_s5,ece_zoom_blur_s5,acc_snow_s1,drop_snow_s1,ece_snow_s1,acc_snow_s2,drop_snow_s2,ece_snow_s2,acc_snow_s3,drop_snow_s3,ece_snow_s3,acc_snow_s4,drop_snow_s4,ece_snow_s4,acc_snow_s5,drop_snow_s5,ece_snow_s5,acc_frost_s1,drop_frost_s1,ece_frost_s1,acc_frost_s2,drop_frost_s2,ece_frost_s2,acc_frost_s3,drop_frost_s3,ece_frost_s3,acc_frost_s4,drop_frost_s4,ece_frost_s4,acc_frost_s5,drop_frost_s5,ece_frost_s5,acc_fog_s1,drop_fog_s1,ece_fog_s1,acc_fog_s2,drop_fog_s2,ece_fog_s2,acc_fog_s3,drop_fog_s3,ece_fog_s3,acc_fog_s4,drop_fog_s4,ece_fog_s4,acc_fog_s5,drop_fog_s5,ece_fog_s5,acc_brightness_s1,drop_brightness_s1,ece_brightness_s1,acc_brightness_s2,drop_brightness_s2,ece_brightness_s2,acc_brightness_s3,drop_brightness_s3,ece_brightness_s3,acc_brightness_s4,drop_brightness_s4,ece_brightness_s4,acc_brightness_s5,drop_brightness_s5,ece_brightness_s5,acc_contrast_s1,drop_contrast_s1,ece_contrast_s1,acc_contrast_s2,drop_contrast_s2,ece_contrast_s2,acc_contrast_s3,drop_contrast_s3,ece_contrast_s3,acc_contrast_s4,drop_contrast_s4,ece_contrast_s4,acc_contrast_s5,drop_contrast_s5,ece_contrast_s5,acc_elastic_transform_s1,drop_elastic_transform_s1,ece_elastic_transform_s1,acc_elastic_transform_s2,drop_elastic_transform_s2,ece_elastic_transform_s2,acc_elastic_transform_s3,drop_elastic_transform_s3,ece_elastic_transform_s3,acc_elastic_transform_s4,drop_elastic_transform_s4,ece_elastic_transform_s4,acc_elastic_transform_s5,drop_elastic_transform_s5,ece_elastic_transform_s5,acc_pixelate_s1,drop_pixelate_s1,ece_pixelate_s1,acc_pixelate_s2,drop_pixelate_s2,ece_pixelate_s2,acc_pixelate_s3,drop_pixelate_s3,ece_pixelate_s3,acc_pixelate_s4,drop_pixelate_s4,ece_pixelate_s4,acc_pixelate_s5,drop_pixelate_s5,ece_pixelate_s5,acc_jpeg_compression_s1,drop_jpeg_compression_s1,ece_jpeg_compression_s1,acc_jpeg_compression_s2,drop_jpeg_compression_s2,ece_jpeg_compression_s2,acc_jpeg_compression_s3,drop_jpeg_compression_s3,ece_jpeg_compression_s3,acc_jpeg_compression_s4,drop_jpeg_compression_s4,ece_jpeg_compression_s4,acc_jpeg_compression_s5,drop_jpeg_compression_s5,ece_jpeg_compression_s5
cifar100,resnet20,baseline,baseline,False,1.162,1.0,278324.0,17.43,66.89,90.67,0.09129,100.0,100.0,100.0,100.0,100.0,38.28,28.61,0.03552,24.04,42.85,0.1424,16.14,50.75,0.20195,13.73,53.16,0.21638,11.81,55.08,0.23255,46.7,20.19,0.01382,36.78,30.11,0.04704,22.36,44.53,0.15309,18.07,48.82,0.18764,13.47,53.42,0.2214,61.7,5.19,0.08914,53.86,13.03,0.07006,45.44,21.45,0.04166,27.89,39.0,0.05418,16.41,50.48,0.13756,66.49,0.4,0.08969,64.24,2.65,0.08453,58.96,7.93,0.06726,52.51,14.38,0.04482,40.81,26.08,0.02071,22.98,43.91,0.19567,24.86,42.03,0.17001,26.61,40.28,0.14436,17.41,49.48,0.24042,19.11,47.78,0.21386,59.44,7.45,0.06931,53.24,13.65,0.05513,47.0,19.89,0.02732,47.52,19.37,0.03284,40.73,26.16,0.01207,58.63,8.26,0.07631,56.59,10.3,0.06993,52.54,14.35,0.0549,48.9,17.99,0.03605,43.12,23.77,0.01693,60.68,6.21,0.08126,44.07,22.82,0.01451,48.65,18.24,0.02926,45.74,21.15,0.01623,38.31,28.58,0.04347,57.28,9.61,0.05978,48.91,17.98,0.02591,38.0,28.89,0.07639,35.61,31.28,0.09785,26.89,40.0,0.174,66.47,0.42,0.08969,65.05,1.84,0.08998,62.04,4.85,0.08032,57.62,9.27,0.07328,38.79,28.1,0.02597,66.47,0.42,0.08785,65.87,1.02,0.08543,65.2,1.69,0.08526,64.46,2.43,0.08662,61.45,5.44,0.0788,66.28,0.61,0.08653,63.72,3.17,0.07707,61.63,5.26,0.07114,57.85,9.04,0.05771,42.44,24.45,0.02175,58.97,7.92,0.08,59.04,7.85,0.07308,54.79,12.1,0.05922,47.43,19.46,0.04129,40.67,26.22,0.01091,61.61,5.28,0.07892,50.02,16.87,0.02771,41.99,24.9,0.02755,21.05,45.84,0.18583,9.44,57.45,0.29636,53.29,13.6,0.06026,46.23,20.66,0.03798,43.72,23.17,0.028,40.7,26.19,0.01575,37.54,29.35,0.01504
cifar100,resnet20,pruning,pruning,False,1.162,1.001,278324.0,25.161,66.95,90.61,0.09382,100.151,99.835,100.421,99.714,100.556,38.36,28.59,0.03331,24.2,42.75,0.13712,16.28,50.67,0.19748,13.47,53.48,0.21722,11.43,55.52,0.23487,47.08,19.87,0.01932,36.94,30.01,0.04363,22.14,44.81,0.15253,17.9,49.05,0.18551,13.59,53.36,0.21872,61.54,5.41,0.08658,53.88,13.07,0.06999,45.55,21.4,0.04146,29.03,37.92,0.04335,16.73,50.22,0.13236,66.78,0.17,0.09611,64.2,2.75,0.08927,58.68,8.27,0.07147,52.1,14.85,0.04764,40.12,26.83,0.02264,23.53,43.42,0.18318,25.05,41.9,0.15964,26.8,40.15,0.13494,17.63,49.32,0.23296,19.54,47.41,0.20217,59.34,7.61,0.0735,52.9,14.05,0.05659,46.62,20.33,0.03096,46.79,20.16,0.03129,40.45,26.5,0.00997,58.33,8.62,0.07892,56.15,10.8,0.07159,52.21,14.74,0.05784,48.47,18.48,0.03825,42.59,24.36,0.01508,60.92,6.03,0.0853,44.76,22.19,0.01073,49.34,17.61,0.03795,46.3,20.65,0.01901,38.77,28.18,0.0402,57.57,9.38,0.06528,48.81,18.14,0.01884,38.22,28.73,0.06673,35.53,31.42,0.09232,27.62,39.33,0.15723,66.59,0.36,0.09231,64.83,2.12,0.09027,62.37,4.58,0.08629,56.95,10.0,0.06888,38.44,28.51,0.03297,66.77,0.18,0.0932,65.99,0.96,0.08979,65.25,1.7,0.08966,64.35,2.6,0.09011,61.36,5.59,0.08303,66.19,0.76,0.08685,63.84,3.11,0.07989,61.69,5.26,0.0737,57.33,9.62,0.05438,42.09,24.86,0.02336,58.84,8.11,0.08426,58.8,8.15,0.077,54.66,12.29,0.06464,46.53,20.42,0.04033,40.44,26.51,0.01333,60.94,6.01,0.07594,49.5,17.45,0.02832,40.74,26.21,0.0331,20.53,46.42,0.18967,9.11,57.84,0.30067,53.51,13.44,0.06394,46.19,20.76,0.04065,43.55,23.4,0.03049,40.5,26.45,0.01642,37.38,29.57,0.01929
cifar100,resnet20,ptq,ptq,True,0.342,3.401,,11.624,1.34,4.88,0.86147,188.694,143.052,188.561,217.688,194.065,1.09,0.25,0.93158,1.04,0.3,0.96223,1.03,0.31,0.9748,1.01,0.33,0.98088,1.01,0.33,0.98215,1.2,0.14,0.90817,1.13,0.21,0.9317,1.06,0.28,0.9666,1.03,0.31,0.9719,1.03,0.31,0.98045,1.19,0.15,0.88222,1.13,0.21,0.91058,1.07,0.27,0.93905,1.03,0.31,0.9709,1.02,0.32,0.9829,1.3,0.04,0.84689,1.41,-0.07,0.82024,1.5,-0.16,0.79997,1.57,-0.23,0.79207,1.6,-0.26,0.77028,1.02,0.32,0.94858,1.06,0.28,0.93973,1.12,0.22,0.91368,1.05,0.29,0.94907,1.05,0.29,0.92898,1.35,-0.01,0.83772,1.46,-0.12,0.82518,1.55,-0.21,0.81621,1.44,-0.1,0.81835,1.58,-0.24,0.81109,1.62,-0.28,0.81887,1.72,-0.38,0.81198,1.68,-0.34,0.80642,1.71,-0.37,0.79894,1.71,-0.37,0.79566,1.25,0.09,0.88168,1.23,0.11,0.90552,1.27,0.07,0.88947,1.18,0.16,0.88177,1.19,0.15,0.89858,1.23,0.11,0.88298,1.21,0.13,0.90315,1.21,0.13,0.92008,1.11,0.23,0.9252,1.11,0.23,0.9401,1.38,-0.04,0.85223,1.44,-0.1,0.8324,1.46,-0.12,0.81954,1.46,-0.12,0.80742,1.47,-0.13,0.80177,1.29,0.05,0.86138,1.34,0.0,0.86458,1.27,0.07,0.86428,1.3,0.04,0.86565,1.26,0.08,0.8615,1.43,-0.09,0.84195,1.49,-0.15,0.81498,1.49,-0.15,0.80225,1.64,-0.3,0.78621,1.7,-0.36,0.72447,1.41,-0.07,0.82467,1.38,-0.04,0.81749,1.49,-0.15,0.80555,1.45,-0.11,0.80465,1.38,-0.04,0.81735,1.3,0.04,0.83256,1.23,0.11,0.82493,1.23,0.11,0.82709,1.18,0.16,0.85125,1.03,0.31,0.86297,1.32,0.02,0.84939,1.31,0.03,0.83192,1.31,0.03,0.82785,1.33,0.01,0.82428,1.32,0.02,0.81952
cifar100,resnet20,qat,qat,True,0.342,3.401,,1.688,25.52,55.04,0.12415,164.788,135.001,164.251,183.142,169.312,10.65,14.87,0.3232,6.38,19.14,0.4445,4.25,21.27,0.5294,3.45,22.07,0.5709,3.05,22.47,0.60056,14.37,11.15,0.25154,9.93,15.59,0.33056,5.7,19.82,0.4509,4.58,20.94,0.49877,3.51,22.01,0.55888,14.1,11.42,0.13933,8.25,17.27,0.1886,5.14,20.38,0.23591,3.42,22.1,0.31407,2.36,23.16,0.42161,24.04,1.48,0.12601,21.05,4.47,0.13396,17.52,8.0,0.1544,14.04,11.48,0.19237,11.04,14.48,0.19943,5.75,19.77,0.47341,6.09,19.43,0.44043,7.04,18.48,0.39362,4.82,20.7,0.46018,5.81,19.71,0.41488,19.5,6.02,0.17618,16.15,9.37,0.20236,13.73,11.79,0.2141,13.35,12.17,0.21609,11.35,14.17,0.22765,17.78,7.74,0.15245,16.47,9.05,0.15609,14.7,10.82,0.16664,13.38,12.14,0.17591,12.28,13.24,0.18136,18.06,7.46,0.15345,11.08,14.44,0.29495,12.64,12.88,0.22899,12.85,12.67,0.23673,10.4,15.12,0.30057,19.11,6.41,0.19727,14.64,10.88,0.25493,9.44,16.08,0.33423,8.99,16.53,0.35653,6.02,19.5,0.42219,23.37,2.15,0.12012,20.05,5.47,0.1208,16.85,8.67,0.1362,13.74,11.78,0.15663,8.22,17.3,0.22403,24.99,0.53,0.12775,24.84,0.68,0.12681,23.66,1.86,0.13419,22.79,2.73,0.13491,19.97,5.55,0.14773,21.59,3.93,0.12661,14.46,11.06,0.15728,10.31,15.21,0.19318,6.43,19.09,0.23626,2.56,22.96,0.31284,18.45,7.07,0.1434,18.65,6.87,0.13538,16.04,9.48,0.14831,13.9,11.62,0.15441,11.37,14.15,0.17134,22.75,2.77,0.11755,18.51,7.01,0.14344,16.75,8.77,0.15961,11.75,13.77,0.2386,7.56,17.96,0.3462,17.67,7.85,0.16637,14.96,10.56,0.17657,14.5,11.02,0.17275,13.19,12.33,0.18096,12.36,13.16,0.18197
cifar100,resnet20,pruning_qat,pruning_qat,True,0.348,3.337,,120.79,24.18,54.32,0.1202,165.686,135.088,165.27,184.387,170.349,10.68,13.5,0.34244,6.0,18.18,0.46261,4.32,19.86,0.51117,3.8,20.38,0.52541,3.14,21.04,0.5425,13.8,10.38,0.26444,9.39,14.79,0.35341,5.73,18.45,0.4557,4.91,19.27,0.48128,3.67,20.51,0.5078,13.21,10.97,0.15055,8.21,15.97,0.19939,5.58,18.6,0.24553,3.29,20.89,0.33062,2.57,21.61,0.41373,23.28,0.9,0.11745,20.1,4.08,0.12539,16.85,7.33,0.14271,13.6,10.58,0.1808,10.66,13.52,0.18913,5.99,18.19,0.49585,6.05,18.13,0.46955,6.89,17.29,0.4301,5.0,19.18,0.47653,5.7,18.48,0.45041,19.02,5.16,0.16893,15.41,8.77,0.19863,12.62,11.56,0.22201,12.84,11.34,0.21915,10.87,13.31,0.23184,17.22,6.96,0.13887,15.52,8.66,0.14724,14.16,10.02,0.15575,13.03,11.15,0.16553,11.52,12.66,0.17379,17.27,6.91,0.16012,10.71,13.47,0.30964,12.65,11.53,0.23042,12.56,11.62,0.24366,10.27,13.91,0.31144,19.01,5.17,0.20177,14.87,9.31,0.27065,9.57,14.61,0.36927,9.04,15.14,0.39365,5.84,18.34,0.46746,22.29,1.89,0.11877,18.81,5.37,0.12584,16.35,7.83,0.13826,12.72,11.46,0.16917,8.07,16.11,0.24576,24.17,0.01,0.124,23.5,0.68,0.12868,22.83,1.35,0.13417,22.03,2.15,0.13859,19.26,4.92,0.15297,20.88,3.3,0.12005,13.51,10.67,0.15991,9.7,14.48,0.19393,5.8,18.38,0.24229,2.26,21.92,0.34265,17.57,6.61,0.13497,17.89,6.29,0.12833,15.51,8.67,0.14032,13.02,11.16,0.151,11.05,13.13,0.17224,21.56,2.62,0.1216,18.3,5.88,0.14583,16.56,7.62,0.16459,12.05,12.13,0.2356,7.31,16.87,0.37043,16.96,7.22,0.16079,14.49,9.69,0.16751,14.04,10.14,0.16388,13.36,10.82,0.162,11.84,12.34,0.1729
cifar100,resnet20,pruning_kd,pruning_kd,False,1.164,0.999,278324.0,15.2,67.08,90.88,0.09755,99.322,99.834,99.463,98.987,99.134,37.98,29.1,0.0305,23.9,43.18,0.13694,16.03,51.05,0.19806,13.63,53.45,0.21489,11.74,55.34,0.23115,46.63,20.45,0.02189,36.58,30.5,0.04246,22.16,44.92,0.14975,17.87,49.21,0.18515,13.62,53.46,0.21797,62.02,5.06,0.09743,54.25,12.83,0.07885,45.96,21.12,0.05194,28.71,38.37,0.04098,16.79,50.29,0.12987,67.1,-0.02,0.10034,64.22,2.86,0.08953,59.54,7.54,0.0791,53.09,13.99,0.05738,41.33,25.75,0.01461,22.99,44.09,0.1917,24.86,42.22,0.16504,26.49,40.59,0.14013,17.62,49.46,0.23699,19.3,47.78,0.20784,60.14,6.94,0.08221,53.13,13.95,0.06011,46.76,20.32,0.03321,47.49,19.59,0.0398,41.09,25.99,0.01548,59.05,8.03,0.08691,57.11,9.97,0.08137,52.95,14.13,0.06617,49.14,17.94,0.04652,43.35,23.73,0.02009,61.47,5.61,0.09417,44.67,22.41,0.01588,48.99,18.09,0.03774,46.55,20.53,0.02699,38.56,28.52,0.04045,57.43,9.65,0.06803,49.04,18.04,0.02756,38.0,29.08,0.06639,35.54,31.54,0.09266,27.27,39.81,0.16255,66.86,0.22,0.09824,65.5,1.58,0.09932,62.88,4.2,0.09355,57.96,9.12,0.08252,38.81,28.27,0.01897,67.19,-0.11,0.09922,66.48,0.6,0.09582,65.87,1.21,0.09612,65.0,2.08,0.09654,62.12,4.96,0.08967,66.62,0.46,0.09383,64.35,2.73,0.08691,62.32,4.76,0.08163,58.41,8.67,0.06715,42.9,24.18,0.0175,59.48,7.6,0.09159,59.49,7.59,0.08294,55.88,11.2,0.07674,47.3,19.78,0.04749,40.84,26.24,0.01611,62.16,4.92,0.08863,51.09,15.99,0.04335,42.58,24.5,0.01629,21.3,45.78,0.17997,9.38,57.7,0.30236,53.45,13.63,0.06869,46.38,20.7,0.04616,43.97,23.11,0.03565,41.24,25.84,0.02381,37.95,29.13,0.01236
cifar100,resnet20,quant_int8,quant_int8,True,0.348,3.339,,4.989,1.31,5.03,0.86331,188.707,143.06,188.57,217.721,194.065,1.06,0.25,0.93077,1.05,0.26,0.96092,1.02,0.29,0.9752,1.02,0.29,0.98,1.01,0.3,0.982,1.15,0.16,0.90575,1.14,0.17,0.93063,1.06,0.25,0.96365,1.05,0.26,0.97137,1.03,0.28,0.9796,1.2,0.11,0.8836,1.09,0.22,0.9137,1.07,0.24,0.94105,1.04,0.27,0.97055,1.0,0.31,0.983,1.37,-0.06,0.85033,1.41,-0.1,0.82585,1.49,-0.18,0.80258,1.51,-0.2,0.7954,1.57,-0.26,0.77446,1.08,0.23,0.9469,1.02,0.29,0.93577,1.1,0.21,0.91323,1.04,0.27,0.95113,1.09,0.22,0.9285,1.31,0.0,0.83441,1.47,-0.16,0.82455,1.53,-0.22,0.81277,1.53,-0.22,0.81737,1.5,-0.19,0.81006,1.59,-0.28,0.82059,1.68,-0.37,0.80989,1.68,-0.37,0.80811,1.72,-0.41,0.80019,1.74,-0.43,0.79758,1.23,0.08,0.87952,1.25,0.06,0.90593,1.24,0.07,0.88892,1.2,0.11,0.88285,1.2,0.11,0.89792,1.27,0.04,0.88403,1.16,0.15,0.90085,1.12,0.19,0.92317,1.09,0.22,0.92373,1.09,0.22,0.93833,1.34,-0.03,0.8514,1.36,-0.05,0.83379,1.41,-0.1,0.82142,1.36,-0.05,0.81245,1.51,-0.2,0.79668,1.34,-0.03,0.86278,1.35,-0.04,0.86393,1.29,0.02,0.86309,1.24,0.07,0.86596,1.28,0.03,0.86106,1.42,-0.11,0.84527,1.43,-0.12,0.81567,1.5,-0.19,0.79914,1.69,-0.38,0.78243,1.67,-0.36,0.7288,1.32,-0.01,0.82993,1.36,-0.05,0.81908,1.53,-0.22,0.80644,1.45,-0.14,0.80168,1.35,-0.04,0.81717,1.35,-0.04,0.8324,1.29,0.02,0.82882,1.24,0.07,0.82993,1.11,0.2,0.85314,1.06,0.25,0.86815,1.3,0.01,0.84838,1.41,-0.1,0.8317,1.28,0.03,0.82503,1.38,-0.07,0.82583,1.32,-0.01,0.81364
cifar100,resnet20,sparsity,sparsity,False,1.163,0.999,278324.0,502.663,66.63,90.6,0.10021,100.562,100.032,101.165,100.125,100.792,37.56,29.07,0.02626,24.31,42.32,0.12135,16.66,49.97,0.178,13.55,53.08,0.20073,11.67,54.96,0.21662,46.55,20.08,0.02633,36.36,30.27,0.03648,22.06,44.57,0.13864,18.17,48.46,0.16884,13.48,53.15,0.20547,61.53,5.1,0.09568,53.72,12.91,0.07694,45.64,20.99,0.05166,28.35,38.28,0.04429,16.58,50.05,0.12969,66.34,0.29,0.1012,63.6,3.03,0.09277,58.75,7.88,0.0817,51.79,14.84,0.05382,40.13,26.5,0.01742,23.76,42.87,0.16452,25.09,41.54,0.1442,26.58,40.05,0.12366,17.95,48.68,0.21156,19.51,47.12,0.1871,59.1,7.53,0.08143,52.24,14.39,0.06058,45.81,20.82,0.0322,46.02,20.61,0.03385,39.65,26.98,0.01329,57.77,8.86,0.08427,55.69,10.94,0.07741,51.95,14.68,0.06518,47.58,19.05,0.03973,41.94,24.69,0.01531,61.11,5.52,0.09517,45.0,21.63,0.01621,49.62,17.01,0.04843,46.41,20.22,0.02718,38.7,27.93,0.03376,57.14,9.49,0.07158,48.57,18.06,0.02187,38.26,28.37,0.06006,35.61,31.02,0.08066,27.25,39.38,0.14758,66.42,0.21,0.10044,64.59,2.04,0.0973,62.05,4.58,0.09222,56.44,10.19,0.07297,37.52,29.11,0.03194,66.41,0.22,0.09917,65.94,0.69,0.09876,65.21,1.42,0.09854,64.02,2.61,0.09567,61.1,5.53,0.08939,66.18,0.45,0.09704,63.64,2.99,0.08856,61.22,5.41,0.0805,56.64,9.99,0.06029,40.68,25.95,0.02339,58.62,8.01,0.09182,58.36,8.27,0.08208,54.39,12.24,0.07077,46.29,20.34,0.04652,40.12,26.51,0.01388,61.35,5.28,0.0868,49.87,16.76,0.03443,41.59,25.04,0.02779,21.49,45.14,0.18079,9.48,57.15,0.30002,53.17,13.46,0.06965,46.28,20.35,0.04727,43.73,22.9,0.03623,40.83,25.8,0.02184,37.34,29.29,0.01317
cifar100,resnet20,sparsity_quant_int8,sparsity_quant_int8,True,0.35,3.324,,290.527,2.03,6.04,0.81358,187.891,142.564,187.928,216.508,193.232,1.66,0.37,0.84473,1.57,0.46,0.8612,1.49,0.54,0.88454,1.47,0.56,0.89354,1.38,0.65,0.90201,1.75,0.28,0.83523,1.68,0.35,0.84481,1.54,0.49,0.86588,1.49,0.54,0.87539,1.39,0.64,0.88764,1.47,0.56,0.84695,1.29,0.74,0.87965,1.15,0.88,0.91182,1.06,0.97,0.94934,1.05,0.98,0.96789,2.02,0.01,0.80085,1.93,0.1,0.78027,2.03,0.0,0.76696,1.98,0.05,0.75881,1.89,0.14,0.73174,1.29,0.74,0.90563,1.21,0.82,0.89952,1.49,0.54,0.84818,1.22,0.81,0.9179,1.23,0.8,0.87449,1.94,0.09,0.79246,2.03,0.0,0.7724,1.85,0.18,0.76747,1.74,0.29,0.76865,1.76,0.27,0.76263,1.82,0.21,0.77236,1.92,0.11,0.76366,1.72,0.31,0.75672,1.9,0.13,0.75081,1.88,0.15,0.74475,1.74,0.29,0.83293,1.68,0.35,0.85447,1.77,0.26,0.8422,1.62,0.41,0.8445,1.61,0.42,0.86126,1.9,0.13,0.81976,1.81,0.22,0.82875,1.55,0.48,0.84768,1.64,0.39,0.83806,1.59,0.44,0.84833,1.97,0.06,0.80117,1.95,0.08,0.7802,1.88,0.15,0.76371,1.94,0.09,0.75417,1.91,0.12,0.73274,1.95,0.08,0.81852,1.93,0.1,0.81356,2.02,0.01,0.80956,1.84,0.19,0.81608,1.88,0.15,0.81266,2.04,-0.01,0.79512,2.14,-0.11,0.75634,2.13,-0.1,0.73679,2.09,-0.06,0.71058,2.05,-0.02,0.65229,1.8,0.23,0.78693,1.78,0.25,0.78223,1.84,0.19,0.77021,1.66,0.37,0.75956,1.55,0.48,0.76465,1.81,0.22,0.80724,1.69,0.34,0.8175,1.64,0.39,0.82893,1.63,0.4,0.87216,1.76,0.27,0.88931,1.77,0.26,0.80772,1.67,0.36,0.80268,1.62,0.41,0.80103,1.62,0.41,0.79947,1.55,0.48,0.79736
cifar100,resnet20,clustering,clustering,False,1.164,0.999,278324.0,10.102,45.53,75.34,0.0286,136.303,115.214,141.393,141.538,141.795,26.37,19.16,0.10527,17.79,27.74,0.19192,12.32,33.21,0.24999,10.31,35.22,0.26949,8.79,36.74,0.283,32.28,13.25,0.04976,25.5,20.03,0.10741,15.41,30.12,0.21315,12.92,32.61,0.24398,9.94,35.59,0.27904,39.62,5.91,0.01566,33.03,12.5,0.03153,26.56,18.97,0.06127,16.31,29.22,0.13542,10.01,35.52,0.19358,43.3,2.23,0.01605,39.17,6.36,0.00969,33.23,12.3,0.03501,27.59,17.94,0.06897,18.5,27.03,0.15931,14.56,30.97,0.22508,14.59,30.94,0.22124,14.29,31.24,0.22479,10.25,35.28,0.26479,10.62,34.91,0.26754,33.31,12.22,0.03215,26.96,18.57,0.06968,21.98,23.55,0.1051,22.32,23.21,0.10255,18.32,27.21,0.13689,34.22,11.31,0.02248,32.0,13.53,0.03182,28.77,16.76,0.05227,26.43,19.1,0.07056,22.79,22.74,0.10101,41.68,3.85,0.01633,33.18,12.35,0.04522,34.05,11.48,0.03478,30.42,15.11,0.05942,27.26,18.27,0.09339,38.03,7.5,0.0201,32.41,13.12,0.05283,24.72,20.81,0.11785,23.74,21.79,0.12979,18.18,27.35,0.18481,44.12,1.41,0.02001,40.74,4.79,0.01682,36.61,8.92,0.0225,30.43,15.1,0.0552,17.33,28.2,0.15867,45.62,-0.09,0.02757,45.5,0.03,0.02999,45.12,0.41,0.03178,44.12,1.41,0.0309,40.79,4.74,0.02173,43.15,2.38,0.01469,38.06,7.47,0.01143,33.99,11.54,0.03066,28.24,17.29,0.06378,13.26,32.27,0.20883,34.31,11.22,0.02561,34.33,11.2,0.03012,29.89,15.64,0.05354,24.31,21.22,0.07564,19.95,25.58,0.10508,39.27,6.26,0.02802,31.79,13.74,0.07863,27.63,17.9,0.11385,14.92,30.61,0.24311,7.08,38.45,0.35994,32.28,13.25,0.04806,27.1,18.43,0.07365,25.46,20.07,0.08153,23.8,21.73,0.09216,21.7,23.83,0.10223
cifar100,resnet20,clustering_quant_int8,clustering_quant_int8,True,0.35,3.322,,2.0,1.3,5.29,0.96777,188.845,142.983,188.896,217.777,194.261,1.29,0.01,0.9554,1.15,0.15,0.95645,1.11,0.19,0.96655,1.04,0.26,0.97355,1.02,0.28,0.97705,1.34,-0.04,0.95835,1.3,0.0,0.9555,1.18,0.12,0.9606,1.15,0.15,0.96465,1.07,0.23,0.97315,1.1,0.2,0.9755,1.07,0.23,0.98145,1.05,0.25,0.9848,1.03,0.27,0.988,1.0,0.3,0.98945,1.25,0.05,0.96807,1.24,0.06,0.96403,1.26,0.04,0.96265,1.24,0.06,0.95819,1.28,0.02,0.947,1.12,0.18,0.9708,1.21,0.09,0.97065,1.34,-0.04,0.96295,1.1,0.2,0.97555,1.21,0.09,0.9682,1.24,0.06,0.9675,1.24,0.06,0.96332,1.21,0.09,0.95967,1.27,0.03,0.95731,1.29,0.01,0.95462,1.41,-0.11,0.95327,1.37,-0.07,0.95207,1.41,-0.11,0.94891,1.41,-0.11,0.9442,1.51,-0.21,0.93748,1.3,0.0,0.96675,1.37,-0.07,0.95625,1.33,-0.03,0.96115,1.27,0.03,0.9616,1.33,-0.03,0.95905,1.23,0.07,0.96688,1.19,0.11,0.96615,1.13,0.17,0.9672,1.18,0.12,0.9639,1.11,0.19,0.96115,1.28,0.02,0.96147,1.33,-0.03,0.95717,1.25,0.05,0.954,1.34,-0.04,0.94579,1.41,-0.11,0.93488,1.25,0.05,0.96742,1.23,0.07,0.96678,1.24,0.06,0.97,1.18,0.12,0.97065,1.13,0.17,0.97313,1.32,-0.02,0.96048,1.43,-0.13,0.94887,1.51,-0.21,0.93952,1.55,-0.25,0.92482,1.7,-0.4,0.86338,1.29,0.01,0.9632,1.21,0.09,0.96603,1.23,0.07,0.96381,1.28,0.02,0.95927,1.33,-0.03,0.95675,1.2,0.1,0.96998,1.16,0.14,0.97138,1.15,0.15,0.97348,1.1,0.2,0.97492,1.05,0.25,0.96647,1.25,0.05,0.96564,1.21,0.09,0.96776,1.18,0.12,0.97103,1.14,0.16,0.97248,1.12,0.18,0.97353
cifar100,resnet20,sparsity_clustering,sparsity_clustering,False,1.165,0.998,278324.0,263.888,39.43,69.58,0.03304,142.518,117.952,147.752,149.951,148.275,25.43,14.0,0.14084,16.01,23.42,0.24103,10.53,28.9,0.30513,8.31,31.12,0.32886,7.2,32.23,0.34277,31.27,8.16,0.08605,24.14,15.29,0.15053,13.92,25.51,0.26163,10.97,28.46,0.30051,8.08,31.35,0.33551,33.28,6.15,0.0697,28.08,11.35,0.09354,24.27,15.16,0.10431,16.93,22.5,0.13889,11.03,28.4,0.19436,37.11,2.32,0.04394,32.34,7.09,0.06952,26.64,12.79,0.10213,21.91,17.52,0.13488,15.48,23.95,0.18355,18.34,21.09,0.18682,18.54,20.89,0.1705,18.54,20.89,0.17006,13.98,25.45,0.19276,14.37,25.06,0.19139,28.84,10.59,0.08986,24.19,15.24,0.12097,20.57,18.86,0.15082,20.83,18.6,0.14627,17.75,21.68,0.17692,27.29,12.14,0.09741,25.15,14.28,0.10788,22.49,16.94,0.12449,20.05,19.38,0.14217,17.66,21.77,0.15786,35.39,4.04,0.04738,28.54,10.89,0.10024,28.73,10.7,0.0848,26.61,12.82,0.10203,24.87,14.56,0.13653,37.85,1.58,0.04272,33.08,6.35,0.0855,25.22,14.21,0.17001,24.57,14.86,0.18054,18.38,21.05,0.25955,38.33,1.1,0.03748,35.03,4.4,0.06015,31.7,7.73,0.07809,26.78,12.65,0.11241,17.95,21.48,0.1829,39.74,-0.31,0.03,39.52,-0.09,0.02836,38.94,0.49,0.03083,38.34,1.09,0.03234,35.42,4.01,0.04424,37.37,2.06,0.0465,33.06,6.37,0.07363,30.04,9.39,0.09164,25.6,13.83,0.11876,14.74,24.69,0.18217,28.85,10.58,0.08411,28.69,10.74,0.08599,23.75,15.68,0.12164,17.97,21.46,0.17044,17.66,21.77,0.15123,34.84,4.59,0.05675,27.84,11.59,0.10736,23.61,15.82,0.14365,12.47,26.96,0.2778,5.73,33.7,0.41142,31.5,7.93,0.06466,26.18,13.25,0.08694,24.54,14.89,0.09432,22.2,17.23,0.10829,19.42,20.01,0.12643
cifar100,resnet20,sparsity_clustering_quant_int8,sparsity_clustering_quant_int8,True,0.351,3.307,,1.511,1.5,5.26,0.93692,188.342,142.832,188.232,217.173,193.754,1.47,0.03,0.93877,1.4,0.1,0.93615,1.25,0.25,0.94315,1.14,0.36,0.95025,1.15,0.35,0.95355,1.51,-0.01,0.93987,1.44,0.06,0.94043,1.36,0.14,0.93815,1.3,0.2,0.94005,1.18,0.32,0.94985,1.19,0.31,0.95982,1.14,0.36,0.97205,1.04,0.46,0.9789,1.01,0.49,0.9846,1.0,0.5,0.98765,1.59,-0.09,0.92687,1.62,-0.12,0.91432,1.67,-0.17,0.89689,1.71,-0.21,0.88246,1.78,-0.28,0.86298,1.35,0.15,0.94533,1.42,0.08,0.94154,1.5,0.0,0.93691,1.35,0.15,0.94777,1.38,0.12,0.94225,1.62,-0.12,0.92003,1.59,-0.09,0.90697,1.53,-0.03,0.89362,1.55,-0.05,0.89772,1.56,-0.06,0.88578,1.74,-0.24,0.90125,1.72,-0.22,0.89584,1.85,-0.35,0.89061,1.82,-0.32,0.88812,1.88,-0.38,0.88535,1.5,0.0,0.94153,1.55,-0.05,0.935,1.68,-0.18,0.93543,1.56,-0.06,0.9336,1.52,-0.02,0.93242,1.51,-0.01,0.93468,1.43,0.07,0.9362,1.47,0.03,0.93443,1.52,-0.02,0.93322,1.54,-0.04,0.92663,1.57,-0.07,0.92356,1.66,-0.16,0.91044,1.64,-0.14,0.89582,1.68,-0.18,0.89288,1.68,-0.18,0.90237,1.48,0.02,0.93531,1.47,0.03,0.93397,1.42,0.08,0.93568,1.43,0.07,0.93333,1.34,0.16,0.93224,1.6,-0.1,0.91635,1.7,-0.2,0.89686,1.78,-0.28,0.8844,1.76,-0.26,0.87535,1.59,-0.09,0.88605,1.56,-0.06,0.91797,1.58,-0.08,0.91061,1.56,-0.06,0.9021,1.6,-0.1,0.91354,1.48,0.02,0.92397,1.5,0.0,0.92562,1.4,0.1,0.91255,1.47,0.03,0.90267,1.35,0.15,0.86889,1.32,0.18,0.83858,1.53,-0.03,0.92777,1.47,0.03,0.91925,1.5,0.0,0.9203,1.46,0.04,0.91785,1.46,0.04,0.91325
cifar100,resnet20,qat_only,qat_only,True,0.348,3.341,,37.792,25.39,54.99,0.12796,164.605,134.965,164.074,182.849,169.12,10.62,14.77,0.32785,6.25,19.14,0.44843,4.24,21.15,0.52877,3.49,21.9,0.56955,3.03,22.36,0.59848,14.08,11.31,0.25513,9.92,15.47,0.33306,5.78,19.61,0.45458,4.65,20.74,0.49916,3.55,21.84,0.56112,13.76,11.63,0.14304,8.43,16.96,0.1895,5.66,19.73,0.23414,3.51,21.88,0.31781,2.43,22.96,0.41999,24.34,1.05,0.12431,20.88,4.51,0.13796,17.17,8.22,0.16273,14.32,11.07,0.19372,11.26,14.13,0.20221,5.99,19.4,0.47112,6.05,19.34,0.44277,7.12,18.27,0.39354,4.77,20.62,0.46166,5.76,19.63,0.41611,19.38,6.01,0.18144,16.43,8.96,0.20084,13.85,11.54,0.21836,13.98,11.41,0.2155,11.48,13.91,0.23142,18.12,7.27,0.15099,16.31,9.08,0.16368,14.99,10.4,0.16968,13.34,12.05,0.18241,12.14,13.25,0.18715,18.09,7.3,0.15681,10.86,14.53,0.30176,13.1,12.29,0.22577,13.04,12.35,0.2376,10.55,14.84,0.3042,18.83,6.56,0.20191,14.69,10.7,0.25927,9.69,15.7,0.33744,9.02,16.37,0.35865,5.69,19.7,0.4298,23.7,1.69,0.11988,20.29,5.1,0.12055,16.52,8.87,0.14191,13.82,11.57,0.15587,8.49,16.9,0.21522,25.19,0.2,0.13098,24.65,0.74,0.13233,24.16,1.23,0.13177,22.98,2.41,0.13755,20.6,4.79,0.14528,22.22,3.17,0.12298,15.09,10.3,0.15348,10.5,14.89,0.19335,6.5,18.89,0.24211,2.56,22.83,0.35284,18.29,7.1,0.14889,18.4,6.99,0.14283,16.13,9.26,0.15298,14.06,11.33,0.15669,11.96,13.43,0.16632,22.41,2.98,0.12313,18.16,7.23,0.15158,17.1,8.29,0.16161,11.41,13.98,0.25074,7.33,18.06,0.36524,17.84,7.55,0.16816,15.09,10.3,0.18053,14.69,10.7,0.1759,13.21,12.18,0.18566,12.25,13.14,0.18765
cifar100,resnet20,qat_int8,qat_int8,True,0.348,3.341,,145.657,25.17,54.77,0.13161,165.09,135.073,164.66,183.336,169.785,10.64,14.53,0.32637,6.35,18.82,0.44764,4.14,21.03,0.53373,3.49,21.68,0.56994,3.11,22.06,0.59863,13.59,11.58,0.26192,10.01,15.16,0.33277,5.64,19.53,0.45788,4.73,20.44,0.50031,3.54,21.63,0.56045,13.65,11.52,0.15008,8.29,16.88,0.19467,5.39,19.78,0.23958,3.43,21.74,0.31891,2.38,22.79,0.41935,23.93,1.24,0.13091,20.72,4.45,0.14384,17.02,8.15,0.16725,13.92,11.25,0.20493,10.92,14.25,0.21238,5.79,19.38,0.47764,5.91,19.26,0.44917,6.99,18.18,0.40035,4.78,20.39,0.46732,5.69,19.48,0.41978,19.16,6.01,0.18781,15.7,9.47,0.21741,13.3,11.87,0.23277,13.12,12.05,0.2353,11.24,13.93,0.24554,17.82,7.35,0.15926,16.19,8.98,0.16875,14.59,10.58,0.17797,13.32,11.85,0.18971,11.77,13.4,0.1971,17.75,7.42,0.16011,10.79,14.38,0.30345,12.98,12.19,0.22808,13.13,12.04,0.2397,10.33,14.84,0.30785,18.73,6.44,0.2054,14.47,10.7,0.25965,9.55,15.62,0.33843,9.11,16.06,0.3599,5.91,19.26,0.42826,23.39,1.78,0.12631,19.6,5.57,0.13583,16.66,8.51,0.15159,13.66,11.51,0.17383,8.27,16.9,0.24569,25.1,0.07,0.13076,24.32,0.85,0.13803,23.59,1.58,0.1387,22.86,2.31,0.13852,19.85,5.32,0.1543,21.38,3.79,0.1347,13.97,11.2,0.17737,10.1,15.07,0.21432,6.2,18.97,0.27885,2.27,22.9,0.41508,18.32,6.85,0.15045,18.16,7.01,0.14748,15.98,9.19,0.15932,13.41,11.76,0.16669,11.09,14.08,0.17989,22.22,2.95,0.12626,18.28,6.89,0.1483,16.7,8.47,0.16338,11.62,13.55,0.24654,7.6,17.57,0.35535,17.11,8.06,0.17659,14.77,10.4,0.18522,14.1,11.07,0.18454,13.38,11.79,0.18326,12.44,12.73,0.18735
cifar100,resnet20,cqat,cqat,True,0.342,3.398,,71.346,21.86,51.12,0.11026,169.234,134.286,171.46,188.305,174.147,11.75,10.11,0.2858,7.29,14.57,0.36189,4.86,17.0,0.41222,4.33,17.53,0.42595,3.8,18.06,0.4391,14.57,7.29,0.23213,10.86,11.0,0.29129,6.23,15.63,0.37255,5.34,16.52,0.3985,4.21,17.65,0.43119,12.86,9.0,0.15486,8.07,13.79,0.20959,6.04,15.82,0.23703,3.76,18.1,0.27169,3.16,18.7,0.29541,20.04,1.82,0.109,16.22,5.64,0.1162,11.88,9.98,0.1438,9.59,12.27,0.17202,7.47,14.39,0.1771,5.47,16.39,0.43198,5.71,16.15,0.41272,5.99,15.87,0.41151,4.97,16.89,0.41505,5.44,16.42,0.4175,14.6,7.26,0.15354,11.27,10.59,0.17703,9.16,12.7,0.1953,9.02,12.84,0.1968,7.66,14.2,0.21393,13.17,8.69,0.13953,11.57,10.29,0.14356,10.62,11.24,0.14698,9.2,12.66,0.16014,8.19,13.67,0.16586,16.51,5.35,0.16789,11.23,10.63,0.3007,12.91,8.95,0.2297,13.25,8.61,0.2266,11.08,10.78,0.28267,17.4,4.46,0.19023,14.46,7.4,0.2403,9.92,11.94,0.32027,8.95,12.91,0.34491,6.01,15.85,0.41534,18.55,3.31,0.1149,13.62,8.24,0.13563,10.67,11.19,0.14913,7.78,14.08,0.17364,4.19,17.67,0.24024,21.95,-0.09,0.11406,21.73,0.13,0.11736,21.51,0.35,0.11966,20.55,1.31,0.12452,18.01,3.85,0.13358,16.84,5.02,0.12399,8.98,12.88,0.17585,5.62,16.24,0.20824,3.4,18.46,0.23317,1.9,19.96,0.28084,14.14,7.72,0.12729,14.21,7.65,0.1191,11.95,9.91,0.13252,10.23,11.63,0.14858,8.76,13.1,0.18173,19.94,1.92,0.10331,17.37,4.49,0.11317,15.91,5.95,0.12711,12.17,9.69,0.17092,6.82,15.04,0.31148,16.87,4.99,0.13076,14.62,7.24,0.12934,13.57,8.29,0.13179,13.36,8.5,0.1253,12.08,9.78,0.12912
cifar100,resnet20,cqat_int8,cqat_int8,True,0.348,3.34,,1.776,20.26,48.44,0.10003,170.977,135.06,172.375,191.671,175.821,11.09,9.17,0.24505,7.09,13.17,0.33166,4.56,15.7,0.4072,3.9,16.36,0.43831,3.41,16.85,0.46641,13.71,6.55,0.19685,10.07,10.19,0.2608,6.15,14.11,0.35213,5.26,15.0,0.38083,3.9,16.36,0.43331,11.45,8.81,0.15804,7.68,12.58,0.22033,5.2,15.06,0.27927,3.24,17.02,0.35583,2.68,17.58,0.41386,18.29,1.97,0.10204,14.67,5.59,0.11332,11.51,8.75,0.13198,9.67,10.59,0.15231,7.23,13.03,0.17031,5.88,14.38,0.39636,5.89,14.37,0.377,6.41,13.85,0.33377,5.19,15.07,0.39899,5.52,14.74,0.35861,13.33,6.93,0.13895,10.43,9.83,0.16008,8.5,11.76,0.17467,8.39,11.87,0.17767,7.33,12.93,0.18792,12.75,7.51,0.1267,10.98,9.28,0.13574,9.77,10.49,0.14525,9.2,11.06,0.14685,8.24,12.02,0.15363,15.13,5.13,0.16128,10.25,10.01,0.28437,12.12,8.14,0.21575,12.4,7.86,0.20731,10.25,10.01,0.25619,15.94,4.32,0.16421,12.87,7.39,0.21469,8.83,11.43,0.28571,8.06,12.2,0.30689,5.22,15.04,0.37352,16.59,3.67,0.10702,12.03,8.23,0.12117,9.13,11.13,0.13108,6.83,13.43,0.14143,4.23,16.03,0.16065,19.95,0.31,0.10641,19.9,0.36,0.10912,18.87,1.39,0.11878,17.82,2.44,0.12644,15.23,5.03,0.14234,15.1,5.16,0.11633,7.78,12.48,0.1602,4.78,15.48,0.18328,3.33,16.93,0.19086,1.63,18.63,0.2126,13.23,7.03,0.11973,13.35,6.91,0.11513,11.37,8.89,0.12566,9.6,10.66,0.1378,8.82,11.44,0.15196,18.27,1.99,0.09919,16.04,4.22,0.11329,14.55,5.71,0.1283,11.28,8.98,0.17291,7.86,12.4,0.25697,15.38,4.88,0.12884,12.94,7.32,0.13842,13.4,6.86,0.12829,11.69,8.57,0.1376,11.07,9.19,0.13815
cifar100,resnet20,pqat,pqat,True,0.342,3.398,,2.264,24.61,54.76,0.11535,165.934,134.925,165.66,184.37,171.027,10.56,14.05,0.33941,6.31,18.3,0.44593,4.64,19.97,0.50424,3.75,20.86,0.52884,3.16,21.45,0.54674,13.88,10.73,0.25804,9.67,14.94,0.33612,5.98,18.63,0.43764,4.69,19.92,0.47236,3.74,20.87,0.50609,13.36,11.25,0.1585,8.15,16.46,0.21271,5.62,18.99,0.26048,3.59,21.02,0.33753,2.85,21.76,0.41412,23.8,0.81,0.11002,19.54,5.07,0.13045,16.11,8.5,0.15314,13.4,11.21,0.19139,10.6,14.01,0.19568,5.88,18.73,0.49925,5.98,18.63,0.47676,6.84,17.77,0.43587,5.13,19.48,0.48372,5.83,18.78,0.45529,18.43,6.18,0.17638,15.64,8.97,0.20019,12.72,11.89,0.22113,12.65,11.96,0.22194,10.74,13.87,0.23704,16.85,7.76,0.14673,15.08,9.53,0.15719,13.5,11.11,0.16937,12.65,11.96,0.17245,11.31,13.3,0.18197,17.67,6.94,0.15514,10.53,14.08,0.29917,12.79,11.82,0.22335,12.78,11.83,0.237,10.5,14.11,0.29023,18.74,5.87,0.1975,15.07,9.54,0.25962,10.03,14.58,0.35138,9.44,15.17,0.37306,5.95,18.66,0.44746,22.37,2.24,0.11656,18.5,6.11,0.12828,15.44,9.17,0.15124,11.77,12.84,0.1893,7.14,17.47,0.28123,24.3,0.31,0.12033,24.27,0.34,0.11826,23.04,1.57,0.13059,22.28,2.33,0.13435,19.47,5.14,0.15217,20.53,4.08,0.12261,12.44,12.17,0.17246,9.0,15.61,0.20566,5.07,19.54,0.25959,2.22,22.39,0.32808,16.97,7.64,0.14186,17.32,7.29,0.13251,15.3,9.31,0.14339,13.13,11.48,0.15674,10.72,13.89,0.18141,21.78,2.83,0.11278,18.41,6.2,0.13513,16.57,8.04,0.15378,11.64,12.97,0.22508,7.39,17.22,0.33904,17.14,7.47,0.1559,14.22,10.39,0.16849,13.52,11.09,0.16576,12.46,12.15,0.1715,11.52,13.09,0.17227
cifar100,resnet20,pqat_int8,pqat_int8,True,0.348,3.34,,263.723,25.12,55.61,0.12771,164.826,134.971,164.402,182.849,169.617,10.76,14.36,0.36716,6.12,19.0,0.48936,4.4,20.72,0.54489,3.6,21.52,0.56324,3.18,21.94,0.57889,14.29,10.83,0.28154,9.5,15.62,0.37776,5.95,19.17,0.48792,4.73,20.39,0.51875,3.61,21.51,0.54833,13.46,11.66,0.16326,8.3,16.82,0.21997,5.56,19.56,0.27702,3.61,21.51,0.37128,2.41,22.71,0.46969,24.17,0.95,0.1243,20.77,4.35,0.13281,17.0,8.12,0.15552,14.25,10.87,0.188,11.32,13.8,0.19283,5.85,19.27,0.53896,5.99,19.13,0.514,6.8,18.32,0.46688,4.88,20.24,0.52682,5.73,19.39,0.49867,19.41,5.71,0.18186,16.12,9.0,0.2115,13.69,11.43,0.22514,13.29,11.83,0.23272,11.56,13.56,0.23987,17.46,7.66,0.15262,16.18,8.94,0.15642,14.5,10.62,0.16579,13.36,11.76,0.17354,12.03,13.09,0.17919,17.71,7.41,0.16527,10.82,14.3,0.31341,13.13,11.99,0.23196,12.88,12.24,0.24681,10.65,14.47,0.31268,19.3,5.82,0.21565,15.28,9.84,0.27879,9.93,15.19,0.38062,9.38,15.74,0.40804,6.12,19.0,0.48379,23.47,1.65,0.1258,19.99,5.13,0.13791,17.14,7.98,0.15283,13.36,11.76,0.19097,8.6,16.52,0.28973,24.98,0.14,0.13031,24.81,0.31,0.13052,24.09,1.03,0.13471,23.04,2.08,0.13852,19.92,5.2,0.15456,22.13,2.99,0.12834,14.2,10.92,0.17837,10.16,14.96,0.21658,5.93,19.19,0.27065,2.24,22.88,0.3666,18.23,6.89,0.14194,18.65,6.47,0.13399,15.81,9.31,0.14854,13.61,11.51,0.15743,11.21,13.91,0.18761,22.1,3.02,0.13198,18.93,6.19,0.15173,16.79,8.33,0.17642,11.88,13.24,0.26099,7.79,17.33,0.3754,17.41,7.71,0.17092,14.86,10.26,0.17554,14.47,10.65,0.17288,12.93,12.19,0.18029,11.43,13.69,0.18875
cifar100,resnet20,pcqat,pcqat,True,0.342,3.397,,1.969,23.1,53.37,0.10098,166.957,134.295,168.245,185.721,171.401,12.1,11.0,0.25479,7.2,15.9,0.3415,4.79,18.31,0.40312,3.77,19.33,0.43812,3.3,19.8,0.45806,15.65,7.45,0.20125,11.54,11.56,0.25878,6.23,16.87,0.34627,5.16,17.94,0.37867,3.63,19.47,0.42518,13.22,9.88,0.11704,7.98,15.12,0.1578,5.86,17.24,0.19066,3.64,19.46,0.2448,2.95,20.15,0.29833,21.99,1.11,0.09734,18.28,4.82,0.10746,15.11,7.99,0.11972,12.15,10.95,0.15272,8.91,14.19,0.16968,5.74,17.36,0.40413,6.38,16.72,0.37629,6.66,16.44,0.35091,5.04,18.06,0.39706,5.72,17.38,0.37172,16.84,6.26,0.14116,13.14,9.96,0.17075,10.33,12.77,0.19684,10.06,13.04,0.19885,8.63,14.47,0.21835,15.16,7.94,0.12318,13.8,9.3,0.12714,12.63,10.47,0.13175,11.41,11.69,0.13818,10.04,13.06,0.14791,17.72,5.38,0.13568,11.53,11.57,0.27508,14.02,9.08,0.19947,13.98,9.12,0.20953,11.92,11.18,0.26818,18.78,4.32,0.17013,15.54,7.56,0.22174,11.0,12.1,0.30024,9.77,13.33,0.32756,6.99,16.11,0.39427,21.04,2.06,0.1041,15.99,7.11,0.13541,12.57,10.53,0.16351,9.83,13.27,0.19926,5.18,17.92,0.30785,23.25,-0.15,0.10249,22.36,0.74,0.11399,22.45,0.65,0.11109,21.12,1.98,0.11919,18.55,4.55,0.13111,19.24,3.86,0.11844,10.46,12.64,0.19559,6.69,16.41,0.24758,4.07,19.03,0.30145,1.81,21.29,0.3543,16.78,6.32,0.11027,16.54,6.56,0.10591,14.3,8.8,0.1182,11.56,11.54,0.13683,9.59,13.51,0.16662,21.8,1.3,0.0946,19.39,3.71,0.11014,17.79,5.31,0.12509,13.6,9.5,0.18,8.33,14.77,0.30396,17.85,5.25,0.13867,15.58,7.52,0.14371,14.53,8.57,0.14781,14.11,8.99,0.14433,12.91,10.19,0.14706
cifar100,resnet20,pcqat_int8,pcqat_int8,True,0.348,3.339,,2.492,21.8,51.61,0.09405,169.266,133.887,171.626,188.478,174.226,12.4,9.4,0.25218,7.63,14.17,0.36636,4.89,16.91,0.44575,4.32,17.48,0.46592,3.67,18.13,0.48983,16.3,5.5,0.18044,12.01,9.79,0.25075,6.67,15.13,0.37738,5.22,16.58,0.41339,4.04,17.76,0.44784,12.6,9.2,0.13508,8.45,13.35,0.17613,6.39,15.41,0.20373,3.91,17.89,0.25689,2.95,18.85,0.31723,20.19,1.61,0.09031,16.57,5.23,0.09954,12.05,9.75,0.12974,9.35,12.45,0.16044,6.87,14.93,0.1755,6.28,15.52,0.43659,6.24,15.56,0.40564,6.69,15.11,0.35457,5.14,16.66,0.43223,6.01,15.79,0.3908,14.57,7.23,0.14509,11.19,10.61,0.16819,9.16,12.64,0.18116,8.89,12.91,0.18325,6.98,14.82,0.19849,13.05,8.75,0.12368,11.12,10.68,0.13579,9.57,12.23,0.14909,8.83,12.97,0.15386,7.93,13.87,0.16173,16.95,4.85,0.12904,10.76,11.04,0.27224,13.15,8.65,0.1881,13.16,8.64,0.19562,11.37,10.43,0.25485,18.17,3.63,0.16015,14.8,7.0,0.21977,10.14,11.66,0.31518,9.28,12.52,0.34258,6.54,15.26,0.41085,19.1,2.7,0.09819,14.06,7.74,0.1248,10.46,11.34,0.1507,8.29,13.51,0.17443,4.58,17.22,0.23662,21.71,0.09,0.10005,21.14,0.66,0.10775,20.37,1.43,0.11494,19.34,2.46,0.1245,16.96,4.84,0.14045,17.07,4.73,0.10865,8.56,13.24,0.17221,5.26,16.54,0.21227,3.07,18.73,0.24688,1.72,20.08,0.28319,14.19,7.61,0.11481,14.13,7.67,0.11043,11.86,9.94,0.12484,10.36,11.44,0.13144,9.31,12.49,0.14781,20.11,1.69,0.08911,17.52,4.28,0.10574,16.12,5.68,0.12046,11.91,9.89,0.17705,7.65,14.15,0.28093,16.84,4.96,0.12276,14.26,7.54,0.13116,13.62,8.18,0.13324,12.69,9.11,0.13327,12.01,9.79,0.13142
cifar100,resnet20,pruning_20,pruning_20,False,1.164,0.999,278324.0,291.911,67.11,90.9,0.09056,99.431,99.31,99.578,99.117,99.688,38.43,28.68,0.04178,24.33,42.78,0.14884,16.25,50.86,0.21108,13.63,53.48,0.22871,11.76,55.35,0.24323,47.03,20.08,0.01316,36.95,30.16,0.05213,22.44,44.67,0.16169,17.78,49.33,0.19986,13.37,53.74,0.23368,62.55,4.56,0.09233,54.53,12.58,0.06772,46.46,20.65,0.04107,29.79,37.32,0.04356,17.62,49.49,0.13321,67.2,-0.09,0.0943,64.66,2.45,0.08763,59.22,7.89,0.07057,52.98,14.13,0.04994,41.44,25.67,0.02226,23.19,43.92,0.19623,24.59,42.52,0.17448,26.5,40.61,0.14696,17.52,49.59,0.24262,19.13,47.98,0.21424,59.53,7.58,0.0695,53.09,14.02,0.05395,47.0,20.11,0.02974,47.52,19.59,0.03371,40.45,26.66,0.01681,58.93,8.18,0.07906,57.1,10.01,0.07593,53.11,14.0,0.06176,49.12,17.99,0.04102,43.17,23.94,0.01465,61.25,5.86,0.08286,44.99,22.12,0.0114,49.54,17.57,0.03343,46.41,20.7,0.01999,38.91,28.2,0.04503,57.62,9.49,0.0601,49.38,17.73,0.01981,38.71,28.4,0.0723,36.18,30.93,0.09365,27.73,39.38,0.1653,66.88,0.23,0.09105,65.29,1.82,0.09076,62.42,4.69,0.08196,57.21,9.9,0.06627,38.29,28.82,0.04014,67.04,0.07,0.09099,66.33,0.78,0.08786,65.7,1.41,0.08803,64.66,2.45,0.08659,61.64,5.47,0.07836,66.59,0.52,0.08715,64.68,2.43,0.08562,62.02,5.09,0.07409,57.71,9.4,0.05531,42.46,24.65,0.02262,59.37,7.74,0.08264,59.63,7.48,0.07859,55.58,11.53,0.06686,47.5,19.61,0.04297,40.79,26.32,0.01448,61.66,5.45,0.07754,49.64,17.47,0.02458,40.81,26.3,0.03844,20.19,46.92,0.20267,8.78,58.33,0.32039,53.6,13.51,0.05835,46.98,20.13,0.04086,43.93,23.18,0.02438,41.09,26.02,0.01375,37.67,29.44,0.01023
cifar100,resnet20,pruning_50,pruning_50,False,1.164,0.999,278324.0,7.376,66.76,90.78,0.09216,100.86,100.421,101.425,100.659,100.826,36.98,29.78,0.04487,23.32,43.44,0.14813,15.69,51.07,0.20576,12.89,53.87,0.22432,11.41,55.35,0.23499,45.86,20.9,0.01327,35.72,31.04,0.05394,21.37,45.39,0.16198,17.51,49.25,0.19256,13.41,53.35,0.22332,61.36,5.4,0.08575,54.27,12.49,0.07471,45.77,20.99,0.04548,28.94,37.82,0.04099,16.85,49.91,0.12769,66.58,0.18,0.09385,63.81,2.95,0.08463,58.38,8.38,0.06821,51.58,15.18,0.0433,39.67,27.09,0.02846,22.7,44.06,0.19929,24.37,42.39,0.17382,25.76,41.0,0.15072,17.4,49.36,0.24429,18.85,47.91,0.2169,59.26,7.5,0.07304,52.33,14.43,0.0509,45.87,20.89,0.02221,46.24,20.52,0.02628,39.94,26.82,0.01229,57.92,8.84,0.07709,55.56,11.2,0.06763,51.77,14.99,0.05567,47.67,19.09,0.03089,41.73,25.03,0.01838,60.86,5.9,0.08492,44.01,22.75,0.01391,48.87,17.89,0.03415,45.85,20.91,0.01728,38.17,28.59,0.04615,57.2,9.56,0.06225,48.18,18.58,0.02695,37.42,29.34,0.07719,34.51,32.25,0.10726,26.68,40.08,0.17569,66.28,0.48,0.08967,64.77,1.99,0.09053,61.82,4.94,0.08194,56.29,10.47,0.0631,37.3,29.46,0.0438,66.52,0.24,0.091,65.89,0.87,0.0892,65.38,1.38,0.09108,64.08,2.68,0.08687,61.29,5.47,0.08111,66.15,0.61,0.08777,63.72,3.04,0.08064,61.61,5.15,0.07541,57.49,9.27,0.06026,42.14,24.62,0.01491,58.41,8.35,0.08021,58.31,8.45,0.07194,54.38,12.38,0.06171,46.27,20.49,0.03689,40.01,26.75,0.0128,61.25,5.51,0.07744,49.75,17.01,0.02774,40.89,25.87,0.03224,20.58,46.18,0.19706,9.04,57.72,0.31071,53.3,13.46,0.06231,46.01,20.75,0.03839,43.38,23.38,0.02826,40.42,26.34,0.01623,36.65,30.11,0.01476
cifar100,resnet20,pruning_70,pruning_70,False,1.164,0.999,278324.0,381.81,65.24,90.07,0.09678,103.465,101.997,103.823,103.841,103.831,35.68,29.56,0.04393,22.66,42.58,0.14058,15.34,49.9,0.1998,12.35,52.89,0.2228,10.71,54.53,0.2369,44.56,20.68,0.01821,34.07,31.17,0.05503,20.94,44.3,0.15576,16.8,48.44,0.18787,12.79,52.45,0.22212,60.21,5.03,0.09363,52.23,13.01,0.07178,44.09,21.15,0.04312,27.25,37.99,0.05348,15.95,49.29,0.14131,64.91,0.33,0.0981,62.32,2.92,0.09137,57.12,8.12,0.07607,50.59,14.65,0.04979,39.17,26.07,0.02161,22.28,42.96,0.1889,23.51,41.73,0.16332,25.11,40.13,0.14338,17.14,48.1,0.22501,18.67,46.57,0.20259,57.8,7.44,0.07842,50.73,14.51,0.05239,44.16,21.08,0.02274,44.56,20.68,0.02472,38.0,27.24,0.012,56.32,8.92,0.08049,54.41,10.83,0.07434,50.13,15.11,0.05406,46.14,19.1,0.0299,40.61,24.63,0.00975,59.19,6.05,0.08708,43.14,22.1,0.01398,47.5,17.74,0.0343,45.01,20.23,0.02289,35.89,29.35,0.05598,54.56,10.68,0.05406,46.66,18.58,0.02139,35.86,29.38,0.07962,33.27,31.97,0.10581,25.06,40.18,0.18163,64.78,0.46,0.09514,62.85,2.39,0.09228,60.33,4.91,0.08663,54.83,10.41,0.06889,36.35,28.89,0.03963,65.11,0.13,0.09655,64.79,0.45,0.09826,63.92,1.32,0.09689,63.05,2.19,0.09764,59.87,5.37,0.09056,64.51,0.73,0.09224,61.75,3.49,0.08339,59.38,5.86,0.07625,54.24,11.0,0.05066,38.28,26.96,0.03449,57.03,8.21,0.08535,57.48,7.76,0.08331,53.08,12.16,0.06768,44.65,20.59,0.03697,39.12,26.12,0.01438,59.39,5.85,0.07968,46.98,18.26,0.02072,39.01,26.23,0.03734,19.62,45.62,0.20227,8.86,56.38,0.3089,52.3,12.94,0.06904,45.68,19.56,0.04872,42.71,22.53,0.03223,39.92,25.32,0.01851,36.76,28.48,0.01196
cifar100,resnet20,pruning_90,pruning_90,False,1.164,0.999,278324.0,16.517,54.05,83.47,0.09171,122.63,114.647,122.118,128.467,123.291,24.48,29.57,0.07215,13.31,40.74,0.1598,8.08,45.97,0.20025,6.65,47.4,0.20836,5.45,48.6,0.21877,32.33,21.72,0.01995,22.9,31.15,0.08844,12.31,41.74,0.16724,9.55,44.5,0.1864,7.06,46.99,0.20476,48.97,5.08,0.10717,42.24,11.81,0.09982,33.04,21.01,0.05237,18.7,35.35,0.05036,10.37,43.68,0.12985,53.4,0.65,0.08957,50.62,3.43,0.08021,44.96,9.09,0.05049,39.05,15.0,0.01734,29.23,24.82,0.05252,16.01,38.04,0.20491,17.72,36.33,0.1777,19.35,34.7,0.14603,12.68,41.37,0.22908,14.35,39.7,0.19319,47.31,6.74,0.07473,40.71,13.34,0.04138,34.57,19.48,0.00801,35.45,18.6,0.01478,30.69,23.36,0.02209,44.61,9.44,0.05813,42.75,11.3,0.04376,39.48,14.57,0.02465,36.56,17.49,0.01117,32.11,21.94,0.02775,48.28,5.77,0.08204,31.46,22.59,0.03866,36.68,17.37,0.02226,33.99,20.06,0.01356,26.95,27.1,0.06583,43.62,10.43,0.04873,36.04,18.01,0.01933,25.75,28.3,0.09239,23.84,30.21,0.11942,16.76,37.29,0.19335,53.56,0.49,0.0943,51.32,2.73,0.09313,48.27,5.78,0.08323,42.45,11.6,0.05586,24.52,29.53,0.07654,53.76,0.29,0.0905,53.17,0.88,0.08977,52.45,1.6,0.0899,51.14,2.91,0.08695,47.54,6.51,0.07454,53.21,0.84,0.09311,49.16,4.89,0.08339,45.61,8.44,0.06952,39.45,14.6,0.03817,20.92,33.13,0.09693,45.67,8.38,0.07455,46.14,7.91,0.07248,42.25,11.8,0.05373,35.83,18.22,0.02945,31.76,22.29,0.01469,47.5,6.55,0.06284,35.98,18.07,0.0261,29.3,24.75,0.08315,15.2,38.85,0.23173,8.6,45.45,0.30843,43.1,10.95,0.05415,38.51,15.54,0.03526,36.3,17.75,0.02006,34.59,19.46,0.01299,32.29,21.76,0.01346
cifar100,resnet20,kd_temp2,kd_temp2,False,1.163,0.999,278324.0,8.914,67.33,90.71,0.09396,99.481,99.941,99.519,99.001,99.577,37.96,29.37,0.03512,24.08,43.25,0.13835,15.87,51.46,0.20256,13.35,53.98,0.21996,11.56,55.77,0.23575,47.06,20.27,0.02265,36.82,30.51,0.0424,22.29,45.04,0.15122,17.85,49.48,0.18682,13.36,53.97,0.22261,61.85,5.48,0.09095,54.08,13.25,0.07352,45.66,21.67,0.04613,28.49,38.84,0.04497,16.62,50.71,0.1341,67.01,0.32,0.09396,64.29,3.04,0.08539,59.22,8.11,0.07094,53.29,14.04,0.05414,40.79,26.54,0.01813,22.87,44.46,0.19931,24.45,42.88,0.1746,26.34,40.99,0.1462,17.43,49.9,0.24621,18.93,48.4,0.21615,60.06,7.27,0.07546,53.57,13.76,0.05915,47.41,19.92,0.03398,47.78,19.55,0.03706,41.14,26.19,0.01377,59.01,8.32,0.08018,56.94,10.39,0.07422,52.86,14.47,0.05966,49.12,18.21,0.04044,43.36,23.97,0.01607,61.36,5.97,0.08805,44.54,22.79,0.0119,49.37,17.96,0.03666,46.37,20.96,0.02662,38.95,28.38,0.03879,57.61,9.72,0.06414,49.09,18.24,0.02408,38.08,29.25,0.0685,35.78,31.55,0.09401,27.38,39.95,0.16365,66.72,0.61,0.091,65.34,1.99,0.09228,62.8,4.53,0.0871,57.82,9.51,0.07567,38.99,28.34,0.02296,66.95,0.38,0.09092,66.5,0.83,0.09042,65.8,1.53,0.0902,64.98,2.35,0.09114,61.98,5.35,0.08361,66.75,0.58,0.0899,64.18,3.15,0.08124,61.85,5.48,0.07346,57.8,9.53,0.05813,42.17,25.16,0.02158,59.43,7.9,0.08554,59.4,7.93,0.07753,55.51,11.82,0.06761,47.34,19.99,0.04229,40.91,26.42,0.0153,61.58,5.75,0.08047,49.99,17.34,0.03013,41.45,25.88,0.02722,20.75,46.58,0.19246,9.28,58.05,0.30425,54.02,13.31,0.06981,46.57,20.76,0.04302,44.22,23.11,0.03384,41.21,26.12,0.01933,38.03,29.3,0.00879
cifar100,resnet20,kd_temp4,kd_temp4,False,1.163,0.999,278324.0,9.758,67.27,90.91,0.10086,99.364,99.433,99.654,98.921,99.467,38.35,28.92,0.0258,24.24,43.03,0.13088,16.27,51.0,0.19378,13.74,53.53,0.21183,11.71,55.56,0.23001,47.25,20.02,0.02755,37.35,29.92,0.03388,22.68,44.59,0.14215,18.03,49.24,0.18048,13.94,53.33,0.21323,62.04,5.23,0.09821,54.39,12.88,0.08007,46.35,20.92,0.05613,28.88,38.39,0.04133,16.9,50.37,0.12967,67.11,0.16,0.10246,64.39,2.88,0.09434,59.43,7.84,0.08146,52.97,14.3,0.05961,40.05,27.22,0.01951,23.5,43.77,0.17729,25.05,42.22,0.15355,26.47,40.8,0.13214,17.78,49.49,0.22375,19.28,47.99,0.1972,59.9,7.37,0.0821,53.38,13.89,0.06594,46.85,20.42,0.03672,47.46,19.81,0.0422,40.94,26.33,0.01536,59.01,8.26,0.08812,57.04,10.23,0.08285,53.13,14.14,0.06988,48.78,18.49,0.04454,42.85,24.42,0.01989,61.41,5.86,0.09509,44.94,22.33,0.01109,49.52,17.75,0.04417,46.52,20.75,0.02624,39.0,28.27,0.0364,57.86,9.41,0.07303,49.25,18.02,0.02643,38.45,28.82,0.0645,35.85,31.42,0.09014,27.33,39.94,0.16023,67.06,0.21,0.10174,65.49,1.78,0.10199,62.87,4.4,0.09602,57.52,9.75,0.08014,38.39,28.88,0.0255,67.03,0.24,0.09937,66.38,0.89,0.09669,66.07,1.2,0.10019,64.84,2.43,0.09735,61.72,5.55,0.08854,66.79,0.48,0.09806,64.3,2.97,0.08949,61.95,5.32,0.0814,57.68,9.59,0.06374,41.91,25.36,0.01877,59.56,7.71,0.09462,59.52,7.75,0.08669,55.36,11.91,0.07411,47.65,19.62,0.05327,40.73,26.54,0.02028,62.05,5.22,0.09134,50.37,16.9,0.04028,41.77,25.5,0.02048,21.02,46.25,0.18435,9.19,58.08,0.30359,53.85,13.42,0.0733,46.96,20.31,0.05246,44.06,23.21,0.03846,41.21,26.06,0.02505,37.9,29.37,0.01347
cifar100,resnet20,kd_temp8,kd_temp8,False,1.163,0.999,278324.0,299.273,67.03,91.1,0.10146,99.181,99.375,99.299,98.834,99.266,38.24,28.79,0.03048,24.09,42.94,0.13159,16.13,50.9,0.19176,13.7,53.33,0.20637,11.77,55.26,0.22217,46.95,20.08,0.02827,36.9,30.13,0.03508,22.22,44.81,0.14538,18.08,48.95,0.17804,13.65,53.38,0.21105,62.18,4.85,0.10238,54.75,12.28,0.08775,46.66,20.37,0.06351,29.5,37.53,0.02641,17.45,49.58,0.11203,66.87,0.16,0.1024,64.22,2.81,0.09372,59.29,7.74,0.08016,53.45,13.58,0.06411,41.5,25.53,0.01697,22.88,44.15,0.18921,24.46,42.57,0.16536,26.72,40.31,0.13302,17.43,49.6,0.23603,19.17,47.86,0.20414,59.89,7.14,0.08428,53.69,13.34,0.07052,47.26,19.77,0.04304,47.62,19.41,0.04563,41.17,25.86,0.01646,58.97,8.06,0.08945,57.05,9.98,0.08371,53.19,13.84,0.07092,49.75,17.28,0.05496,43.56,23.47,0.02431,61.48,5.55,0.09896,44.93,22.1,0.01473,49.41,17.62,0.04686,46.63,20.4,0.03143,38.76,28.27,0.03076,57.56,9.47,0.07292,49.24,17.79,0.0317,37.93,29.1,0.06481,35.47,31.56,0.08723,27.18,39.85,0.1607,66.98,0.05,0.10396,65.11,1.92,0.10013,62.82,4.21,0.09767,58.06,8.97,0.08819,39.13,27.9,0.01648,66.94,0.09,0.10105,66.68,0.35,0.10196,66.24,0.79,0.10398,65.12,1.91,0.10207,61.97,5.06,0.09269,66.47,0.56,0.0974,64.1,2.93,0.09044,62.12,4.91,0.0862,58.1,8.93,0.07102,42.64,24.39,0.01313,59.44,7.59,0.09546,59.44,7.59,0.08762,55.45,11.58,0.07627,47.78,19.25,0.0564,40.98,26.05,0.0217,61.82,5.21,0.09086,50.65,16.38,0.0452,41.64,25.39,0.01909,20.8,46.23,0.18347,9.18,57.85,0.30115,54.05,12.98,0.07791,47.0,20.03,0.05532,44.43,22.6,0.04352,41.52,25.51,0.02956,38.1,28.93,0.01819
cifar100,resnet20,structured_pruning_30,structured_pruning_30,False,1.165,0.998,278324.0,11.766,62.32,88.66,0.09703,107.946,105.012,107.966,109.929,108.143,33.57,28.75,0.03516,20.44,41.88,0.13061,13.72,48.6,0.18199,11.16,51.16,0.20222,10.09,52.23,0.21,43.47,18.85,0.03293,32.2,30.12,0.04715,18.92,43.4,0.14409,15.38,46.94,0.17242,11.15,51.17,0.20495,57.05,5.27,0.1115,49.38,12.94,0.10292,40.47,21.85,0.07006,24.19,38.13,0.03196,14.29,48.03,0.11155,62.09,0.23,0.09774,59.4,2.92,0.08898,54.27,8.05,0.06981,47.51,14.81,0.03445,36.62,25.7,0.0388,20.78,41.54,0.18009,21.63,40.69,0.16168,23.45,38.87,0.13454,15.47,46.85,0.22521,16.87,45.45,0.19621,55.04,7.28,0.08022,48.5,13.82,0.05251,42.55,19.77,0.02251,42.87,19.45,0.02821,36.61,25.71,0.01773,53.93,8.39,0.0757,52.17,10.15,0.0689,48.03,14.29,0.04725,44.68,17.64,0.02801,39.22,23.1,0.01113,55.89,6.43,0.08838,39.76,22.56,0.00982,44.63,17.69,0.04111,42.16,20.16,0.02804,35.14,27.18,0.0297,52.99,9.33,0.06639,44.77,17.55,0.0192,34.19,28.13,0.06286,31.86,30.46,0.08403,23.72,38.6,0.15653,62.08,0.24,0.0972,59.89,2.43,0.09367,57.34,4.98,0.09119,50.91,11.41,0.06233,32.42,29.9,0.05027,62.52,-0.2,0.10036,61.71,0.61,0.09766,60.99,1.33,0.09871,59.53,2.79,0.09432,56.45,5.87,0.08817,61.36,0.96,0.09145,58.0,4.32,0.08219,54.73,7.59,0.06898,50.54,11.78,0.05573,34.96,27.36,0.02779,54.01,8.31,0.08263,55.09,7.23,0.08617,50.83,11.49,0.06575,43.87,18.45,0.04042,37.94,24.38,0.01514,56.49,5.83,0.0791,44.45,17.87,0.01976,36.27,26.05,0.03793,17.69,44.63,0.20157,8.96,53.36,0.29634,51.05,11.27,0.07752,44.53,17.79,0.05256,41.98,20.34,0.03887,39.93,22.39,0.03522,36.72,25.6,0.01917
cifar100,resnet20,structured_pruning_50,structured_pruning_50,False,1.165,0.998,278324.0,14.387,53.84,83.77,0.10429,119.838,111.529,119.921,124.859,120.965,31.1,22.74,0.0201,19.39,34.45,0.09585,11.55,42.29,0.16254,9.66,44.18,0.18073,7.58,46.26,0.19736,38.81,15.03,0.03914,29.86,23.98,0.02195,16.95,36.89,0.11573,12.82,41.02,0.15055,9.4,44.44,0.17612,47.12,6.72,0.10707,40.43,13.41,0.09716,31.54,22.3,0.04943,17.37,36.47,0.05597,9.32,44.52,0.14038,53.4,0.44,0.10363,50.64,3.2,0.0911,45.81,8.03,0.06898,40.3,13.54,0.04151,31.07,22.77,0.02721,17.93,35.91,0.11838,19.5,34.34,0.09941,20.97,32.87,0.08442,14.04,39.8,0.14868,15.11,38.73,0.13612,47.11,6.73,0.08504,41.7,12.14,0.06277,36.59,17.25,0.03979,36.17,17.67,0.03506,30.86,22.98,0.01659,45.8,8.04,0.077,44.09,9.75,0.06764,41.31,12.53,0.05623,38.52,15.32,0.03913,34.4,19.44,0.02128,47.76,6.08,0.09368,33.94,19.9,0.01394,37.92,15.92,0.04632,36.25,17.59,0.03819,30.43,23.41,0.01715,45.97,7.87,0.07369,39.42,14.42,0.03831,29.77,24.07,0.03069,28.21,25.63,0.04084,20.11,33.73,0.10564,53.24,0.6,0.10421,52.03,1.81,0.111,48.89,4.95,0.09882,44.09,9.75,0.08215,28.79,25.05,0.01675,53.9,-0.06,0.10612,53.56,0.28,0.10709,52.88,0.96,0.10681,52.07,1.77,0.10688,48.79,5.05,0.09587,53.17,0.67,0.1045,49.26,4.58,0.0915,45.71,8.13,0.07552,40.62,13.22,0.05256,27.61,26.23,0.01377,45.64,8.2,0.08243,46.35,7.49,0.08498,42.57,11.27,0.06481,36.2,17.64,0.03752,31.52,22.32,0.01988,48.07,5.77,0.07992,38.71,15.13,0.02027,32.74,21.1,0.02354,17.33,36.51,0.14613,9.32,44.52,0.22276,44.3,9.54,0.07597,39.44,14.4,0.05907,37.93,15.91,0.05301,35.78,18.06,0.04255,33.32,20.52,0.03332
cifar100,resnet20,pruning_kd_70,pruning_kd_70,False,1.164,0.999,278324.0,12.233,67.32,90.97,0.09742,99.602,100.188,99.293,99.458,99.615,37.41,29.91,0.04091,23.55,43.77,0.14622,15.5,51.82,0.21024,12.99,54.33,0.22707,11.22,56.1,0.24159,46.67,20.65,0.01974,36.19,31.13,0.04875,21.81,45.51,0.15867,17.52,49.8,0.19399,13.18,54.14,0.22862,62.08,5.24,0.0958,54.49,12.83,0.07912,46.09,21.23,0.05376,28.52,38.8,0.04263,16.57,50.75,0.13101,67.06,0.26,0.09716,64.41,2.91,0.0882,59.68,7.64,0.077,53.61,13.71,0.05731,41.01,26.31,0.01911,22.32,45.0,0.2073,24.02,43.3,0.1826,25.99,41.33,0.15251,16.83,50.49,0.25478,18.75,48.57,0.22123,59.98,7.34,0.07669,53.86,13.46,0.06322,47.34,19.98,0.03467,47.77,19.55,0.03777,41.54,25.78,0.0119,59.16,8.16,0.08266,57.6,9.72,0.08074,53.41,13.91,0.06444,49.47,17.85,0.04294,43.33,23.99,0.01429,60.9,6.42,0.08665,43.71,23.61,0.01596,49.02,18.3,0.03691,45.94,21.38,0.01743,38.35,28.97,0.04424,57.43,9.89,0.06548,48.76,18.56,0.02795,37.64,29.68,0.07938,35.1,32.22,0.10258,26.81,40.51,0.17574,66.71,0.61,0.09414,65.14,2.18,0.09316,62.92,4.4,0.09081,58.01,9.31,0.07842,38.85,28.47,0.02524,67.03,0.29,0.09495,66.39,0.93,0.09214,65.9,1.42,0.09387,65.0,2.32,0.09391,61.82,5.5,0.08432,66.65,0.67,0.09241,64.18,3.14,0.08382,62.25,5.07,0.07944,57.94,9.38,0.06056,43.23,24.09,0.01825,59.81,7.51,0.0917,59.55,7.77,0.08009,55.68,11.64,0.06935,47.89,19.43,0.04728,41.1,26.22,0.01373,61.22,6.1,0.08047,49.59,17.73,0.03085,40.73,26.59,0.02778,20.4,46.92,0.19082,9.08,58.24,0.30371,53.37,13.95,0.06752,46.27,21.05,0.0442,43.86,23.46,0.03455,40.96,26.36,0.02101,37.27,30.05,0.01115
cifar100,resnet20,fp16,fp16,False,0.597,1.946,278324.0,9.359,66.9,90.66,0.09134,100.006,100.003,100.017,99.997,100.006,38.3,28.6,0.03549,24.04,42.86,0.14264,16.15,50.75,0.20213,13.74,53.16,0.21654,11.81,55.09,0.23278,46.76,20.14,0.01475,36.74,30.16,0.04755,22.35,44.55,0.15344,18.03,48.87,0.18831,13.47,53.43,0.22165,61.64,5.26,0.08848,53.91,12.99,0.07048,45.42,21.48,0.04138,27.9,39.0,0.05417,16.4,50.5,0.13769,66.49,0.41,0.08965,64.26,2.64,0.08471,58.97,7.93,0.06734,52.51,14.39,0.04479,40.77,26.13,0.02086,23.0,43.9,0.19563,24.88,42.02,0.16997,26.62,40.28,0.14443,17.42,49.48,0.24047,19.1,47.8,0.21415,59.43,7.47,0.06917,53.22,13.68,0.05488,46.99,19.91,0.02714,47.48,19.42,0.03236,40.71,26.19,0.01221,58.61,8.29,0.07607,56.57,10.33,0.0697,52.47,14.43,0.05416,48.91,17.99,0.0361,43.13,23.77,0.01657,60.63,6.27,0.08069,44.06,22.84,0.01476,48.67,18.23,0.02942,45.75,21.15,0.01622,38.31,28.59,0.04358,57.33,9.57,0.06016,48.9,18.0,0.02541,37.98,28.92,0.07648,35.59,31.31,0.09807,26.9,40.0,0.17413,66.5,0.4,0.08994,65.06,1.84,0.09002,61.99,4.91,0.07975,57.63,9.27,0.07331,38.77,28.13,0.02625,66.48,0.42,0.08789,65.88,1.02,0.08559,65.19,1.71,0.08509,64.48,2.42,0.08674,61.47,5.43,0.07891,66.26,0.64,0.08628,63.71,3.19,0.07689,61.64,5.26,0.07115,57.89,9.01,0.05801,42.44,24.46,0.02187,59.0,7.9,0.08026,59.03,7.87,0.07295,54.75,12.15,0.05877,47.4,19.5,0.04092,40.66,26.24,0.01072,61.61,5.29,0.07891,49.98,16.92,0.02735,42.02,24.88,0.02731,21.06,45.84,0.1857,9.46,57.44,0.29608,53.3,13.6,0.06033,46.23,20.67,0.03796,43.69,23.21,0.02766,40.69,26.21,0.01493,37.53,29.37,0.01427
cifar100,resnet50,baseline,baseline,False,95.139,1.0,23705252.0,206.618,78.59,94.93,0.03843,100.0,100.0,100.0,100.0,100.0,50.67,27.92,0.08065,33.65,44.94,0.19433,22.49,56.1,0.27865,19.02,59.57,0.29897,15.38,63.21,0.32953,61.48,17.11,0.02272,50.61,27.98,0.08259,31.94,46.65,0.20433,26.52,52.07,0.24615,19.27,59.32,0.30315,74.94,3.65,0.031,70.15,8.44,0.0226,63.14,15.45,0.01526,47.06,31.53,0.08003,30.87,47.72,0.1745,78.0,0.59,0.03433,76.22,2.37,0.02974,72.78,5.81,0.02598,67.96,10.63,0.01893,54.8,23.79,0.06768,28.44,50.15,0.25674,30.13,48.46,0.23727,33.54,45.05,0.20478,20.74,57.85,0.307,23.96,54.63,0.27608,71.5,7.09,0.01764,64.87,13.72,0.02514,56.78,21.81,0.05731,57.28,21.31,0.05165,48.99,29.6,0.09667,71.76,6.83,0.01742,70.58,8.01,0.0165,67.04,11.55,0.0237,62.77,15.82,0.03257,55.62,22.97,0.0647,73.63,4.96,0.02463,57.94,20.65,0.05201,61.76,16.83,0.03318,58.73,19.86,0.04353,50.11,28.48,0.09165,70.27,8.32,0.023,61.93,16.66,0.03476,50.54,28.05,0.09519,48.27,30.32,0.10659,39.03,39.56,0.16779,77.84,0.75,0.03566,76.24,2.35,0.03066,73.37,5.22,0.02978,68.19,10.4,0.02597,50.26,28.33,0.09657,78.27,0.32,0.03526,77.92,0.67,0.03421,77.57,1.02,0.03562,76.79,1.8,0.03584,73.96,4.63,0.02578,77.92,0.67,0.03518,76.08,2.51,0.02691,74.44,4.15,0.02292,72.01,6.58,0.02572,61.93,16.66,0.04312,70.37,8.22,0.02232,71.27,7.32,0.02205,68.51,10.08,0.0158,60.55,18.04,0.02742,51.34,27.25,0.06895,74.36,4.23,0.0273,65.51,13.08,0.0224,57.44,21.15,0.04777,31.47,47.12,0.23159,15.35,63.24,0.36619,66.7,11.89,0.02061,59.03,19.56,0.04028,55.63,22.96,0.054,52.73,25.86,0.06208,48.04,30.55,0.08172
cifar100,resnet50,pruning,pruning,False,95.14,1.0,23705252.0,41.959,78.5,94.88,0.03914,98.615,99.837,98.072,98.34,98.516,51.32,27.18,0.0702,34.49,44.01,0.1805,22.92,55.58,0.26646,19.81,58.69,0.28208,15.84,62.66,0.31673,61.81,16.69,0.02625,50.36,28.14,0.07887,32.11,46.39,0.19689,26.52,51.98,0.23918,19.54,58.96,0.29534,74.69,3.81,0.03091,70.18,8.32,0.02226,63.29,15.21,0.0188,46.41,32.09,0.08838,30.39,48.11,0.17849,78.38,0.12,0.04004,76.51,1.99,0.03374,73.34,5.16,0.02453,68.31,10.19,0.01968,56.81,21.69,0.05115,29.81,48.69,0.22885,31.27,47.23,0.21307,34.71,43.79,0.18447,21.5,57.0,0.28156,24.2,54.3,0.25842,71.91,6.59,0.0211,65.07,13.43,0.02243,57.58,20.92,0.04722,57.7,20.8,0.0463,50.35,28.15,0.08092,72.4,6.1,0.02435,71.3,7.2,0.02126,67.97,10.53,0.02227,63.69,14.81,0.02985,56.62,21.88,0.05421,74.3,4.2,0.03102,59.15,19.35,0.04094,62.65,15.85,0.02488,59.77,18.73,0.03478,51.31,27.19,0.07796,70.63,7.87,0.02092,62.76,15.74,0.03043,51.36,27.14,0.08141,49.04,29.46,0.09376,39.75,38.75,0.15205,78.38,0.12,0.04184,76.66,1.84,0.0361,73.29,5.21,0.02467,68.34,10.16,0.02105,50.37,28.13,0.08983,78.61,-0.11,0.03987,78.36,0.14,0.03929,78.0,0.5,0.04016,77.25,1.25,0.03835,74.42,4.08,0.02666,78.31,0.19,0.03867,76.58,1.92,0.03349,75.07,3.43,0.02932,73.01,5.49,0.02982,62.31,16.19,0.0388,70.92,7.58,0.02141,71.61,6.89,0.02639,68.72,9.78,0.01985,61.01,17.49,0.02289,52.24,26.26,0.05805,74.85,3.65,0.02905,66.17,12.33,0.0248,58.27,20.23,0.04158,32.08,46.42,0.2182,15.16,63.34,0.36049,66.8,11.7,0.02226,59.76,18.74,0.03206,56.47,22.03,0.04025,53.65,24.85,0.0513,48.74,29.76,0.07134
cifar100,resnet50,ptq,ptq,True,24.261,3.921,,8.85,1.0,5.0,0.99,253.519,176.343,249.989,303.825,264.624,1.0,0.0,0.99,1.0,0.0,0.99,1.0,0.0,0.99,1.0,0.0,0.99,1.0,0.0,0.99,1.0,0.0,0.99,1.0,0.0,0.99,1.0,0.0,0.99,1.0,0.0,0.99,1.0,0.0,0.99,1.0,0.0,0.99,1.0,0.0,0.99,1.0,0.0,0.99,1.0,0.0,0.99,1.0,0.0,0.99,1.0,0.0,0.99,1.0,0.0,0.99,1.0,0.0,0.99,1.0,0.0,0.99,1.0,0.0,0.99,1.0,0.0,0.99,1.0,0.0,0.99,1.0,0.0,0.99,1.0,0.0,0.99,1.0,0.0,0.99,1.0,0.0,0.99,1.0,0.0,0.99,1.0,0.0,0.99,1.0,0.0,0.99,1.0,0.0,0.99,1.0,0.0,0.99,1.0,0.0,0.99,1.0,0.0,0.99,1.0,0.0,0.99,1.0,0.0,0.99,1.0,0.0,0.99,1.0,0.0,0.99,1.0,0.0,0.99,1.0,0.0,0.99,1.0,0.0,0.99,1.0,0.0,0.99,1.0,0.0,0.99,1.0,0.0,0.99,1.0,0.0,0.99,1.0,0.0,0.99,1.0,0.0,0.99,1.0,0.0,0.99,1.0,0.0,0.99,1.0,0.0,0.99,1.0,0.0,0.99,1.0,0.0,0.99,1.0,0.0,0.99,1.0,0.0,0.99,1.0,0.0,0.99,1.0,0.0,0.99,1.0,0.0,0.99,1.0,0.0,0.99,1.0,0.0,0.99,1.0,0.0,0.99,1.0,0.0,0.99,1.0,0.0,0.99,1.0,0.0,0.99,1.0,0.0,0.99,1.0,0.0,0.99,1.0,0.0,0.99,1.0,0.0,0.99,1.0,0.0,0.99,1.0,0.0,0.99,1.0,0.0,0.99,1.0,0.0,0.99,1.0,0.0,0.99,1.0,0.0,0.99,1.0,0.0,0.99,1.0,0.0,0.99,1.0,0.0,0.99
cifar100,resnet50,qat,qat,True,24.261,3.921,,427.386,1.46,6.71,0.73472,252.128,175.869,248.246,302.351,262.98,1.36,0.1,0.74147,1.17,0.29,0.73965,1.1,0.36,0.74205,1.03,0.43,0.74122,0.94,0.52,0.75232,1.43,0.03,0.73629,1.27,0.19,0.73756,1.33,0.13,0.73418,1.22,0.24,0.74143,0.93,0.53,0.75442,1.44,0.02,0.74064,1.35,0.11,0.74425,1.54,-0.08,0.74722,1.13,0.33,0.7614,1.41,0.05,0.77438,1.53,-0.07,0.732,1.71,-0.25,0.72366,1.57,-0.11,0.72339,1.79,-0.33,0.71874,1.84,-0.38,0.71156,1.36,0.1,0.75993,1.18,0.28,0.75933,1.56,-0.1,0.73781,1.54,-0.08,0.75634,1.54,-0.08,0.74574,1.73,-0.27,0.7271,1.71,-0.25,0.71943,1.79,-0.33,0.71529,1.68,-0.22,0.71626,1.79,-0.33,0.70418,1.83,-0.37,0.72274,1.8,-0.34,0.72145,1.89,-0.43,0.71327,1.51,-0.05,0.7206,1.82,-0.36,0.71524,1.41,0.05,0.73417,1.34,0.12,0.74216,1.47,-0.01,0.73773,1.5,-0.04,0.74244,1.25,0.21,0.73671,1.57,-0.11,0.73839,1.48,-0.02,0.73871,1.42,0.04,0.7303,1.58,-0.12,0.72353,1.32,0.14,0.72507,1.42,0.04,0.72499,1.66,-0.2,0.69433,1.32,0.14,0.6899,1.41,0.05,0.67989,1.31,0.15,0.67257,1.44,0.02,0.744,1.57,-0.11,0.745,1.53,-0.07,0.74633,1.55,-0.09,0.75353,1.79,-0.33,0.74864,1.79,-0.33,0.71494,1.63,-0.17,0.69708,1.67,-0.21,0.69215,1.71,-0.25,0.68854,1.68,-0.22,0.69403,1.68,-0.22,0.72508,1.68,-0.22,0.71934,1.53,-0.07,0.71302,1.61,-0.15,0.71739,1.53,-0.07,0.7223,1.73,-0.27,0.73033,1.45,0.01,0.724,1.51,-0.05,0.73176,1.47,-0.01,0.71911,1.53,-0.07,0.72622,1.48,-0.02,0.73364,1.56,-0.1,0.73482,1.57,-0.11,0.73086,1.65,-0.19,0.72694,1.56,-0.1,0.73398
cifar100,resnet50,pruning_qat,pruning_qat,True,24.277,3.919,,7.027,1.2,6.51,0.70758,252.638,176.098,248.766,303.135,263.419,0.99,0.21,0.70578,1.24,-0.04,0.70749,1.15,0.05,0.71521,1.09,0.11,0.72659,1.23,-0.03,0.73208,1.35,-0.15,0.702,1.27,-0.07,0.69635,1.2,0.0,0.70969,1.12,0.08,0.71604,1.19,0.01,0.72325,1.07,0.13,0.71088,0.93,0.27,0.71645,1.22,-0.02,0.71712,1.13,0.07,0.73344,1.03,0.17,0.74672,1.28,-0.08,0.70704,1.4,-0.2,0.70649,1.52,-0.32,0.70832,1.6,-0.4,0.71029,1.73,-0.53,0.71117,1.2,0.0,0.73616,1.2,0.0,0.73609,1.23,-0.03,0.71049,1.07,0.13,0.75058,1.38,-0.18,0.72257,1.41,-0.21,0.70398,1.47,-0.27,0.70281,1.52,-0.32,0.7019,1.48,-0.28,0.70947,1.53,-0.33,0.70485,1.63,-0.43,0.70711,1.66,-0.46,0.70548,1.67,-0.47,0.70643,1.56,-0.36,0.71049,1.42,-0.22,0.712,1.41,-0.21,0.70697,1.15,0.05,0.70835,1.26,-0.06,0.71064,1.2,0.0,0.70905,1.3,-0.1,0.70529,1.2,0.0,0.70708,1.1,0.1,0.70848,1.31,-0.11,0.69317,1.12,0.08,0.70133,1.13,0.07,0.68808,1.08,0.12,0.69624,0.97,0.23,0.67745,1.3,-0.1,0.67683,1.15,0.05,0.67722,1.21,-0.01,0.68179,1.33,-0.13,0.71193,1.31,-0.11,0.72249,1.28,-0.08,0.72589,1.29,-0.09,0.73274,1.24,-0.04,0.74073,1.27,-0.07,0.69081,1.7,-0.5,0.69313,1.68,-0.48,0.7028,1.85,-0.65,0.70534,1.96,-0.76,0.71212,1.4,-0.2,0.70383,1.44,-0.24,0.70335,1.6,-0.4,0.70044,1.38,-0.18,0.69715,1.34,-0.14,0.70326,1.31,-0.11,0.70682,1.12,0.08,0.70733,1.32,-0.12,0.70512,1.2,0.0,0.71136,1.27,-0.07,0.69568,1.15,0.05,0.71214,1.18,0.02,0.71398,1.32,-0.12,0.71133,1.35,-0.15,0.7127,1.34,-0.14,0.70506
cifar100,resnet50,pruning_kd,pruning_kd,False,95.142,1.0,23705252.0,140.25,80.77,95.97,0.04035,93.189,95.277,92.07,92.2,93.731,54.58,26.19,0.07292,36.98,43.79,0.18131,25.09,55.68,0.26415,20.97,59.8,0.29323,17.62,63.15,0.3169,64.71,16.06,0.02853,53.85,26.92,0.07899,35.0,45.77,0.19715,29.01,51.76,0.23585,21.53,59.24,0.2943,76.81,3.96,0.03248,72.34,8.43,0.02472,65.5,15.27,0.02278,49.99,30.78,0.06276,33.61,47.16,0.1412,80.52,0.25,0.03949,78.43,2.34,0.0309,75.73,5.04,0.02966,71.32,9.45,0.0244,60.52,20.25,0.04642,31.31,49.46,0.23473,33.23,47.54,0.21506,37.05,43.72,0.1819,22.99,57.78,0.28622,26.83,53.94,0.25184,73.66,7.11,0.02711,67.61,13.16,0.02623,59.58,21.19,0.04806,60.05,20.72,0.04517,52.19,28.58,0.08598,74.38,6.39,0.03071,73.3,7.47,0.02502,70.25,10.52,0.02283,66.79,13.98,0.03417,59.81,20.96,0.04853,76.32,4.45,0.03124,62.17,18.6,0.03349,64.82,15.95,0.03282,61.58,19.19,0.03838,54.02,26.75,0.07211,72.57,8.2,0.02655,65.72,15.05,0.03242,53.97,26.8,0.08438,52.33,28.44,0.09389,42.84,37.93,0.1546,80.09,0.68,0.03638,78.25,2.52,0.03084,75.18,5.59,0.02976,70.23,10.54,0.02493,51.82,28.95,0.08814,80.41,0.36,0.03702,79.98,0.79,0.03516,79.54,1.23,0.03472,78.67,2.1,0.035,76.19,4.58,0.02768,80.14,0.63,0.03754,78.15,2.62,0.03382,76.72,4.05,0.03356,74.39,6.38,0.03313,64.45,16.32,0.04247,72.72,8.05,0.01883,73.25,7.52,0.02164,70.84,9.93,0.02198,63.7,17.07,0.02225,53.89,26.88,0.06107,77.16,3.61,0.03018,67.79,12.98,0.02461,60.16,20.61,0.04257,32.86,47.91,0.22404,15.63,65.14,0.35617,69.33,11.44,0.01598,61.4,19.37,0.03773,58.96,21.81,0.04201,55.44,25.33,0.05515,50.28,30.49,0.0744
cifar100,resnet50,quant_int8,quant_int8,True,24.277,3.919,,8.382,1.0,5.0,0.99,253.519,176.343,249.989,303.825,264.624,1.0,0.0,0.99,1.0,0.0,0.99,1.0,0.0,0.99,1.0,0.0,0.99,1.0,0.0,0.99,1.0,0.0,0.99,1.0,0.0,0.99,1.0,0.0,0.99,1.0,0.0,0.99,1.0,0.0,0.99,1.0,0.0,0.99,1.0,0.0,0.99,1.0,0.0,0.99,1.0,0.0,0.99,1.0,0.0,0.99,1.0,0.0,0.99,1.0,0.0,0.99,1.0,0.0,0.99,1.0,0.0,0.99,1.0,0.0,0.99,1.0,0.0,0.99,1.0,0.0,0.99,1.0,0.0,0.99,1.0,0.0,0.99,1.0,0.0,0.99,1.0,0.0,0.99,1.0,0.0,0.99,1.0,0.0,0.99,1.0,0.0,0.99,1.0,0.0,0.99,1.0,0.0,0.99,1.0,0.0,0.99,1.0,0.0,0.99,1.0,0.0,0.99,1.0,0.0,0.99,1.0,0.0,0.99,1.0,0.0,0.99,1.0,0.0,0.99,1.0,0.0,0.99,1.0,0.0,0.99,1.0,0.0,0.99,1.0,0.0,0.99,1.0,0.0,0.99,1.0,0.0,0.99,1.0,0.0,0.99,1.0,0.0,0.99,1.0,0.0,0.99,1.0,0.0,0.99,1.0,0.0,0.99,1.0,0.0,0.99,1.0,0.0,0.99,1.0,0.0,0.99,1.0,0.0,0.99,1.0,0.0,0.99,1.0,0.0,0.99,1.0,0.0,0.99,1.0,0.0,0.99,1.0,0.0,0.99,1.0,0.0,0.99,1.0,0.0,0.99,1.0,0.0,0.99,1.0,0.0,0.99,1.0,0.0,0.99,1.0,0.0,0.99,1.0,0.0,0.99,1.0,0.0,0.99,1.0,0.0,0.99,1.0,0.0,0.99,1.0,0.0,0.99,1.0,0.0,0.99,1.0,0.0,0.99,1.0,0.0,0.99,1.0,0.0,0.99,1.0,0.0,0.99,1.0,0.0,0.99
cifar100,resnet50,sparsity,sparsity,False,95.141,1.0,23705252.0,51.623,78.53,95.05,0.04573,98.3,98.468,97.935,98.272,98.566,51.81,26.72,0.06498,35.27,43.26,0.17165,24.07,54.46,0.2539,20.57,57.96,0.27733,16.72,61.81,0.30843,62.3,16.23,0.02331,51.54,26.99,0.06735,33.43,45.1,0.18223,27.9,50.63,0.22537,20.44,58.09,0.28651,74.95,3.58,0.03421,70.23,8.3,0.02365,63.74,14.79,0.01436,47.35,31.18,0.07939,31.42,47.11,0.17055,78.4,0.13,0.0444,76.6,1.93,0.03774,73.6,4.93,0.02954,68.37,10.16,0.01788,56.77,21.76,0.05082,30.79,47.74,0.20973,32.16,46.37,0.19626,35.26,43.27,0.17012,22.59,55.94,0.26164,24.97,53.56,0.24252,71.82,6.71,0.02373,65.2,13.33,0.02348,57.11,21.42,0.04215,57.36,21.17,0.04091,49.58,28.95,0.08021,72.06,6.47,0.02441,71.02,7.51,0.02212,67.91,10.62,0.01944,63.77,14.76,0.02923,57.01,21.52,0.04786,74.05,4.48,0.0324,59.52,19.01,0.03703,63.09,15.44,0.02213,59.84,18.69,0.02729,51.69,26.84,0.07004,70.81,7.72,0.025,63.19,15.34,0.02767,52.23,26.3,0.06944,49.91,28.62,0.0817,41.03,37.5,0.13735,78.12,0.41,0.0445,76.29,2.24,0.03832,73.22,5.31,0.02923,68.05,10.48,0.02164,49.36,29.17,0.09092,78.56,-0.03,0.04408,78.21,0.32,0.04277,77.87,0.66,0.04312,77.0,1.53,0.04019,74.4,4.13,0.03134,78.15,0.38,0.04232,76.25,2.28,0.03531,74.65,3.88,0.03158,72.57,5.96,0.02818,62.62,15.91,0.0358,70.95,7.58,0.02752,71.61,6.92,0.02825,68.8,9.73,0.0217,61.01,17.52,0.02435,52.21,26.32,0.05293,74.81,3.72,0.03335,65.77,12.76,0.01976,58.26,20.27,0.03464,32.09,46.44,0.21037,15.59,62.94,0.35107,67.08,11.45,0.01832,59.86,18.67,0.02718,56.85,21.68,0.03324,53.62,24.91,0.05069,49.13,29.4,0.06511
cifar100,resnet50,sparsity_quant_int8,sparsity_quant_int8,True,24.279,3.919,,57.986,1.0,5.0,0.99,253.519,176.343,249.989,303.825,264.624,1.0,0.0,0.99,1.0,0.0,0.99,1.0,0.0,0.99,1.0,0.0,0.99,1.0,0.0,0.99,1.0,0.0,0.99,1.0,0.0,0.99,1.0,0.0,0.99,1.0,0.0,0.99,1.0,0.0,0.99,1.0,0.0,0.99,1.0,0.0,0.99,1.0,0.0,0.99,1.0,0.0,0.99,1.0,0.0,0.99,1.0,0.0,0.99,1.0,0.0,0.99,1.0,0.0,0.99,1.0,0.0,0.99,1.0,0.0,0.99,1.0,0.0,0.99,1.0,0.0,0.99,1.0,0.0,0.99,1.0,0.0,0.99,1.0,0.0,0.99,1.0,0.0,0.99,1.0,0.0,0.99,1.0,0.0,0.99,1.0,0.0,0.99,1.0,0.0,0.99,1.0,0.0,0.99,1.0,0.0,0.99,1.0,0.0,0.99,1.0,0.0,0.99,1.0,0.0,0.99,1.0,0.0,0.99,1.0,0.0,0.99,1.0,0.0,0.99,1.0,0.0,0.99,1.0,0.0,0.99,1.0,0.0,0.99,1.0,0.0,0.99,1.0,0.0,0.99,1.0,0.0,0.99,1.0,0.0,0.99,1.0,0.0,0.99,1.0,0.0,0.99,1.0,0.0,0.99,1.0,0.0,0.99,1.0,0.0,0.99,1.0,0.0,0.99,1.0,0.0,0.99,1.0,0.0,0.99,1.0,0.0,0.99,1.0,0.0,0.99,1.0,0.0,0.99,1.0,0.0,0.99,1.0,0.0,0.99,1.0,0.0,0.99,1.0,0.0,0.99,1.0,0.0,0.99,1.0,0.0,0.99,1.0,0.0,0.99,1.0,0.0,0.99,1.0,0.0,0.99,1.0,0.0,0.99,1.0,0.0,0.99,1.0,0.0,0.99,1.0,0.0,0.99,1.0,0.0,0.99,1.0,0.0,0.99,1.0,0.0,0.99,1.0,0.0,0.99,1.0,0.0,0.99,1.0,0.0,0.99
cifar100,resnet50,clustering,clustering,False,95.142,1.0,23705252.0,586.582,45.0,73.35,0.1121,193.452,137.666,204.538,211.704,205.954,29.68,15.32,0.17676,22.24,22.76,0.23489,16.24,28.76,0.29248,13.89,31.11,0.3143,12.09,32.91,0.33738,34.56,10.44,0.15513,28.76,16.24,0.18898,19.46,25.54,0.26747,16.35,28.65,0.29709,12.87,32.13,0.34093,37.93,7.07,0.16583,31.76,13.24,0.21884,26.46,18.54,0.25933,17.99,27.01,0.33213,12.09,32.91,0.37291,40.33,4.67,0.1632,32.07,12.93,0.26506,24.08,20.92,0.37724,17.93,27.07,0.45955,9.46,35.54,0.60475,12.73,32.27,0.38002,12.61,32.39,0.40709,11.57,33.43,0.46045,7.93,37.07,0.46323,7.75,37.25,0.51109,28.69,16.31,0.29586,19.25,25.75,0.42605,13.07,31.93,0.52544,12.88,32.12,0.52618,8.92,36.08,0.59615,25.2,19.8,0.33997,21.69,23.31,0.40562,18.06,26.94,0.46119,15.2,29.8,0.5101,12.32,32.68,0.55878,37.76,7.24,0.16619,27.27,17.73,0.24805,26.53,18.47,0.28995,22.26,22.74,0.35339,20.98,24.02,0.32541,36.01,8.99,0.18419,30.09,14.91,0.22993,23.15,21.85,0.29404,21.92,23.08,0.30162,16.51,28.49,0.36381,39.41,5.59,0.17078,30.4,14.6,0.2801,23.51,21.49,0.37876,16.51,28.49,0.49052,6.64,38.36,0.68053,44.75,0.25,0.11384,44.07,0.93,0.12218,42.9,2.1,0.13128,41.36,3.64,0.14547,36.55,8.45,0.18875,37.75,7.25,0.18583,26.37,18.63,0.32891,20.23,24.77,0.42142,13.15,31.85,0.54068,2.49,42.51,0.72808,26.75,18.25,0.31617,25.3,19.7,0.3345,20.72,24.28,0.40462,13.81,31.19,0.5069,8.62,36.38,0.60422,39.95,5.05,0.15891,35.34,9.66,0.1958,32.66,12.34,0.21825,25.39,19.61,0.27102,16.34,28.66,0.33528,33.77,11.23,0.21927,27.56,17.44,0.29987,25.72,19.28,0.32599,23.93,21.07,0.35378,21.31,23.69,0.39121
cifar100,resnet50,clustering_quant_int8,clustering_quant_int8,True,24.28,3.918,,7.846,1.0,5.0,0.99,253.519,176.343,249.989,303.825,264.624,1.0,0.0,0.99,1.0,0.0,0.99,1.0,0.0,0.99,1.0,0.0,0.99,1.0,0.0,0.99,1.0,0.0,0.99,1.0,0.0,0.99,1.0,0.0,0.99,1.0,0.0,0.99,1.0,0.0,0.99,1.0,0.0,0.99,1.0,0.0,0.99,1.0,0.0,0.99,1.0,0.0,0.99,1.0,0.0,0.99,1.0,0.0,0.99,1.0,0.0,0.99,1.0,0.0,0.99,1.0,0.0,0.99,1.0,0.0,0.99,1.0,0.0,0.99,1.0,0.0,0.99,1.0,0.0,0.99,1.0,0.0,0.99,1.0,0.0,0.99,1.0,0.0,0.99,1.0,0.0,0.99,1.0,0.0,0.99,1.0,0.0,0.99,1.0,0.0,0.99,1.0,0.0,0.99,1.0,0.0,0.99,1.0,0.0,0.99,1.0,0.0,0.99,1.0,0.0,0.99,1.0,0.0,0.99,1.0,0.0,0.99,1.0,0.0,0.99,1.0,0.0,0.99,1.0,0.0,0.99,1.0,0.0,0.99,1.0,0.0,0.99,1.0,0.0,0.99,1.0,0.0,0.99,1.0,0.0,0.99,1.0,0.0,0.99,1.0,0.0,0.99,1.0,0.0,0.99,1.0,0.0,0.99,1.0,0.0,0.99,1.0,0.0,0.99,1.0,0.0,0.99,1.0,0.0,0.99,1.0,0.0,0.99,1.0,0.0,0.99,1.0,0.0,0.99,1.0,0.0,0.99,1.0,0.0,0.99,1.0,0.0,0.99,1.0,0.0,0.99,1.0,0.0,0.99,1.0,0.0,0.99,1.0,0.0,0.99,1.0,0.0,0.99,1.0,0.0,0.99,1.0,0.0,0.99,1.0,0.0,0.99,1.0,0.0,0.99,1.0,0.0,0.99,1.0,0.0,0.99,1.0,0.0,0.99,1.0,0.0,0.99,1.0,0.0,0.99,1.0,0.0,0.99,1.0,0.0,0.99
cifar100,resnet50,sparsity_clustering,sparsity_clustering,False,95.145,1.0,23705252.0,52.804,41.94,72.6,0.17349,201.75,136.539,214.663,226.29,213.206,31.01,10.93,0.2284,23.97,17.97,0.27173,18.59,23.35,0.3157,16.42,25.52,0.33588,14.46,27.48,0.35598,35.1,6.84,0.21087,30.7,11.24,0.23552,22.07,19.87,0.29665,19.22,22.72,0.31566,15.37,26.57,0.35032,35.07,6.87,0.22357,29.38,12.56,0.27909,25.18,16.76,0.31717,17.62,24.32,0.38801,12.85,29.09,0.42092,36.98,4.96,0.22209,27.4,14.54,0.33185,18.94,23.0,0.44776,13.45,28.49,0.52861,6.57,35.37,0.65003,9.54,32.4,0.55781,9.14,32.8,0.58418,7.29,34.65,0.64734,5.45,36.49,0.65836,4.52,37.42,0.71022,22.48,19.46,0.39378,13.97,27.97,0.51918,8.59,33.35,0.61082,8.67,33.27,0.61066,5.53,36.41,0.66672,21.57,20.37,0.41256,17.77,24.17,0.47458,14.39,27.55,0.52654,11.67,30.27,0.57163,8.99,32.95,0.6177,33.74,8.2,0.24968,24.16,17.78,0.35626,23.1,18.84,0.39818,18.11,23.83,0.48333,16.22,25.72,0.47836,29.85,12.09,0.30603,22.91,19.03,0.38987,16.84,25.1,0.47822,16.41,25.53,0.48233,12.2,29.74,0.54532,37.43,4.51,0.22789,28.79,13.15,0.33136,22.15,19.79,0.42716,15.0,26.94,0.53934,6.36,35.58,0.71121,40.5,1.44,0.18708,38.2,3.74,0.20874,35.52,6.42,0.2374,32.79,9.15,0.26177,26.46,15.48,0.33267,35.87,6.07,0.23765,24.47,17.47,0.38138,17.67,24.27,0.47849,10.8,31.14,0.59733,2.23,39.71,0.75925,23.58,18.36,0.3739,22.49,19.45,0.38331,17.32,24.62,0.45433,12.27,29.67,0.55867,6.53,35.41,0.69442,36.77,5.17,0.20509,31.43,10.51,0.23584,27.83,14.11,0.26038,19.75,22.19,0.30608,11.52,30.42,0.37187,30.28,11.66,0.28902,25.01,16.93,0.35746,23.16,18.78,0.38208,21.14,20.8,0.40904,18.66,23.28,0.4445
cifar100,resnet50,sparsity_clustering_quant_int8,sparsity_clustering_quant_int8,True,24.282,3.918,,6.798,1.0,5.0,0.99,253.519,176.343,249.989,303.825,264.624,1.0,0.0,0.99,1.0,0.0,0.99,1.0,0.0,0.99,1.0,0.0,0.99,1.0,0.0,0.99,1.0,0.0,0.99,1.0,0.0,0.99,1.0,0.0,0.99,1.0,0.0,0.99,1.0,0.0,0.99,1.0,0.0,0.99,1.0,0.0,0.99,1.0,0.0,0.99,1.0,0.0,0.99,1.0,0.0,0.99,1.0,0.0,0.99,1.0,0.0,0.99,1.0,0.0,0.99,1.0,0.0,0.99,1.0,0.0,0.99,1.0,0.0,0.99,1.0,0.0,0.99,1.0,0.0,0.99,1.0,0.0,0.99,1.0,0.0,0.99,1.0,0.0,0.99,1.0,0.0,0.99,1.0,0.0,0.99,1.0,0.0,0.99,1.0,0.0,0.99,1.0,0.0,0.99,1.0,0.0,0.99,1.0,0.0,0.99,1.0,0.0,0.99,1.0,0.0,0.99,1.0,0.0,0.99,1.0,0.0,0.99,1.0,0.0,0.99,1.0,0.0,0.99,1.0,0.0,0.99,1.0,0.0,0.99,1.0,0.0,0.99,1.0,0.0,0.99,1.0,0.0,0.99,1.0,0.0,0.99,1.0,0.0,0.99,1.0,0.0,0.99,1.0,0.0,0.99,1.0,0.0,0.99,1.0,0.0,0.99,1.0,0.0,0.99,1.0,0.0,0.99,1.0,0.0,0.99,1.0,0.0,0.99,1.0,0.0,0.99,1.0,0.0,0.99,1.0,0.0,0.99,1.0,0.0,0.99,1.0,0.0,0.99,1.0,0.0,0.99,1.0,0.0,0.99,1.0,0.0,0.99,1.0,0.0,0.99,1.0,0.0,0.99,1.0,0.0,0.99,1.0,0.0,0.99,1.0,0.0,0.99,1.0,0.0,0.99,1.0,0.0,0.99,1.0,0.0,0.99,1.0,0.0,0.99,1.0,0.0,0.99,1.0,0.0,0.99,1.0,0.0,0.99,1.0,0.0,0.99
cifar100,resnet50,qat_only,qat_only,True,24.276,3.919,,10.497,1.38,6.41,0.72156,252.267,175.881,248.306,302.621,263.165,1.28,0.1,0.72995,1.08,0.3,0.72782,1.22,0.16,0.73548,1.12,0.26,0.75014,1.23,0.15,0.76546,1.49,-0.11,0.72066,1.33,0.05,0.72176,1.13,0.25,0.7299,1.26,0.12,0.73585,1.16,0.22,0.75357,1.4,-0.02,0.72732,1.34,0.04,0.72608,1.33,0.05,0.73582,1.22,0.16,0.7604,1.18,0.2,0.77689,1.79,-0.41,0.71755,1.59,-0.21,0.70909,1.72,-0.34,0.70721,1.7,-0.32,0.70843,1.74,-0.36,0.7068,1.43,-0.05,0.7472,1.29,0.09,0.74264,1.48,-0.1,0.7152,1.44,-0.06,0.75756,1.18,0.2,0.73939,1.72,-0.34,0.715,1.53,-0.15,0.70908,1.99,-0.61,0.70359,1.6,-0.22,0.70588,1.82,-0.44,0.69938,1.76,-0.38,0.70442,1.73,-0.35,0.70194,1.58,-0.2,0.70598,1.78,-0.4,0.70107,1.68,-0.3,0.71032,1.34,0.04,0.72238,1.37,0.01,0.72017,1.24,0.14,0.72039,1.47,-0.09,0.72402,1.21,0.17,0.72688,1.4,-0.02,0.72354,1.28,0.1,0.71772,1.37,0.01,0.71995,1.37,0.01,0.71624,1.29,0.09,0.71357,1.55,-0.17,0.70863,1.45,-0.07,0.68831,1.41,-0.03,0.68236,1.21,0.17,0.67158,1.17,0.21,0.66254,1.52,-0.14,0.72552,1.31,0.07,0.73019,1.62,-0.24,0.7335,1.54,-0.16,0.73455,1.42,-0.04,0.7433,1.68,-0.3,0.70651,1.6,-0.22,0.69222,1.57,-0.19,0.68405,1.6,-0.22,0.68809,1.59,-0.21,0.69942,1.67,-0.29,0.70432,1.47,-0.09,0.70704,1.67,-0.29,0.70748,1.52,-0.14,0.71005,1.58,-0.2,0.71431,1.22,0.16,0.72291,1.51,-0.13,0.72118,1.59,-0.21,0.71737,1.41,-0.03,0.70801,1.45,-0.07,0.71411,1.4,-0.02,0.72237,1.46,-0.08,0.71995,1.63,-0.25,0.71988,1.43,-0.05,0.72001,1.56,-0.18,0.71145
cifar100,resnet50,qat_int8,qat_int8,True,24.276,3.919,,8.262,1.31,6.72,0.59447,252.742,175.952,249.104,302.888,263.827,1.28,0.03,0.58372,1.05,0.26,0.5922,1.17,0.14,0.62123,1.09,0.22,0.62618,1.05,0.26,0.63749,1.37,-0.06,0.59146,1.32,-0.01,0.58844,1.17,0.14,0.59689,1.26,0.05,0.61309,1.1,0.21,0.63304,1.27,0.04,0.58415,1.29,0.02,0.59509,1.16,0.15,0.61418,1.28,0.03,0.63466,1.29,0.02,0.63591,1.29,0.02,0.59282,1.4,-0.09,0.58729,1.62,-0.31,0.57443,1.3,0.01,0.5846,1.24,0.07,0.58576,1.2,0.11,0.61279,1.29,0.02,0.61544,1.21,0.1,0.59239,1.23,0.08,0.62232,1.33,-0.02,0.60708,1.55,-0.24,0.57811,1.29,0.02,0.58141,1.32,-0.01,0.58091,1.3,0.01,0.57975,1.4,-0.09,0.57854,1.57,-0.26,0.58061,1.36,-0.05,0.58072,1.27,0.04,0.58372,1.32,-0.01,0.58173,1.26,0.05,0.57541,1.31,0.0,0.59076,1.3,0.01,0.58914,1.04,0.27,0.58993,1.36,-0.05,0.5899,1.26,0.05,0.58312,1.26,0.05,0.58295,1.26,0.05,0.57666,1.19,0.12,0.57606,1.28,0.03,0.5767,1.35,-0.04,0.5678,1.23,0.08,0.58215,1.07,0.24,0.57723,0.95,0.36,0.56995,1.0,0.31,0.5687,1.11,0.2,0.56694,1.57,-0.26,0.59143,1.4,-0.09,0.59851,1.6,-0.29,0.5952,1.68,-0.37,0.59502,1.39,-0.08,0.60396,1.28,0.03,0.5761,1.23,0.08,0.5704,1.18,0.13,0.57047,1.21,0.1,0.57057,1.21,0.1,0.58248,1.44,-0.13,0.57637,1.18,0.13,0.58138,1.2,0.11,0.5836,1.33,-0.02,0.58281,1.26,0.05,0.57911,1.25,0.06,0.58629,1.39,-0.08,0.58616,1.31,0.0,0.58685,1.55,-0.24,0.58169,1.29,0.02,0.58458,1.37,-0.06,0.58573,1.37,-0.06,0.59222,1.39,-0.08,0.59737,1.35,-0.04,0.58589,1.46,-0.15,0.58346
cifar100,resnet50,cqat,cqat,True,24.262,3.921,,9.671,1.26,5.95,0.74935,253.155,176.021,249.523,303.433,264.358,1.14,0.12,0.75421,1.07,0.19,0.76055,1.25,0.01,0.7578,1.3,-0.04,0.7705,1.21,0.05,0.768,1.14,0.12,0.74914,1.25,0.01,0.75166,1.23,0.03,0.75177,1.11,0.15,0.76013,1.17,0.09,0.77009,1.13,0.13,0.75473,1.22,0.04,0.76179,1.13,0.13,0.7707,1.32,-0.06,0.78963,1.07,0.19,0.81745,1.19,0.07,0.75878,1.21,0.05,0.76043,1.21,0.05,0.76385,1.23,0.03,0.76438,1.16,0.1,0.76147,1.24,0.02,0.78113,1.12,0.14,0.77548,1.3,-0.04,0.76594,1.31,-0.05,0.79368,1.13,0.13,0.77589,1.24,0.02,0.76346,1.12,0.14,0.75865,1.04,0.22,0.76677,1.23,0.03,0.76031,1.37,-0.11,0.7598,1.12,0.14,0.76166,1.17,0.09,0.76845,1.14,0.12,0.76659,1.17,0.09,0.76559,1.08,0.18,0.76335,1.11,0.15,0.75733,1.02,0.24,0.76128,1.12,0.14,0.75056,1.1,0.16,0.75567,1.05,0.21,0.75155,1.06,0.2,0.75128,1.03,0.23,0.75263,0.97,0.29,0.74988,0.95,0.31,0.74562,1.14,0.12,0.7452,1.28,-0.02,0.75222,1.21,0.05,0.74377,1.16,0.1,0.74757,1.02,0.24,0.74921,1.08,0.18,0.73576,1.14,0.12,0.75303,1.2,0.06,0.758,1.21,0.05,0.7623,1.22,0.04,0.76399,1.17,0.09,0.76588,1.12,0.14,0.75677,1.03,0.23,0.75642,1.09,0.17,0.76291,1.13,0.13,0.75423,1.0,0.26,0.7479,1.11,0.15,0.76115,1.19,0.07,0.76432,1.18,0.08,0.76347,1.06,0.2,0.76598,1.18,0.08,0.76197,1.02,0.24,0.75521,1.19,0.07,0.75597,1.09,0.17,0.76138,1.13,0.13,0.75628,1.29,-0.03,0.75761,1.05,0.21,0.75533,1.0,0.26,0.76198,1.14,0.12,0.76151,0.95,0.31,0.76063,1.1,0.16,0.76941
cifar100,resnet50,cqat_int8,cqat_int8,True,24.277,3.919,,9.048,1.21,5.46,0.77465,253.137,176.231,249.529,303.455,264.106,1.2,0.01,0.78058,0.99,0.22,0.78952,0.96,0.25,0.79291,0.95,0.26,0.79632,0.96,0.25,0.80764,1.14,0.07,0.78035,1.11,0.1,0.78346,1.23,-0.02,0.78745,1.0,0.21,0.79494,1.02,0.19,0.80145,1.23,-0.02,0.7799,1.15,0.06,0.79389,1.01,0.2,0.80493,0.95,0.26,0.82014,1.0,0.21,0.83839,1.11,0.1,0.78065,1.37,-0.16,0.76655,1.14,0.07,0.76444,1.15,0.06,0.7611,1.14,0.07,0.76492,1.19,0.02,0.80024,1.18,0.03,0.80171,1.16,0.05,0.7806,1.02,0.19,0.808,1.21,0.0,0.78356,1.38,-0.17,0.76543,1.06,0.15,0.76613,1.19,0.02,0.76598,1.12,0.09,0.76463,1.04,0.17,0.76266,1.25,-0.04,0.76563,1.18,0.03,0.76881,1.23,-0.02,0.76371,1.25,-0.04,0.76462,1.18,0.03,0.75773,0.82,0.39,0.78166,0.94,0.27,0.78806,1.0,0.21,0.7855,0.9,0.31,0.79023,1.11,0.1,0.78662,1.09,0.12,0.78367,0.95,0.26,0.787,1.13,0.08,0.78022,1.13,0.08,0.7755,1.12,0.09,0.77639,1.06,0.15,0.76385,1.17,0.04,0.75474,1.17,0.04,0.74189,1.07,0.14,0.7426,1.04,0.17,0.73544,1.25,-0.04,0.78287,1.38,-0.17,0.78307,1.18,0.03,0.78655,1.21,0.0,0.78921,1.23,-0.02,0.79316,1.28,-0.07,0.76646,1.15,0.06,0.75437,1.3,-0.09,0.75198,1.2,0.01,0.74647,1.26,-0.05,0.74375,1.32,-0.11,0.76992,1.25,-0.04,0.76754,1.19,0.02,0.76986,1.25,-0.04,0.76836,1.13,0.08,0.76567,1.23,-0.02,0.77814,1.24,-0.03,0.78085,1.16,0.05,0.78174,1.11,0.1,0.7764,1.08,0.13,0.78221,1.0,0.21,0.77772,1.1,0.11,0.77896,1.31,-0.1,0.77421,0.92,0.29,0.77885,1.21,0.0,0.76492
cifar100,resnet50,pqat,pqat,True,24.262,3.921,,127.667,1.41,6.44,0.56173,252.671,175.82,249.004,302.959,263.689,1.32,0.09,0.55512,1.33,0.08,0.55623,1.35,0.06,0.55459,1.26,0.15,0.5591,1.16,0.25,0.56079,1.34,0.07,0.55051,1.41,0.0,0.54662,1.33,0.08,0.55857,1.21,0.2,0.5627,1.42,-0.01,0.55099,1.36,0.05,0.55716,1.21,0.2,0.5588,1.19,0.22,0.56341,1.29,0.12,0.56361,1.28,0.13,0.57456,1.21,0.2,0.54358,1.37,0.04,0.5457,1.38,0.03,0.55023,1.37,0.04,0.55825,1.33,0.08,0.56333,1.36,0.05,0.56858,1.43,-0.02,0.55769,1.53,-0.12,0.5519,1.47,-0.06,0.56475,1.24,0.17,0.56289,1.31,0.1,0.54665,1.35,0.06,0.55191,1.43,-0.02,0.55727,1.51,-0.1,0.55678,1.43,-0.02,0.55134,1.39,0.02,0.54163,1.42,-0.01,0.55547,1.4,0.01,0.55177,1.42,-0.01,0.55538,1.55,-0.14,0.56069,1.18,0.23,0.56279,1.46,-0.05,0.54734,1.43,-0.02,0.55538,1.26,0.15,0.55118,1.22,0.19,0.55707,1.27,0.14,0.55824,1.32,0.09,0.55289,1.18,0.23,0.5584,1.22,0.19,0.55215,1.27,0.14,0.55705,1.44,-0.03,0.55038,1.08,0.33,0.54679,1.15,0.26,0.54372,1.05,0.36,0.54796,1.19,0.22,0.54844,1.31,0.1,0.5511,1.4,0.01,0.5588,1.35,0.06,0.55686,1.29,0.12,0.56486,1.43,-0.02,0.5689,1.33,0.08,0.53581,1.4,0.01,0.54464,1.31,0.1,0.5618,1.09,0.32,0.58046,1.04,0.37,0.61337,1.5,-0.09,0.54572,1.39,0.02,0.54595,1.42,-0.01,0.54288,1.48,-0.07,0.54335,1.26,0.15,0.55523,1.22,0.19,0.55142,1.36,0.05,0.54849,1.39,0.02,0.54984,1.49,-0.08,0.54656,1.38,0.03,0.5506,1.41,0.0,0.54586,1.61,-0.2,0.55283,1.37,0.04,0.54718,1.43,-0.02,0.55108,1.4,0.01,0.54256
cifar100,resnet50,pqat_int8,pqat_int8,True,24.277,3.919,,62.768,1.09,5.71,0.70904,252.873,175.962,249.154,303.297,263.852,1.16,-0.07,0.71364,1.31,-0.22,0.72003,1.3,-0.21,0.72987,1.28,-0.19,0.73819,1.28,-0.19,0.74682,1.34,-0.25,0.70843,1.26,-0.17,0.70423,1.23,-0.14,0.7194,1.14,-0.05,0.72871,1.12,-0.03,0.74373,1.07,0.02,0.71507,0.98,0.11,0.72066,1.33,-0.24,0.72821,1.06,0.03,0.75037,1.46,-0.37,0.76196,1.22,-0.13,0.71119,1.2,-0.11,0.70057,1.34,-0.25,0.69759,1.39,-0.3,0.70181,1.42,-0.33,0.70023,1.5,-0.41,0.73645,1.18,-0.09,0.73611,1.1,-0.01,0.71335,1.12,-0.03,0.75082,1.15,-0.06,0.72414,1.21,-0.12,0.70129,1.26,-0.17,0.69785,1.35,-0.26,0.69661,1.26,-0.17,0.69647,1.39,-0.3,0.70086,1.28,-0.19,0.69729,1.5,-0.41,0.69813,1.54,-0.45,0.703,1.53,-0.44,0.70321,1.34,-0.25,0.70661,1.18,-0.09,0.71473,1.24,-0.15,0.71288,1.09,0.0,0.71167,1.2,-0.11,0.70796,1.07,0.02,0.71463,0.94,0.15,0.71347,1.02,0.07,0.70852,1.18,-0.09,0.70737,1.16,-0.07,0.69703,1.4,-0.31,0.69432,1.17,-0.08,0.68721,0.99,0.1,0.67398,1.15,-0.06,0.66264,1.25,-0.16,0.65869,1.24,-0.15,0.65548,1.32,-0.23,0.71051,1.14,-0.05,0.71726,1.17,-0.08,0.72047,1.2,-0.11,0.72641,1.2,-0.11,0.73347,1.2,-0.11,0.68474,1.27,-0.18,0.67689,1.45,-0.36,0.68655,1.36,-0.27,0.68877,1.67,-0.58,0.70206,1.25,-0.16,0.69934,1.27,-0.18,0.69321,1.45,-0.36,0.69894,1.3,-0.21,0.69666,1.33,-0.24,0.69114,1.2,-0.11,0.70552,1.37,-0.28,0.69937,1.15,-0.06,0.7044,1.24,-0.15,0.69949,1.32,-0.23,0.6957,1.11,-0.02,0.70992,1.14,-0.05,0.70555,1.11,-0.02,0.71297,1.05,0.04,0.70782,1.18,-0.09,0.70447
cifar100,resnet50,pcqat,pcqat,True,24.262,3.921,,54.193,1.88,7.59,0.75294,251.872,175.609,247.995,302.248,262.569,1.57,0.31,0.753,1.61,0.27,0.74578,1.32,0.56,0.75386,1.13,0.75,0.75775,1.23,0.65,0.75606,1.56,0.32,0.74966,1.81,0.07,0.74785,1.5,0.38,0.7505,1.46,0.42,0.74926,1.21,0.67,0.75794,1.52,0.36,0.75086,1.46,0.42,0.75056,1.3,0.58,0.76405,1.3,0.58,0.77246,1.27,0.61,0.79015,1.84,0.04,0.75529,1.87,0.01,0.75409,1.73,0.15,0.76341,1.68,0.2,0.76537,1.93,-0.05,0.76746,1.34,0.54,0.77459,1.35,0.53,0.77049,1.62,0.26,0.75845,1.2,0.68,0.77903,1.56,0.32,0.76339,1.78,0.1,0.75372,1.86,0.02,0.75358,1.71,0.17,0.76051,1.97,-0.09,0.75987,1.92,-0.04,0.76697,1.77,0.11,0.76352,1.9,-0.02,0.76202,1.93,-0.05,0.76201,1.9,-0.02,0.75943,1.97,-0.09,0.76594,1.49,0.39,0.75321,1.17,0.71,0.75867,1.28,0.6,0.75413,1.21,0.67,0.75532,1.39,0.49,0.75676,1.24,0.64,0.7613,1.28,0.6,0.76516,1.49,0.39,0.75831,1.47,0.41,0.75697,1.27,0.61,0.75515,1.79,0.09,0.74258,1.83,0.05,0.7392,1.52,0.36,0.74052,1.6,0.28,0.74683,1.39,0.49,0.74942,1.66,0.22,0.76174,1.78,0.1,0.76711,1.71,0.17,0.76633,1.46,0.42,0.77158,1.55,0.33,0.77918,1.93,-0.05,0.75477,1.96,-0.08,0.76422,1.73,0.15,0.77454,1.82,0.06,0.77675,1.55,0.33,0.78331,1.87,0.01,0.7557,1.87,0.01,0.75536,1.73,0.15,0.75523,1.62,0.26,0.76004,1.77,0.11,0.75457,1.78,0.1,0.75087,1.63,0.25,0.76003,1.76,0.12,0.7567,1.65,0.23,0.76151,1.64,0.24,0.75465,1.77,0.11,0.75631,1.81,0.07,0.75293,1.87,0.01,0.74921,1.51,0.37,0.75497,1.96,-0.08,0.74844
cifar100,resnet50,pcqat_int8,pcqat_int8,True,24.277,3.919,,12.674,1.55,6.64,0.71679,252.311,175.657,248.856,302.434,263.133,1.68,-0.13,0.71739,1.3,0.25,0.72307,1.3,0.25,0.73548,1.15,0.4,0.73938,1.31,0.24,0.7457,1.52,0.03,0.71467,1.48,0.07,0.71664,1.41,0.14,0.72686,1.32,0.23,0.73226,1.45,0.1,0.74774,1.38,0.17,0.72006,1.46,0.09,0.72852,1.48,0.07,0.73875,1.31,0.24,0.75946,1.23,0.32,0.78849,1.75,-0.2,0.71095,1.42,0.13,0.71731,1.43,0.12,0.71383,1.34,0.21,0.72054,1.39,0.16,0.71963,1.47,0.08,0.74674,1.65,-0.1,0.73646,1.25,0.3,0.72956,1.26,0.29,0.75167,1.3,0.25,0.73549,1.39,0.16,0.72194,1.38,0.17,0.71682,1.66,-0.11,0.71371,1.47,0.08,0.71053,1.51,0.04,0.71432,1.58,-0.03,0.72212,1.49,0.06,0.71848,1.4,0.15,0.71677,1.37,0.18,0.72248,1.31,0.24,0.72351,1.51,0.04,0.7261,1.34,0.21,0.73465,1.41,0.14,0.73199,1.37,0.18,0.73425,1.41,0.14,0.74199,1.46,0.09,0.73089,1.37,0.18,0.74559,1.24,0.31,0.73997,1.43,0.12,0.74358,1.28,0.27,0.74454,1.41,0.14,0.70533,1.37,0.18,0.68484,1.4,0.15,0.67476,1.41,0.14,0.67184,1.33,0.22,0.65854,1.65,-0.1,0.72536,1.65,-0.1,0.73765,1.54,0.01,0.73863,1.58,-0.03,0.74641,1.48,0.07,0.75885,1.6,-0.05,0.70581,1.48,0.07,0.7065,1.48,0.07,0.70016,1.47,0.08,0.70268,1.42,0.13,0.71284,1.61,-0.06,0.71158,1.74,-0.19,0.70551,1.4,0.15,0.71912,1.74,-0.19,0.70896,1.53,0.02,0.7149,1.64,-0.09,0.71854,1.72,-0.17,0.7233,1.26,0.29,0.71607,1.64,-0.09,0.71937,1.64,-0.09,0.71366,1.51,0.04,0.72234,1.6,-0.05,0.71919,1.68,-0.13,0.71904,1.68,-0.13,0.71893,1.48,0.07,0.71943
cifar100,resnet50,pruning_20,pruning_20,False,95.142,1.0,23705252.0,48.423,78.67,94.84,0.03808,98.504,98.914,97.388,98.994,98.824,51.15,27.52,0.07899,34.85,43.82,0.18206,23.88,54.79,0.26053,20.23,58.44,0.28373,16.17,62.5,0.31763,61.26,17.41,0.02912,50.54,28.13,0.08409,32.94,45.73,0.1934,27.67,51.0,0.23223,20.26,58.41,0.28972,75.26,3.41,0.03065,70.17,8.5,0.01803,63.81,14.86,0.02374,47.59,31.08,0.09245,31.31,47.36,0.18382,78.34,0.33,0.03656,76.82,1.85,0.03367,73.75,4.92,0.02513,69.23,9.44,0.02964,58.37,20.3,0.0528,29.75,48.92,0.23254,31.27,47.4,0.22124,35.19,43.48,0.18761,21.58,57.09,0.28557,24.34,54.33,0.26505,71.83,6.84,0.02441,65.31,13.36,0.02498,56.75,21.92,0.05675,57.8,20.87,0.05036,49.52,29.15,0.09376,72.46,6.21,0.02093,71.33,7.34,0.01792,68.37,10.3,0.02731,64.4,14.27,0.03561,57.41,21.26,0.06337,74.1,4.57,0.02651,59.19,19.48,0.04555,62.22,16.45,0.03502,58.88,19.79,0.04377,51.21,27.46,0.0795,70.53,8.14,0.02431,62.07,16.6,0.03621,51.85,26.82,0.08195,49.28,29.39,0.09755,40.38,38.29,0.15099,78.1,0.57,0.03514,76.47,2.2,0.03371,73.15,5.52,0.02465,68.11,10.56,0.02324,49.18,29.49,0.10673,78.56,0.11,0.0361,78.13,0.54,0.03589,77.51,1.16,0.03167,76.95,1.72,0.02953,74.63,4.04,0.02433,78.12,0.55,0.03783,76.62,2.05,0.03048,74.99,3.68,0.03033,72.65,6.02,0.02805,62.96,15.71,0.04313,71.01,7.66,0.02381,71.36,7.31,0.02068,68.58,10.09,0.02371,60.64,18.03,0.03037,51.59,27.08,0.06839,74.88,3.79,0.028,65.91,12.76,0.02685,58.4,20.27,0.0453,32.75,45.92,0.21989,15.03,63.64,0.36962,66.85,11.82,0.01772,59.61,19.06,0.0354,56.33,22.34,0.04713,52.99,25.68,0.06444,48.1,30.57,0.08424
cifar100,resnet50,pruning_50,pruning_50,False,95.142,1.0,23705252.0,58.61,78.78,94.84,0.03756,98.411,98.76,97.548,98.271,99.151,51.54,27.24,0.07788,35.23,43.55,0.18827,23.48,55.3,0.28126,19.15,59.63,0.3175,15.88,62.9,0.34675,62.46,16.32,0.03079,51.14,27.64,0.08424,32.67,46.11,0.20693,27.13,51.65,0.24945,19.58,59.2,0.31778,74.97,3.81,0.02564,70.48,8.3,0.02036,64.13,14.65,0.02547,47.98,30.8,0.09363,31.95,46.83,0.18672,78.47,0.31,0.03677,76.58,2.2,0.03049,73.26,5.52,0.02934,68.79,9.99,0.02867,58.05,20.73,0.05783,30.56,48.22,0.23424,31.82,46.96,0.22102,35.25,43.53,0.1894,21.86,56.92,0.28994,24.87,53.91,0.26171,71.76,7.02,0.02302,65.24,13.54,0.02919,57.17,21.61,0.05706,57.73,21.05,0.0539,49.85,28.93,0.0958,72.29,6.49,0.02098,71.04,7.74,0.02204,68.0,10.78,0.02545,64.1,14.68,0.03475,57.47,21.31,0.06212,74.09,4.69,0.02331,59.75,19.03,0.04366,63.2,15.58,0.02818,59.64,19.14,0.03987,51.9,26.88,0.08302,70.68,8.1,0.01786,63.07,15.71,0.0325,52.53,26.25,0.08413,49.81,28.97,0.09871,40.84,37.94,0.15095,78.27,0.51,0.03911,76.28,2.5,0.02997,73.41,5.37,0.02691,67.97,10.81,0.02448,49.59,29.19,0.10078,78.45,0.33,0.03372,78.14,0.64,0.03142,77.73,1.05,0.03224,76.8,1.98,0.02636,74.46,4.32,0.02981,78.3,0.48,0.03623,76.44,2.34,0.02968,74.91,3.87,0.02769,72.58,6.2,0.02492,62.35,16.43,0.04502,70.67,8.11,0.02314,71.32,7.46,0.02194,68.79,9.99,0.01862,61.37,17.41,0.02683,52.63,26.15,0.06446,74.59,4.19,0.02292,65.37,13.41,0.02842,56.81,21.97,0.06228,30.72,48.06,0.24698,14.28,64.5,0.39025,67.06,11.72,0.02044,59.31,19.47,0.04322,56.58,22.2,0.05014,53.26,25.52,0.06429,48.49,30.29,0.08616
cifar100,resnet50,pruning_70,pruning_70,False,95.142,1.0,23705252.0,62.22,78.71,94.98,0.03745,98.612,98.827,98.045,98.844,98.785,51.44,27.27,0.07384,34.98,43.73,0.18152,23.81,54.9,0.26365,19.97,58.74,0.29408,16.46,62.25,0.32028,62.01,16.7,0.02702,50.76,27.95,0.08208,33.28,45.43,0.19367,27.46,51.25,0.23823,19.95,58.76,0.30155,74.97,3.74,0.02393,70.41,8.3,0.02,63.7,15.01,0.0239,47.44,31.27,0.09494,31.41,47.3,0.18297,78.15,0.56,0.03353,76.19,2.52,0.02767,73.33,5.38,0.02383,68.54,10.17,0.02738,56.92,21.79,0.05636,29.96,48.75,0.22802,31.01,47.7,0.21944,35.01,43.7,0.18579,21.75,56.96,0.28387,24.61,54.1,0.25723,72.0,6.71,0.01813,65.03,13.68,0.01944,57.55,21.16,0.04885,58.1,20.61,0.04967,49.81,28.9,0.09151,71.97,6.74,0.01925,71.08,7.63,0.0196,67.74,10.97,0.02149,63.86,14.85,0.02847,57.47,21.24,0.05152,74.11,4.6,0.02587,59.15,19.56,0.04501,62.84,15.87,0.02603,59.24,19.47,0.04494,51.12,27.59,0.08488,70.62,8.09,0.02303,62.43,16.28,0.03141,51.82,26.89,0.08043,48.99,29.72,0.09871,40.41,38.3,0.14714,78.06,0.65,0.03616,76.3,2.41,0.02766,73.29,5.42,0.02644,68.38,10.33,0.02325,50.02,28.69,0.09429,78.41,0.3,0.03351,78.02,0.69,0.03291,77.48,1.23,0.0319,76.86,1.85,0.03142,74.34,4.37,0.02107,77.95,0.76,0.03324,76.28,2.43,0.02829,74.93,3.78,0.02814,72.69,6.02,0.02446,62.76,15.95,0.03901,70.84,7.87,0.01954,71.14,7.57,0.02088,68.67,10.04,0.02072,61.27,17.44,0.02748,52.21,26.5,0.06468,74.91,3.8,0.02556,66.2,12.51,0.02796,58.15,20.56,0.04761,32.53,46.18,0.22635,15.18,63.53,0.37605,67.04,11.67,0.01992,59.02,19.69,0.04371,56.23,22.48,0.04869,53.37,25.34,0.06046,48.55,30.16,0.08223
cifar100,resnet50,pruning_90,pruning_90,False,95.142,1.0,23705252.0,49.428,78.01,94.94,0.04194,101.298,100.968,100.549,101.34,102.253,50.28,27.73,0.06637,34.07,43.94,0.16098,22.75,55.26,0.24029,18.42,59.59,0.27003,15.56,62.45,0.28881,60.71,17.3,0.02124,49.43,28.58,0.0743,31.42,46.59,0.18323,26.25,51.76,0.21887,19.08,58.93,0.27127,74.56,3.45,0.03266,69.27,8.74,0.01649,62.39,15.62,0.01591,46.01,32.0,0.0783,29.82,48.19,0.16338,77.96,0.05,0.04349,75.98,2.03,0.03641,72.67,5.34,0.02888,67.65,10.36,0.01882,54.65,23.36,0.03607,28.83,49.18,0.21554,30.12,47.89,0.20677,33.28,44.73,0.1851,21.58,56.43,0.26165,24.23,53.78,0.24183,70.94,7.07,0.01814,64.6,13.41,0.01686,56.25,21.76,0.04006,56.74,21.27,0.03725,48.98,29.03,0.07064,71.59,6.42,0.02582,70.06,7.95,0.02177,66.28,11.73,0.01819,62.42,15.59,0.01927,55.67,22.34,0.03546,73.31,4.7,0.02884,58.04,19.97,0.03744,61.53,16.48,0.02209,58.15,19.86,0.03305,50.47,27.54,0.0692,69.48,8.53,0.0188,61.47,16.54,0.0224,50.46,27.55,0.07503,48.08,29.93,0.09208,39.57,38.44,0.1337,77.61,0.4,0.04198,75.63,2.38,0.03561,72.25,5.76,0.02092,67.72,10.29,0.0133,48.49,29.52,0.09291,78.02,-0.01,0.04262,77.78,0.23,0.04316,76.88,1.13,0.03852,76.08,1.93,0.03701,73.59,4.42,0.02956,77.57,0.44,0.04122,75.44,2.57,0.03164,73.83,4.18,0.02514,71.43,6.58,0.01844,60.62,17.39,0.03187,70.26,7.75,0.02423,70.45,7.56,0.02098,68.15,9.86,0.01871,60.2,17.81,0.02041,50.86,27.15,0.05115,74.02,3.99,0.03327,63.85,14.16,0.01632,55.24,22.77,0.04723,28.72,49.29,0.23332,13.88,64.13,0.35554,65.65,12.36,0.01595,57.91,20.1,0.02717,54.96,23.05,0.03844,52.2,25.81,0.04191,47.07,30.94,0.06213
cifar100,resnet50,kd_temp2,kd_temp2,False,95.141,1.0,23705252.0,64.997,80.61,95.89,0.03489,93.67,97.114,93.005,92.667,92.753,52.42,28.19,0.09058,35.28,45.33,0.20004,23.94,56.67,0.27869,20.08,60.53,0.30964,16.79,63.82,0.33149,63.66,16.95,0.03337,52.11,28.5,0.09489,32.84,47.77,0.21979,27.22,53.39,0.25833,20.38,60.23,0.31104,76.62,3.99,0.02794,72.1,8.51,0.02417,65.38,15.23,0.02162,49.08,31.53,0.06422,32.74,47.87,0.15171,80.38,0.23,0.03387,78.6,2.01,0.03071,75.48,5.13,0.0304,70.79,9.82,0.02793,60.37,20.24,0.05095,29.39,51.22,0.26158,31.29,49.32,0.23626,34.62,45.99,0.20607,21.3,59.31,0.31594,24.64,55.97,0.27763,73.71,6.9,0.03376,67.32,13.29,0.0372,59.71,20.9,0.05307,60.16,20.45,0.05037,52.92,27.69,0.08957,74.24,6.37,0.02578,73.13,7.48,0.02714,70.02,10.59,0.02928,66.12,14.49,0.03586,59.8,20.81,0.05754,76.04,4.57,0.0247,61.4,19.21,0.04232,64.71,15.9,0.03747,61.87,18.74,0.03709,53.86,26.75,0.08356,72.3,8.31,0.02404,64.16,16.45,0.04185,52.56,28.05,0.10731,50.76,29.85,0.11114,40.92,39.69,0.18047,80.14,0.47,0.03362,78.46,2.15,0.02973,75.52,5.09,0.02835,70.75,9.86,0.03097,52.16,28.45,0.09787,80.41,0.2,0.03444,80.08,0.53,0.03188,79.78,0.83,0.03686,78.98,1.63,0.0322,76.27,4.34,0.0279,80.18,0.43,0.03332,78.34,2.27,0.02929,76.5,4.11,0.03338,74.11,6.5,0.03221,63.99,16.62,0.04683,72.97,7.64,0.02794,73.76,6.85,0.02612,71.27,9.34,0.02092,63.2,17.41,0.02897,53.61,27.0,0.06882,76.72,3.89,0.03015,69.16,11.45,0.02867,61.75,18.86,0.03909,35.47,45.14,0.22311,16.81,63.8,0.378,69.15,11.46,0.02721,62.51,18.1,0.03469,59.25,21.36,0.05058,56.15,24.46,0.05838,52.15,28.46,0.07175
cifar100,resnet50,kd_temp4,kd_temp4,False,95.141,1.0,23705252.0,46.886,80.53,96.02,0.0383,93.28,95.779,92.297,92.345,93.323,54.14,26.39,0.07721,37.04,43.49,0.18509,25.29,55.24,0.27048,20.56,59.97,0.30727,17.45,63.08,0.33085,64.55,15.98,0.02962,53.84,26.69,0.07892,34.53,46.0,0.2049,29.1,51.43,0.24233,21.0,59.53,0.31,77.3,3.23,0.03133,72.17,8.36,0.02562,65.37,15.16,0.02572,49.09,31.44,0.06453,32.3,48.23,0.15313,80.24,0.29,0.03778,78.31,2.22,0.02837,75.3,5.23,0.02438,71.59,8.94,0.02603,60.55,19.98,0.0463,30.29,50.24,0.25635,31.87,48.66,0.23538,35.81,44.72,0.19818,22.34,58.19,0.30575,26.12,54.41,0.2678,74.06,6.47,0.02543,67.72,12.81,0.02896,60.09,20.44,0.04767,60.35,20.18,0.04663,52.9,27.63,0.08258,74.1,6.43,0.02592,73.15,7.38,0.02648,70.07,10.46,0.02651,66.6,13.93,0.03521,60.27,20.26,0.0481,76.57,3.96,0.03153,61.56,18.97,0.04273,65.11,15.42,0.03189,61.83,18.7,0.03701,54.05,26.48,0.08046,72.46,8.07,0.02022,64.69,15.84,0.04326,53.47,27.06,0.09351,50.9,29.63,0.1091,41.94,38.59,0.16596,80.45,0.08,0.03994,78.45,2.08,0.03013,75.7,4.83,0.02806,70.73,9.8,0.02674,52.11,28.42,0.09552,80.34,0.19,0.03662,79.93,0.6,0.03493,79.36,1.17,0.03565,78.66,1.87,0.03271,76.3,4.23,0.02695,79.92,0.61,0.03532,78.24,2.29,0.03868,76.79,3.74,0.0314,74.91,5.62,0.03313,64.42,16.11,0.04634,73.05,7.48,0.02109,73.92,6.61,0.02433,71.57,8.96,0.02172,63.91,16.62,0.02755,53.67,26.86,0.06309,76.78,3.75,0.02866,67.91,12.62,0.02515,59.93,20.6,0.04462,33.36,47.17,0.22108,16.44,64.09,0.35225,68.84,11.69,0.02294,61.55,18.98,0.03394,58.36,22.17,0.04801,55.27,25.26,0.05683,51.46,29.07,0.06719
cifar100,resnet50,kd_temp8,kd_temp8,False,95.141,1.0,23705252.0,259.749,80.48,95.8,0.04338,93.83,95.553,93.553,92.714,93.931,54.1,26.38,0.07129,36.51,43.97,0.18694,25.02,55.46,0.27274,20.77,59.71,0.30881,16.96,63.52,0.34107,64.64,15.84,0.02094,53.14,27.34,0.07905,34.43,46.05,0.20347,28.49,51.99,0.24754,20.97,59.51,0.31511,76.73,3.75,0.03259,72.01,8.47,0.02668,65.92,14.56,0.02118,50.25,30.23,0.06642,34.37,46.11,0.14577,79.93,0.55,0.03991,77.86,2.62,0.03331,75.13,5.35,0.02712,70.55,9.93,0.02364,59.78,20.7,0.04487,31.21,49.27,0.24058,32.78,47.7,0.22136,36.7,43.78,0.18432,22.9,57.58,0.29292,25.9,54.58,0.26269,72.93,7.55,0.02779,66.84,13.64,0.03098,58.93,21.55,0.04635,59.18,21.3,0.04969,51.03,29.45,0.09058,74.01,6.47,0.02795,72.86,7.62,0.02522,69.69,10.79,0.0254,66.39,14.09,0.03088,59.61,20.87,0.0463,76.61,3.87,0.03518,61.69,18.79,0.03439,65.22,15.26,0.02938,61.63,18.85,0.03278,54.02,26.46,0.06631,72.63,7.85,0.02091,65.28,15.2,0.02731,53.79,26.69,0.08386,51.61,28.87,0.09525,42.5,37.98,0.15654,79.98,0.5,0.04113,78.31,2.17,0.03652,75.17,5.31,0.02899,70.3,10.18,0.02378,51.43,29.05,0.09308,80.22,0.26,0.04278,79.67,0.81,0.03759,79.13,1.35,0.03705,78.43,2.05,0.03555,75.91,4.57,0.03035,79.97,0.51,0.04103,78.08,2.4,0.03607,76.55,3.93,0.03039,73.74,6.74,0.02752,62.67,17.81,0.04906,72.45,8.03,0.02746,73.48,7.0,0.02449,70.9,9.58,0.02389,63.27,17.21,0.02387,53.63,26.85,0.05598,76.86,3.62,0.03088,68.12,12.36,0.02478,60.19,20.29,0.03755,33.98,46.5,0.21311,16.27,64.21,0.35669,69.3,11.18,0.023,62.19,18.29,0.02418,59.06,21.42,0.0372,55.87,24.61,0.04637,51.01,29.47,0.0619
cifar100,resnet50,structured_pruning_30,structured_pruning_30,False,95.145,1.0,23705252.0,55.973,78.55,94.65,0.039,100.024,100.182,99.266,100.649,100.038,50.01,28.54,0.09328,33.69,44.86,0.20214,23.13,55.42,0.28894,19.17,59.38,0.31693,15.79,62.76,0.34422,60.31,18.24,0.03769,49.46,29.09,0.09632,31.59,46.96,0.21937,26.47,52.08,0.25909,18.81,59.74,0.32452,74.32,4.23,0.02551,70.08,8.47,0.01823,62.79,15.76,0.02674,48.02,30.53,0.08398,31.63,46.92,0.17813,77.7,0.85,0.03169,76.1,2.45,0.03026,73.16,5.39,0.02267,68.8,9.75,0.02185,57.01,21.54,0.05293,29.1,49.45,0.25978,30.82,47.73,0.24242,34.26,44.29,0.20898,21.47,57.08,0.30775,24.23,54.32,0.28168,71.05,7.5,0.02009,64.54,14.01,0.02603,56.38,22.17,0.05666,56.87,21.68,0.05287,49.02,29.53,0.09339,71.96,6.59,0.02082,70.58,7.97,0.01848,67.52,11.03,0.02267,63.15,15.4,0.02957,56.05,22.5,0.05721,73.31,5.24,0.02268,58.48,20.07,0.05218,62.48,16.07,0.02981,58.7,19.85,0.0472,50.03,28.52,0.09327,69.32,9.23,0.01856,61.77,16.78,0.03841,50.77,27.78,0.09881,47.89,30.66,0.11518,39.32,39.23,0.17207,77.87,0.68,0.03534,76.02,2.53,0.02961,72.75,5.8,0.01939,67.44,11.11,0.02115,48.65,29.9,0.10516,78.25,0.3,0.03471,78.13,0.42,0.03587,77.26,1.29,0.03136,76.43,2.12,0.0319,73.82,4.73,0.02527,77.71,0.84,0.03402,76.11,2.44,0.02962,74.58,3.97,0.02243,72.25,6.3,0.02301,60.98,17.57,0.05223,70.61,7.94,0.01902,70.91,7.64,0.02382,68.48,10.07,0.01932,60.59,17.96,0.03456,51.22,27.33,0.0687,74.57,3.98,0.02895,66.1,12.45,0.02152,57.91,20.64,0.05269,32.67,45.88,0.23667,15.58,62.97,0.38224,66.09,12.46,0.02487,58.46,20.09,0.0442,55.66,22.89,0.05172,52.48,26.07,0.06544,48.28,30.27,0.08054
cifar100,resnet50,structured_pruning_50,structured_pruning_50,False,95.145,1.0,23705252.0,53.656,78.01,94.57,0.03968,101.836,100.091,103.359,101.546,101.913,50.13,27.88,0.08516,33.84,44.17,0.18556,23.05,54.96,0.2585,19.45,58.56,0.28007,16.48,61.53,0.29832,60.35,17.66,0.02943,49.51,28.5,0.08767,31.66,46.35,0.2027,26.7,51.31,0.23403,19.86,58.15,0.28115,74.41,3.6,0.0321,69.25,8.76,0.02384,62.63,15.38,0.01413,47.51,30.5,0.06847,31.94,46.07,0.14684,77.66,0.35,0.03954,75.55,2.46,0.03205,71.31,6.7,0.01847,65.51,12.5,0.01936,51.0,27.01,0.08339,29.8,48.21,0.24388,31.06,46.95,0.22658,34.53,43.48,0.19304,22.74,55.27,0.29135,24.97,53.04,0.26712,70.34,7.67,0.02085,63.55,14.46,0.02528,55.21,22.8,0.05766,55.06,22.95,0.06054,47.38,30.63,0.10231,70.36,7.65,0.02043,68.82,9.19,0.01796,64.84,13.17,0.01506,60.8,17.21,0.02992,53.6,24.41,0.06187,73.35,4.66,0.02754,58.69,19.32,0.03947,62.35,15.66,0.02144,59.02,18.99,0.04056,50.56,27.45,0.08405,69.46,8.55,0.01956,61.26,16.75,0.03683,50.7,27.31,0.09501,47.97,30.04,0.1154,39.26,38.75,0.16696,77.23,0.78,0.03499,75.68,2.33,0.03017,72.82,5.19,0.02642,67.4,10.61,0.01887,49.4,28.61,0.09253,77.82,0.19,0.0384,77.09,0.92,0.0337,76.34,1.67,0.03085,75.44,2.57,0.02872,72.85,5.16,0.02243,77.14,0.87,0.03634,75.59,2.42,0.03039,73.9,4.11,0.02696,70.93,7.08,0.02016,58.42,19.59,0.05094,69.9,8.11,0.01906,70.36,7.65,0.02062,67.21,10.8,0.01776,59.48,18.53,0.02871,51.03,26.98,0.06724,74.21,3.8,0.02987,65.35,12.66,0.01656,56.93,21.08,0.04722,31.16,46.85,0.23892,14.79,63.22,0.40113,66.07,11.94,0.02311,59.31,18.7,0.02986,56.12,21.89,0.04314,52.66,25.35,0.05259,47.84,30.17,0.08041
cifar100,resnet50,pruning_kd_70,pruning_kd_70,False,95.143,1.0,23705252.0,45.883,80.42,95.89,0.03723,93.637,95.242,93.424,92.641,93.643,54.46,25.96,0.07467,36.92,43.5,0.1798,25.38,55.04,0.25575,21.57,58.85,0.2805,17.97,62.45,0.30524,64.87,15.55,0.02836,53.59,26.83,0.0792,34.79,45.63,0.19724,28.88,51.54,0.23752,21.48,58.94,0.29167,76.86,3.56,0.03219,71.91,8.51,0.02593,65.96,14.46,0.0229,49.76,30.66,0.06079,33.69,46.73,0.14173,80.12,0.3,0.03743,78.28,2.14,0.03018,75.45,4.97,0.02277,71.32,9.1,0.02384,60.14,20.28,0.0467,29.75,50.67,0.24787,31.63,48.79,0.22647,34.39,46.03,0.20194,21.5,58.92,0.30137,24.57,55.85,0.27269,73.08,7.34,0.02457,66.73,13.69,0.03036,58.63,21.79,0.05273,58.95,21.47,0.05107,50.93,29.49,0.09424,74.14,6.28,0.02996,73.38,7.04,0.03246,70.36,10.06,0.02807,67.01,13.41,0.02687,60.33,20.09,0.04503,76.25,4.17,0.03441,62.15,18.27,0.03682,65.08,15.34,0.02782,61.59,18.83,0.0337,53.9,26.52,0.07488,72.5,7.92,0.02357,64.89,15.53,0.02876,53.63,26.79,0.08918,51.72,28.7,0.10158,42.26,38.16,0.15893,79.89,0.53,0.03505,78.39,2.03,0.03298,75.12,5.3,0.02542,70.72,9.7,0.0298,51.93,28.49,0.08909,80.23,0.19,0.0379,79.75,0.67,0.03765,79.38,1.04,0.0374,78.57,1.85,0.03609,75.65,4.77,0.02751,79.99,0.43,0.0374,78.34,2.08,0.03629,76.88,3.54,0.03069,74.66,5.76,0.02692,64.49,15.93,0.04089,73.18,7.24,0.02508,73.5,6.92,0.02529,71.05,9.37,0.02358,63.78,16.64,0.0215,53.63,26.79,0.06121,76.65,3.77,0.02952,67.49,12.93,0.02399,59.36,21.06,0.04555,32.37,48.05,0.24116,15.77,64.65,0.37531,69.02,11.4,0.02374,61.69,18.73,0.03604,58.83,21.59,0.04256,55.78,24.64,0.05523,50.81,29.61,0.07429
cifar100,resnet50,fp16,fp16,False,47.606,1.998,23705252.0,40.508,78.6,94.93,0.03854,99.997,100.0,100.006,99.984,100.0,50.67,27.93,0.08065,33.65,44.95,0.19438,22.45,56.15,0.27912,19.02,59.58,0.29906,15.39,63.21,0.32953,61.5,17.1,0.02251,50.6,28.0,0.08271,31.93,46.67,0.20448,26.52,52.08,0.24621,19.27,59.33,0.30324,74.93,3.67,0.03074,70.16,8.44,0.02243,63.16,15.44,0.01596,47.07,31.53,0.07992,30.86,47.74,0.17461,78.0,0.6,0.03435,76.21,2.39,0.02952,72.78,5.82,0.02631,67.93,10.67,0.01883,54.85,23.75,0.06712,28.44,50.16,0.25674,30.13,48.47,0.23726,33.52,45.08,0.20498,20.73,57.87,0.3071,23.96,54.64,0.27609,71.53,7.07,0.01779,64.85,13.75,0.02532,56.77,21.83,0.05746,57.28,21.32,0.05147,48.99,29.61,0.09666,71.74,6.86,0.0175,70.6,8.0,0.01694,67.02,11.58,0.02403,62.77,15.83,0.03244,55.6,23.0,0.0648,73.62,4.98,0.02458,57.94,20.66,0.05193,61.78,16.82,0.03286,58.73,19.87,0.04373,50.13,28.47,0.09146,70.28,8.32,0.02269,61.93,16.67,0.03516,50.57,28.03,0.09487,48.29,30.31,0.10664,39.04,39.56,0.16771,77.84,0.76,0.03568,76.25,2.35,0.03046,73.35,5.25,0.02972,68.24,10.36,0.02604,50.26,28.34,0.09654,78.28,0.32,0.03537,77.91,0.69,0.03401,77.57,1.03,0.03584,76.78,1.82,0.03595,73.96,4.64,0.02552,77.93,0.67,0.03515,76.1,2.5,0.02699,74.46,4.14,0.02331,71.99,6.61,0.02546,61.95,16.65,0.04309,70.36,8.24,0.02215,71.28,7.32,0.02263,68.49,10.11,0.01555,60.53,18.07,0.02761,51.32,27.28,0.06912,74.36,4.24,0.02788,65.53,13.07,0.02256,57.46,21.14,0.04759,31.48,47.12,0.23153,15.35,63.25,0.36624,66.66,11.94,0.02033,59.04,19.56,0.04,55.64,22.96,0.05376,52.71,25.89,0.0623,48.03,30.57,0.08182
cifar100,vgg19,baseline,baseline,False,81.48,1.0,20349348.0,15.495,71.73,91.68,0.04159,100.0,100.0,100.0,100.0,100.0,53.25,18.48,0.06946,38.67,33.06,0.12714,28.06,43.67,0.17738,24.07,47.66,0.19226,19.82,51.91,0.21691,60.91,10.82,0.04363,51.54,20.19,0.07598,36.11,35.62,0.13556,30.32,41.41,0.16653,23.03,48.7,0.20432,64.12,7.61,0.04018,55.94,15.79,0.03904,46.52,25.21,0.05836,29.12,42.61,0.11621,16.4,55.33,0.17579,71.22,0.51,0.04109,69.29,2.44,0.0399,65.81,5.92,0.04597,60.38,11.35,0.05348,48.36,23.37,0.07812,27.69,44.04,0.25447,28.77,42.96,0.23745,31.75,39.98,0.21372,20.57,51.16,0.30072,22.31,49.42,0.28192,66.25,5.48,0.0399,60.86,10.87,0.04844,53.9,17.83,0.06475,54.39,17.34,0.05615,48.21,23.52,0.07369,65.48,6.25,0.04004,63.75,7.98,0.04397,60.71,11.02,0.04161,57.01,14.72,0.05453,51.71,20.02,0.06302,65.42,6.31,0.04157,51.38,20.35,0.07602,55.35,16.38,0.06254,53.05,18.68,0.06671,46.59,25.14,0.09813,64.55,7.18,0.04886,57.66,14.07,0.06337,47.49,24.24,0.10664,45.69,26.04,0.11862,36.77,34.96,0.18261,71.05,0.68,0.04703,69.06,2.67,0.04421,66.52,5.21,0.04391,61.56,10.17,0.0476,44.59,27.14,0.10486,71.63,0.1,0.04072,71.07,0.66,0.04011,70.39,1.34,0.04291,69.49,2.24,0.04433,67.07,4.66,0.04172,71.03,0.7,0.04366,68.87,2.86,0.04414,67.24,4.49,0.0428,64.28,7.45,0.04794,50.63,21.1,0.08263,64.25,7.48,0.04467,65.57,6.16,0.03825,61.79,9.94,0.04677,54.87,16.86,0.04719,47.86,23.87,0.06193,69.25,2.48,0.03641,63.91,7.82,0.04377,59.05,12.68,0.05641,43.29,28.44,0.1338,25.83,45.9,0.27732,61.28,10.45,0.04838,55.7,16.03,0.05228,53.67,18.06,0.05315,51.07,20.66,0.0574,47.7,24.03,0.06178
cifar100,vgg19,pruning,pruning,False,81.479,1.0,20349348.0,12.659,72.07,91.59,0.04282,98.932,99.288,98.516,99.077,98.935,53.29,18.78,0.07665,39.14,32.93,0.12693,28.78,43.29,0.17938,24.29,47.78,0.20004,20.42,51.65,0.22221,60.77,11.3,0.0574,52.07,20.0,0.0781,36.68,35.39,0.13818,31.19,40.88,0.16513,23.42,48.65,0.20972,64.56,7.51,0.0429,56.32,15.75,0.05026,47.04,25.03,0.0657,29.75,42.32,0.12606,16.68,55.39,0.18856,71.96,0.11,0.04847,70.19,1.88,0.0421,66.87,5.2,0.04563,61.48,10.59,0.05467,49.28,22.79,0.08263,28.06,44.01,0.25445,29.2,42.87,0.2364,32.18,39.89,0.21146,20.55,51.52,0.30336,22.64,49.43,0.27978,66.82,5.25,0.04335,61.27,10.8,0.05548,54.48,17.59,0.06582,54.71,17.36,0.06361,48.28,23.79,0.08096,66.08,5.99,0.04421,64.6,7.47,0.0458,61.3,10.77,0.0516,58.04,14.03,0.05737,52.8,19.27,0.06745,65.55,6.52,0.05108,51.6,20.47,0.08342,55.35,16.72,0.07009,52.99,19.08,0.07526,47.3,24.77,0.09706,65.49,6.58,0.05114,58.59,13.48,0.06428,48.16,23.91,0.10342,46.03,26.04,0.1212,37.4,34.67,0.17829,71.63,0.44,0.04757,69.79,2.28,0.05168,66.86,5.21,0.04925,61.56,10.51,0.05359,43.84,28.23,0.1118,71.73,0.34,0.04807,71.29,0.78,0.0474,70.95,1.12,0.0462,70.03,2.04,0.04718,67.69,4.38,0.047,71.48,0.59,0.04652,69.72,2.35,0.05017,68.35,3.72,0.04697,65.03,7.04,0.05465,52.19,19.88,0.08515,64.88,7.19,0.04376,66.11,5.96,0.03952,62.43,9.64,0.05312,55.28,16.79,0.05256,47.79,24.28,0.07004,69.46,2.61,0.04296,63.89,8.18,0.05449,59.17,12.9,0.06612,43.19,28.88,0.13791,25.97,46.1,0.27824,61.76,10.31,0.05364,56.13,15.94,0.05477,53.81,18.26,0.06263,51.12,20.95,0.06704,47.56,24.51,0.07406
cifar100,vgg19,ptq,ptq,True,20.495,3.976,,3.036,71.63,91.66,0.04112,100.152,99.996,100.194,100.049,100.331,53.17,18.46,0.06928,38.53,33.1,0.12918,28.21,43.42,0.1766,24.12,47.51,0.19234,19.79,51.84,0.21789,60.66,10.97,0.04719,51.59,20.04,0.07411,36.12,35.51,0.1356,30.34,41.29,0.16705,23.01,48.62,0.20513,64.19,7.44,0.03986,56.12,15.51,0.03977,46.62,25.01,0.05791,28.95,42.68,0.1184,16.48,55.15,0.17592,71.18,0.45,0.04087,69.6,2.03,0.04212,65.6,6.03,0.04755,60.44,11.19,0.05128,48.22,23.41,0.07967,27.59,44.04,0.25553,28.78,42.85,0.23719,31.7,39.93,0.21399,20.39,51.24,0.3026,22.42,49.21,0.27986,66.19,5.44,0.04084,60.55,11.08,0.05077,53.89,17.74,0.06224,54.13,17.5,0.05869,47.77,23.86,0.07719,65.26,6.37,0.04125,63.69,7.94,0.04195,60.78,10.85,0.04312,56.87,14.76,0.05463,51.64,19.99,0.06285,65.43,6.2,0.04144,51.37,20.26,0.07452,55.14,16.49,0.06462,53.0,18.63,0.0662,46.61,25.02,0.09811,64.65,6.98,0.04845,57.98,13.65,0.06314,47.55,24.08,0.10523,45.73,25.9,0.11798,36.79,34.84,0.18218,70.9,0.73,0.0443,69.1,2.53,0.04621,66.47,5.16,0.04704,61.15,10.48,0.0487,44.42,27.21,0.10499,71.47,0.16,0.04307,71.15,0.48,0.04187,70.43,1.2,0.0427,69.54,2.09,0.04446,67.19,4.44,0.04302,71.07,0.56,0.04413,68.62,3.01,0.04513,67.05,4.58,0.04417,64.09,7.54,0.04945,49.62,22.01,0.08866,64.37,7.26,0.04318,65.48,6.15,0.0394,61.78,9.85,0.051,55.08,16.55,0.0446,47.53,24.1,0.06512,69.2,2.43,0.03629,63.84,7.79,0.04466,58.98,12.65,0.05664,43.07,28.56,0.13604,25.8,45.83,0.27842,61.21,10.42,0.05002,55.49,16.14,0.05159,53.41,18.22,0.0551,51.0,20.63,0.05879,47.87,23.76,0.06089
cifar100,vgg19,qat,qat,True,20.495,3.976,,3.308,71.64,91.68,0.03984,99.92,99.721,99.693,99.675,100.542,53.5,18.14,0.06972,38.6,33.04,0.12843,28.07,43.57,0.17938,24.19,47.45,0.19361,19.48,52.16,0.2232,60.8,10.84,0.04937,52.09,19.55,0.07089,36.1,35.54,0.1378,30.65,40.99,0.16587,23.03,48.61,0.20668,64.44,7.2,0.03292,56.29,15.35,0.0395,46.77,24.87,0.06097,29.7,41.94,0.11334,16.6,55.04,0.17461,71.35,0.29,0.03887,69.52,2.12,0.04146,65.82,5.82,0.04258,60.46,11.18,0.05413,48.47,23.17,0.07689,27.74,43.9,0.25832,28.86,42.78,0.24147,32.04,39.6,0.21362,20.67,50.97,0.30599,22.6,49.04,0.28204,66.44,5.2,0.04155,60.9,10.74,0.0487,54.01,17.63,0.06072,54.44,17.2,0.05836,48.02,23.62,0.07627,65.34,6.3,0.04441,64.01,7.63,0.0434,61.19,10.45,0.04268,57.39,14.25,0.05296,51.96,19.68,0.06378,65.57,6.07,0.04093,51.4,20.24,0.07615,55.35,16.29,0.06132,52.96,18.68,0.068,46.66,24.98,0.09806,65.16,6.48,0.04554,58.12,13.52,0.06252,48.1,23.54,0.10108,45.94,25.7,0.11583,37.14,34.5,0.17886,70.88,0.76,0.04338,69.24,2.4,0.04395,66.53,5.11,0.04545,61.14,10.5,0.05218,44.89,26.75,0.09874,71.46,0.18,0.04301,71.21,0.43,0.04014,70.68,0.96,0.04086,69.6,2.04,0.04429,67.24,4.4,0.04492,71.1,0.54,0.04797,68.78,2.86,0.04378,67.29,4.35,0.04264,64.09,7.55,0.04915,49.16,22.48,0.09063,64.48,7.16,0.04065,65.63,6.01,0.04212,62.06,9.58,0.04925,55.38,16.26,0.0446,48.22,23.42,0.06076,68.91,2.73,0.03557,62.99,8.65,0.04801,57.96,13.68,0.06097,41.89,29.75,0.14514,25.1,46.54,0.28455,61.15,10.49,0.05045,55.83,15.81,0.05063,53.62,18.02,0.05429,51.01,20.63,0.05851,47.65,23.99,0.06504
cifar100,vgg19,pruning_qat,pruning_qat,True,20.5,3.975,,3.255,71.91,91.61,0.04349,99.174,98.524,99.109,98.716,100.186,53.72,18.19,0.07568,39.59,32.32,0.1255,29.05,42.86,0.1835,24.77,47.14,0.20351,20.71,51.2,0.22927,61.23,10.68,0.0493,52.62,19.29,0.0737,37.2,34.71,0.1367,31.69,40.22,0.1671,24.01,47.9,0.21145,64.6,7.31,0.04112,57.05,14.86,0.04141,47.45,24.46,0.06367,30.71,41.2,0.11842,16.96,54.95,0.19593,71.55,0.36,0.04319,70.24,1.67,0.04205,66.46,5.45,0.04227,60.99,10.92,0.05036,48.47,23.44,0.08306,28.39,43.52,0.25413,29.36,42.55,0.23921,32.69,39.22,0.21018,20.68,51.23,0.3081,23.07,48.84,0.27765,66.76,5.15,0.04256,61.22,10.69,0.05106,54.2,17.71,0.06892,54.58,17.33,0.06542,48.4,23.51,0.07857,65.69,6.22,0.04349,64.15,7.76,0.04674,61.1,10.81,0.04607,57.28,14.63,0.05602,51.6,20.31,0.06692,65.85,6.06,0.04122,51.93,19.98,0.07932,55.4,16.51,0.06351,53.13,18.78,0.071,47.0,24.91,0.0993,65.64,6.27,0.04494,59.06,12.85,0.05697,48.89,23.02,0.09482,46.65,25.26,0.11149,38.08,33.83,0.17369,71.21,0.7,0.04511,69.77,2.14,0.04662,67.02,4.89,0.04448,61.59,10.32,0.05213,44.74,27.17,0.10571,71.69,0.22,0.04422,71.63,0.28,0.04653,70.87,1.04,0.04714,69.83,2.08,0.04738,67.37,4.54,0.04554,71.22,0.69,0.04384,69.43,2.48,0.04739,67.96,3.95,0.04647,64.53,7.38,0.04832,49.81,22.1,0.09561,64.65,7.26,0.04439,65.64,6.27,0.04313,61.56,10.35,0.05338,55.19,16.72,0.05029,47.78,24.13,0.06705,69.01,2.9,0.04158,63.23,8.68,0.04695,58.3,13.61,0.06635,41.41,30.5,0.15175,24.94,46.97,0.28641,61.9,10.01,0.04798,55.88,16.03,0.0538,53.73,18.18,0.05951,51.13,20.78,0.06146,47.65,24.26,0.07196
cifar100,vgg19,pruning_kd,pruning_kd,False,81.48,1.0,20349348.0,15.196,74.96,92.7,0.09475,92.561,95.072,92.495,91.009,92.296,56.77,18.19,0.03892,41.47,33.49,0.07626,31.12,43.84,0.10773,26.06,48.9,0.13537,22.67,52.29,0.14615,63.8,11.16,0.05861,54.68,20.28,0.04332,38.5,36.46,0.0851,33.03,41.93,0.10419,25.49,49.47,0.13889,67.73,7.23,0.0801,60.13,14.83,0.06481,50.18,24.78,0.0356,32.32,42.64,0.05283,19.0,55.96,0.10832,74.45,0.51,0.09163,72.96,2.0,0.08774,69.02,5.94,0.07162,64.07,10.89,0.05601,52.01,22.95,0.04068,31.65,43.31,0.15913,32.48,42.48,0.15145,34.86,40.1,0.12894,23.12,51.84,0.21627,24.95,50.01,0.19429,69.77,5.19,0.07616,64.09,10.87,0.05579,57.55,17.41,0.04026,57.29,17.67,0.03633,51.19,23.77,0.0328,68.6,6.36,0.07174,67.34,7.62,0.06955,64.37,10.59,0.06075,60.95,14.01,0.05097,54.98,19.98,0.03689,68.76,6.2,0.07502,55.78,19.18,0.04191,59.11,15.85,0.04456,56.33,18.63,0.03811,50.67,24.29,0.05373,68.33,6.63,0.06963,61.74,13.22,0.0471,51.67,23.29,0.05585,49.88,25.08,0.05702,40.87,34.09,0.10101,74.51,0.45,0.09377,72.74,2.22,0.0894,69.93,5.03,0.0762,65.03,9.93,0.05786,48.43,26.53,0.04902,74.7,0.26,0.09301,74.02,0.94,0.08887,73.52,1.44,0.08766,72.5,2.46,0.08327,69.88,5.08,0.07503,74.17,0.79,0.09051,72.09,2.87,0.08161,70.62,4.34,0.07708,67.75,7.21,0.06666,54.5,20.46,0.04862,67.85,7.11,0.06916,68.79,6.17,0.07577,64.94,10.02,0.06097,58.37,16.59,0.04541,50.48,24.48,0.03153,72.51,2.45,0.08852,67.17,7.79,0.06598,62.1,12.86,0.04801,45.91,29.05,0.07792,28.16,46.8,0.20376,64.87,10.09,0.06139,59.19,15.77,0.04852,57.15,17.81,0.04127,54.27,20.69,0.0375,50.8,24.16,0.03507
cifar100,vgg19,quant_int8,quant_int8,True,20.5,3.975,,3.602,71.58,91.63,0.04175,100.151,99.953,100.175,100.125,100.302,53.27,18.31,0.06845,38.42,33.16,0.13035,28.16,43.42,0.17677,24.16,47.42,0.19208,19.89,51.69,0.2168,60.68,10.9,0.04701,51.7,19.88,0.07628,36.02,35.56,0.1366,30.26,41.32,0.16802,23.17,48.41,0.20364,64.14,7.44,0.04029,56.12,15.46,0.03947,46.64,24.94,0.05741,29.19,42.39,0.11662,16.47,55.11,0.17611,71.34,0.24,0.04279,69.51,2.07,0.04105,65.68,5.9,0.0448,60.49,11.09,0.05014,48.27,23.31,0.07963,27.61,43.97,0.25521,28.83,42.75,0.23654,31.79,39.79,0.21295,20.36,51.22,0.3026,22.31,49.27,0.28103,66.01,5.57,0.04047,60.8,10.78,0.04963,53.87,17.71,0.06328,54.07,17.51,0.06055,47.71,23.87,0.07705,65.19,6.39,0.03975,63.66,7.92,0.04251,60.66,10.92,0.04294,56.88,14.7,0.05492,51.78,19.8,0.06196,65.46,6.12,0.04195,51.37,20.21,0.07735,55.14,16.44,0.06328,52.95,18.63,0.06619,46.61,24.97,0.09805,64.54,7.04,0.04993,57.95,13.63,0.06163,47.61,23.97,0.10473,45.65,25.93,0.11865,36.76,34.82,0.1825,70.84,0.74,0.04451,69.14,2.44,0.04105,66.49,5.09,0.04666,61.33,10.25,0.04899,44.34,27.24,0.10629,71.47,0.11,0.04302,71.13,0.45,0.04114,70.36,1.22,0.04382,69.37,2.21,0.04302,67.04,4.54,0.04021,71.05,0.53,0.04389,68.69,2.89,0.04443,67.17,4.41,0.04498,64.04,7.54,0.04996,49.6,21.98,0.09032,64.47,7.11,0.04238,65.43,6.15,0.03955,61.76,9.82,0.04947,55.08,16.5,0.04356,47.4,24.18,0.06615,69.27,2.31,0.03971,63.72,7.86,0.04301,59.11,12.47,0.05458,43.23,28.35,0.13417,25.84,45.74,0.27823,61.17,10.41,0.04869,55.69,15.89,0.05044,53.51,18.07,0.05748,50.91,20.67,0.05896,47.68,23.9,0.06184
cifar100,vgg19,sparsity,sparsity,False,81.48,1.0,20349348.0,15.401,72.38,91.74,0.04579,99.074,99.707,98.574,99.024,99.15,53.14,19.24,0.0779,39.1,33.28,0.12729,28.02,44.36,0.18715,23.85,48.53,0.20289,19.94,52.44,0.22643,60.23,12.15,0.05852,51.66,20.72,0.07994,36.07,36.31,0.14222,30.64,41.74,0.16893,23.15,49.23,0.21098,64.58,7.8,0.04308,56.66,15.72,0.04249,47.09,25.29,0.06161,29.7,42.68,0.11912,16.6,55.78,0.18261,71.98,0.4,0.04675,70.48,1.9,0.0432,66.63,5.75,0.04564,61.46,10.92,0.05159,49.46,22.92,0.07852,27.48,44.9,0.25595,28.33,44.05,0.24377,31.54,40.84,0.21436,20.22,52.16,0.30266,22.5,49.88,0.27716,66.81,5.57,0.04483,61.66,10.72,0.05022,54.7,17.68,0.06315,54.86,17.52,0.06178,48.31,24.07,0.07906,66.16,6.22,0.04542,64.87,7.51,0.04398,61.3,11.08,0.04949,57.94,14.44,0.05528,52.5,19.88,0.06617,65.83,6.55,0.04732,51.24,21.14,0.08451,55.0,17.38,0.06909,52.98,19.4,0.07374,46.43,25.95,0.10454,65.34,7.04,0.04934,58.27,14.11,0.06458,47.64,24.74,0.10672,45.41,26.97,0.12262,36.85,35.53,0.1803,71.6,0.78,0.04724,69.69,2.69,0.04557,66.97,5.41,0.05105,61.86,10.52,0.05527,44.83,27.55,0.10223,72.05,0.33,0.04428,71.66,0.72,0.0447,71.14,1.24,0.0446,70.52,1.86,0.04766,67.79,4.59,0.04773,71.56,0.82,0.04592,69.41,2.97,0.04829,68.18,4.2,0.04771,65.19,7.19,0.04978,52.3,20.08,0.07937,64.96,7.42,0.04704,65.74,6.64,0.0461,62.44,9.94,0.04838,55.38,17.0,0.05413,47.77,24.61,0.07226,69.71,2.67,0.04356,64.06,8.32,0.0445,58.62,13.76,0.06553,42.14,30.24,0.1464,25.1,47.28,0.28647,61.95,10.43,0.05164,55.88,16.5,0.05676,53.86,18.52,0.0605,51.14,21.24,0.06512,47.94,24.44,0.06775
cifar100,vgg19,sparsity_quant_int8,sparsity_quant_int8,True,20.501,3.974,,5.98,72.1,91.66,0.04406,99.385,99.039,99.173,99.264,99.976,53.35,18.75,0.07372,39.04,33.06,0.1285,28.79,43.31,0.18214,24.51,47.59,0.19743,20.48,51.62,0.22144,60.86,11.24,0.05126,52.2,19.9,0.07425,36.69,35.41,0.13779,31.37,40.73,0.16421,23.43,48.67,0.20978,64.64,7.46,0.04174,56.88,15.22,0.04091,47.29,24.81,0.0594,30.21,41.89,0.11756,16.86,55.24,0.18478,71.74,0.36,0.04431,70.21,1.89,0.04093,66.69,5.41,0.04489,61.2,10.9,0.053,48.61,23.49,0.08491,27.72,44.38,0.25493,28.74,43.36,0.23965,31.87,40.23,0.21245,20.12,51.98,0.30321,22.71,49.39,0.27432,66.96,5.14,0.04045,61.27,10.83,0.0553,54.19,17.91,0.06761,54.3,17.8,0.06692,47.89,24.21,0.0855,65.72,6.38,0.0466,64.22,7.88,0.04886,60.93,11.17,0.05121,57.55,14.55,0.06042,52.24,19.86,0.06639,65.53,6.57,0.04924,51.32,20.78,0.08073,54.98,17.12,0.06955,52.41,19.69,0.07683,46.52,25.58,0.10231,65.25,6.85,0.04829,58.24,13.86,0.06367,47.92,24.18,0.10405,46.24,25.86,0.11308,37.75,34.35,0.17004,71.72,0.38,0.04339,69.73,2.37,0.04499,66.91,5.19,0.04951,61.76,10.34,0.0534,43.82,28.28,0.10956,71.89,0.21,0.04425,71.27,0.83,0.04539,71.08,1.02,0.04695,69.95,2.15,0.04814,67.67,4.43,0.05034,71.35,0.75,0.04322,69.44,2.66,0.04485,68.3,3.8,0.04268,64.74,7.36,0.0558,50.34,21.76,0.08662,64.63,7.47,0.04795,65.74,6.36,0.04484,61.99,10.11,0.05134,55.36,16.74,0.0522,47.82,24.28,0.07037,69.14,2.96,0.04129,63.37,8.73,0.0493,57.75,14.35,0.07063,41.37,30.73,0.15378,24.75,47.35,0.29021,61.67,10.43,0.05165,55.97,16.13,0.05515,54.01,18.09,0.05789,51.08,21.02,0.06724,47.6,24.5,0.07438
cifar100,vgg19,clustering,clustering,False,81.48,1.0,20349348.0,12.709,54.8,80.04,0.08215,141.224,117.157,153.743,140.769,147.21,43.11,11.69,0.03368,31.75,23.05,0.03876,22.8,32.0,0.07842,18.9,35.9,0.10055,16.06,38.74,0.11546,47.86,6.94,0.05691,40.51,14.29,0.02365,27.4,27.4,0.05632,22.71,32.09,0.08117,16.67,38.13,0.1139,43.84,10.96,0.04023,35.49,19.31,0.02422,28.25,26.55,0.04478,17.18,37.62,0.09422,11.08,43.72,0.12886,52.68,2.12,0.0749,46.24,8.56,0.04243,38.4,16.4,0.0318,31.1,23.7,0.06508,20.81,33.99,0.14469,20.03,34.77,0.11278,20.51,34.29,0.10896,21.14,33.66,0.11823,14.14,40.66,0.14403,14.83,39.97,0.1587,40.74,14.06,0.02544,32.2,22.6,0.04834,24.69,30.11,0.10419,24.54,30.26,0.10841,19.94,34.86,0.15178,38.32,16.48,0.02507,35.48,19.32,0.03736,31.21,23.59,0.0588,27.88,26.92,0.0813,23.66,31.14,0.10854,50.24,4.56,0.07226,39.64,15.16,0.0309,40.33,14.47,0.02895,36.81,17.99,0.03505,31.7,23.1,0.05985,51.45,3.35,0.06458,44.31,10.49,0.03274,35.11,19.69,0.05145,35.24,19.56,0.05074,28.59,26.21,0.08071,54.37,0.43,0.07535,51.21,3.59,0.06114,46.65,8.15,0.0399,39.14,15.66,0.04188,22.89,31.91,0.1621,55.46,-0.66,0.08232,55.68,-0.88,0.08398,54.8,0.0,0.08016,53.11,1.69,0.0721,47.53,7.27,0.04309,53.34,1.46,0.07274,48.23,6.57,0.04647,43.94,10.86,0.0293,37.27,17.53,0.03975,18.76,36.04,0.17233,40.39,14.41,0.02441,39.98,14.82,0.02335,35.19,19.61,0.03098,28.84,25.96,0.05678,24.81,29.99,0.07884,52.88,1.92,0.08044,48.42,6.38,0.06513,45.19,9.61,0.04639,33.05,21.75,0.05341,19.56,35.24,0.15026,45.82,8.98,0.05392,39.63,15.17,0.02935,37.82,16.98,0.0308,35.26,19.54,0.02032,32.03,22.77,0.03023
cifar100,vgg19,clustering_quant_int8,clustering_quant_int8,True,20.502,3.974,,5.665,62.16,85.39,0.11378,131.131,119.186,136.056,131.258,135.035,40.65,21.51,0.02771,27.0,35.16,0.07551,18.81,43.35,0.11447,15.6,46.56,0.13168,13.16,49.0,0.14307,49.06,13.1,0.06512,39.41,22.75,0.03109,23.94,38.22,0.08522,19.48,42.68,0.11311,14.5,47.66,0.13808,49.49,12.67,0.0772,38.05,24.11,0.02815,28.68,33.48,0.03829,15.79,46.37,0.10143,9.67,52.49,0.1383,60.76,1.4,0.10848,56.49,5.67,0.09206,49.76,12.4,0.06188,41.58,20.58,0.04209,28.51,33.65,0.0975,20.63,41.53,0.10709,21.48,40.68,0.10317,22.13,40.03,0.10882,14.75,47.41,0.14339,15.47,46.69,0.15086,50.05,12.11,0.06449,40.39,21.77,0.03162,32.33,29.83,0.06418,32.56,29.6,0.06715,26.14,36.02,0.11828,50.04,12.12,0.0703,46.72,15.44,0.05228,42.11,20.05,0.03754,37.43,24.73,0.0389,31.88,30.28,0.06497,55.3,6.86,0.09472,40.79,21.37,0.02573,43.96,18.2,0.04144,40.7,21.46,0.03511,33.87,28.29,0.05467,53.88,8.28,0.0782,45.32,16.84,0.03661,35.05,27.11,0.05195,33.71,28.45,0.06338,26.82,35.34,0.08919,60.61,1.55,0.10441,56.83,5.33,0.08661,52.39,9.77,0.06684,44.81,17.35,0.03978,27.12,35.04,0.14124,61.6,0.56,0.10944,61.16,1.0,0.11055,59.52,2.64,0.10346,57.29,4.87,0.09302,51.6,10.56,0.06727,59.47,2.69,0.09983,53.6,8.56,0.07207,49.05,13.11,0.04802,41.86,20.3,0.03619,20.18,41.98,0.17921,49.74,12.42,0.06715,50.24,11.92,0.07334,45.54,16.62,0.05124,37.79,24.37,0.03327,30.29,31.87,0.04711,58.65,3.51,0.10273,53.53,8.63,0.08477,49.47,12.69,0.06331,35.93,26.23,0.04542,21.66,40.5,0.13272,48.68,13.48,0.06471,42.52,19.64,0.04286,40.32,21.84,0.03642,37.96,24.2,0.02997,34.83,27.33,0.02398
cifar100,vgg19,sparsity_clustering,sparsity_clustering,False,81.481,1.0,20349348.0,14.592,53.39,78.24,0.09495,149.486,126.096,153.363,157.469,155.168,32.77,20.62,0.0267,23.08,30.31,0.07137,16.36,37.03,0.11166,14.42,38.97,0.12037,12.08,41.31,0.13216,38.68,14.71,0.0258,31.52,21.87,0.02931,20.36,33.03,0.09402,17.0,36.39,0.11264,13.75,39.64,0.12628,43.63,9.76,0.06542,31.39,22.0,0.02434,23.58,29.81,0.05415,13.02,40.37,0.10713,8.74,44.65,0.12464,51.84,1.55,0.08768,47.3,6.09,0.06599,40.39,13.0,0.0293,32.6,20.79,0.04178,20.64,32.75,0.14166,15.82,37.57,0.13291,16.3,37.09,0.13103,16.35,37.04,0.14348,11.6,41.79,0.15826,11.87,41.52,0.17328,42.06,11.33,0.03869,33.51,19.88,0.02744,25.15,28.24,0.08689,25.2,28.19,0.08616,19.32,34.07,0.13699,39.07,14.32,0.0281,36.94,16.45,0.02259,32.8,20.59,0.03816,29.28,24.11,0.06165,24.97,28.42,0.09562,45.19,8.2,0.05758,30.97,22.42,0.03905,33.66,19.73,0.02854,30.15,23.24,0.03876,23.84,29.55,0.08438,41.89,11.5,0.03358,32.86,20.53,0.0335,23.3,30.09,0.09323,23.0,30.39,0.09146,17.58,35.81,0.13309,52.33,1.06,0.08927,47.32,6.07,0.06013,41.36,12.03,0.02842,32.89,20.5,0.04692,16.73,36.66,0.17698,52.8,0.59,0.08807,51.82,1.57,0.08142,49.85,3.54,0.06927,47.32,6.07,0.05478,40.35,13.04,0.02476,49.63,3.76,0.07274,40.62,12.77,0.02729,33.59,19.8,0.0351,24.04,29.35,0.08961,7.33,46.06,0.23313,40.21,13.18,0.03334,40.94,12.45,0.03771,35.99,17.4,0.02112,29.19,24.2,0.03917,22.77,30.62,0.08543,51.74,1.65,0.09342,48.01,5.38,0.07547,45.81,7.58,0.06627,36.95,16.44,0.02742,25.97,27.42,0.06684,39.16,14.23,0.02905,34.52,18.87,0.02066,32.98,20.41,0.02269,31.77,21.62,0.02633,29.82,23.57,0.02794
cifar100,vgg19,sparsity_clustering_quant_int8,sparsity_clustering_quant_int8,True,20.503,3.974,,2.789,61.25,84.47,0.11859,131.87,114.308,139.581,132.257,136.944,43.23,18.02,0.04359,31.43,29.82,0.03747,22.85,38.4,0.08135,19.5,41.75,0.1,17.18,44.07,0.10886,49.34,11.91,0.07466,41.46,19.79,0.03379,28.13,33.12,0.05369,23.43,37.82,0.07782,18.45,42.8,0.1044,50.68,10.57,0.08715,39.99,21.26,0.03212,31.28,29.97,0.03061,19.1,42.15,0.08641,12.59,48.66,0.11925,59.56,1.69,0.1108,55.4,5.85,0.09412,48.56,12.69,0.05888,40.28,20.97,0.02885,26.79,34.46,0.10782,20.67,40.58,0.10732,21.53,39.72,0.10124,21.26,39.99,0.1172,14.96,46.29,0.14058,14.86,46.39,0.15932,48.75,12.5,0.06348,39.06,22.19,0.02783,29.88,31.37,0.07506,29.73,31.52,0.07698,22.82,38.43,0.13443,46.35,14.9,0.0543,44.61,16.64,0.0422,40.43,20.82,0.03038,36.0,25.25,0.03883,30.58,30.67,0.07305,55.24,6.01,0.10131,42.39,18.86,0.03424,44.81,16.44,0.05203,42.02,19.23,0.03599,37.03,24.22,0.02943,53.67,7.58,0.08505,46.55,14.7,0.0508,36.45,24.8,0.04049,35.51,25.74,0.04016,27.62,33.63,0.07549,59.32,1.93,0.11035,54.16,7.09,0.08618,47.84,13.41,0.0522,39.45,21.8,0.03219,21.58,39.67,0.1577,61.17,0.08,0.1167,60.75,0.5,0.11462,59.84,1.41,0.1119,57.89,3.36,0.10151,53.53,7.72,0.08256,58.26,2.99,0.10582,50.1,11.15,0.06684,44.07,17.18,0.04173,34.99,26.26,0.04393,11.44,49.81,0.19467,48.75,12.5,0.07015,49.11,12.14,0.07133,44.12,17.13,0.04376,35.56,25.69,0.02376,28.5,32.75,0.0607,59.33,1.92,0.11512,55.55,5.7,0.10354,52.55,8.7,0.0891,41.8,19.45,0.03916,26.78,34.47,0.08819,49.62,11.63,0.07826,43.76,17.49,0.05278,41.74,19.51,0.04499,39.75,21.5,0.03583,36.89,24.36,0.03337
cifar100,vgg19,qat_only,qat_only,True,20.5,3.975,,5.026,71.75,91.59,0.03996,99.76,99.369,99.598,99.515,100.461,53.61,18.14,0.0688,38.99,32.76,0.12631,28.37,43.38,0.1767,24.47,47.28,0.19033,20.11,51.64,0.21576,60.95,10.8,0.04862,52.27,19.48,0.07305,36.37,35.38,0.13559,30.86,40.89,0.1643,23.2,48.55,0.20516,64.56,7.19,0.03884,56.25,15.5,0.03975,47.13,24.62,0.05584,29.66,42.09,0.1122,16.83,54.92,0.16962,71.3,0.45,0.03854,69.67,2.08,0.0401,65.94,5.81,0.0413,60.67,11.08,0.04989,48.43,23.32,0.07657,28.07,43.68,0.25417,29.31,42.44,0.23567,32.25,39.5,0.21124,20.81,50.94,0.30195,22.97,48.78,0.27629,66.59,5.16,0.03986,61.02,10.73,0.04743,54.15,17.6,0.06224,54.54,17.21,0.05772,48.19,23.56,0.07503,65.3,6.45,0.04476,63.89,7.86,0.04083,60.87,10.88,0.04288,57.05,14.7,0.05338,51.67,20.08,0.065,65.52,6.23,0.04294,51.4,20.35,0.07799,55.43,16.32,0.05912,53.07,18.68,0.06667,46.75,25.0,0.09663,65.15,6.6,0.04724,58.54,13.21,0.06121,48.11,23.64,0.10119,46.07,25.68,0.11495,37.53,34.22,0.17534,71.16,0.59,0.04473,69.26,2.49,0.04256,66.7,5.05,0.04435,61.42,10.33,0.05189,44.94,26.81,0.0989,71.61,0.14,0.04516,70.97,0.78,0.04156,70.73,1.02,0.04214,69.43,2.32,0.04497,67.05,4.7,0.04385,70.99,0.76,0.04582,68.79,2.96,0.04363,67.1,4.65,0.04453,64.0,7.75,0.04667,49.38,22.37,0.08769,64.29,7.46,0.0428,65.4,6.35,0.04497,61.64,10.11,0.04709,55.06,16.69,0.04539,47.85,23.9,0.06401,69.13,2.62,0.03708,63.36,8.39,0.04468,58.15,13.6,0.06256,42.16,29.59,0.14401,25.34,46.41,0.28255,61.67,10.08,0.04663,56.05,15.7,0.04976,53.84,17.91,0.05489,51.24,20.51,0.0582,47.88,23.87,0.06483
cifar100,vgg19,qat_int8,qat_int8,True,20.5,3.975,,4.719,71.64,91.57,0.04068,99.756,99.32,99.767,99.32,100.506,53.61,18.03,0.0709,39.03,32.61,0.12521,28.39,43.25,0.1773,24.37,47.27,0.19209,19.87,51.77,0.21949,61.0,10.64,0.05009,52.47,19.17,0.07095,36.41,35.23,0.13517,30.69,40.95,0.16625,23.31,48.33,0.20499,64.51,7.13,0.03712,56.54,15.1,0.03748,47.07,24.57,0.05806,30.01,41.63,0.11012,16.74,54.9,0.17318,71.34,0.3,0.04152,69.53,2.11,0.0392,65.83,5.81,0.04713,60.5,11.14,0.04965,48.09,23.55,0.07961,27.96,43.68,0.25571,29.16,42.48,0.2384,32.47,39.17,0.20979,20.71,50.93,0.30475,23.06,48.58,0.27644,66.25,5.39,0.03966,60.91,10.73,0.04908,54.11,17.53,0.06261,54.63,17.01,0.05693,48.07,23.57,0.07684,65.47,6.17,0.04101,63.8,7.84,0.0438,60.69,10.95,0.04274,56.95,14.69,0.05372,51.8,19.84,0.0632,65.42,6.22,0.04474,51.55,20.09,0.0766,55.2,16.44,0.06037,52.97,18.67,0.06714,46.99,24.65,0.09487,65.41,6.23,0.04481,58.71,12.93,0.05952,48.43,23.21,0.09821,46.67,24.97,0.10977,37.58,34.06,0.17527,71.16,0.48,0.04804,69.14,2.5,0.04551,66.7,4.94,0.04661,61.46,10.18,0.04913,45.28,26.36,0.09615,71.45,0.19,0.04375,70.98,0.66,0.04193,70.81,0.83,0.04064,69.51,2.13,0.04304,67.18,4.46,0.04309,71.01,0.63,0.0416,68.79,2.85,0.04429,67.28,4.36,0.04303,64.27,7.37,0.04633,50.02,21.62,0.08569,64.58,7.06,0.04201,65.42,6.22,0.03949,61.59,10.05,0.04791,54.84,16.8,0.04725,48.19,23.45,0.05959,68.73,2.91,0.03793,63.11,8.53,0.04563,57.82,13.82,0.06312,41.84,29.8,0.14713,25.16,46.48,0.28473,61.52,10.12,0.04785,55.92,15.72,0.04918,53.79,17.85,0.05391,51.03,20.61,0.05844,47.57,24.07,0.06614
cifar100,vgg19,cqat,cqat,True,20.495,3.976,,3.302,70.24,90.93,0.07106,102.04,100.497,102.628,102.717,101.932,53.59,16.65,0.02605,39.24,31.0,0.06932,28.16,42.08,0.12121,23.36,46.88,0.14504,19.76,50.48,0.16462,60.6,9.64,0.04608,52.2,18.04,0.03029,35.89,34.35,0.07871,29.96,40.28,0.11,22.32,47.92,0.15284,63.24,7.0,0.0719,54.84,15.4,0.0538,45.44,24.8,0.02332,28.41,41.83,0.06762,16.58,53.66,0.13698,70.19,0.05,0.07349,68.34,1.9,0.07185,64.44,5.8,0.06222,58.66,11.58,0.04407,46.59,23.65,0.03473,28.17,42.07,0.17545,29.34,40.9,0.16027,32.44,37.8,0.13371,20.41,49.83,0.22619,23.06,47.18,0.19774,65.2,5.04,0.06314,59.75,10.49,0.0467,52.63,17.61,0.02944,52.68,17.56,0.02648,46.04,24.2,0.03218,64.21,6.03,0.06427,62.39,7.85,0.05808,58.94,11.3,0.04644,55.12,15.12,0.03577,49.81,20.43,0.02666,64.07,6.17,0.05935,49.64,20.6,0.03851,54.1,16.14,0.02776,51.55,18.69,0.02764,45.85,24.39,0.04533,64.65,5.59,0.05483,57.65,12.59,0.03047,48.0,22.24,0.04597,45.8,24.44,0.05353,36.73,33.51,0.10763,69.8,0.44,0.07144,67.93,2.31,0.06989,65.29,4.95,0.06458,59.56,10.68,0.04162,43.72,26.52,0.04651,70.27,-0.03,0.07135,69.69,0.55,0.06765,69.28,0.96,0.06806,68.06,2.18,0.06254,65.14,5.1,0.05257,69.92,0.32,0.07287,67.41,2.83,0.06389,65.54,4.7,0.06038,61.78,8.46,0.04651,45.86,24.38,0.0397,63.01,7.23,0.05971,63.57,6.67,0.06285,59.86,10.38,0.04845,54.1,16.14,0.04021,47.23,23.01,0.02092,68.22,2.02,0.07182,63.01,7.23,0.05181,58.82,11.42,0.03177,45.16,25.08,0.06521,28.09,42.15,0.18345,61.23,9.01,0.04964,56.17,14.07,0.04318,53.96,16.28,0.03884,51.88,18.36,0.03232,48.78,21.46,0.0252
cifar100,vgg19,cqat_int8,cqat_int8,True,20.5,3.975,,4.169,70.42,90.87,0.0999,102.285,101.222,102.879,102.177,102.596,53.41,17.01,0.03913,38.67,31.75,0.05724,27.5,42.92,0.11114,22.95,47.47,0.13377,19.04,51.38,0.15566,60.91,9.51,0.07102,52.73,17.69,0.04117,35.76,34.66,0.07024,29.92,40.5,0.09768,22.17,48.25,0.13896,62.85,7.57,0.09442,54.14,16.28,0.07133,44.47,25.95,0.03259,26.83,43.59,0.06451,15.63,54.79,0.13578,70.41,0.01,0.1029,68.46,1.96,0.09899,64.26,6.16,0.08498,58.77,11.65,0.06774,46.47,23.95,0.0248,27.53,42.89,0.15532,28.86,41.56,0.14107,31.89,38.53,0.11394,20.16,50.26,0.2026,22.46,47.96,0.1782,65.02,5.4,0.08722,59.45,10.97,0.06931,52.44,17.98,0.04376,52.6,17.82,0.04355,45.88,24.54,0.02374,63.87,6.55,0.0859,62.13,8.29,0.07918,58.92,11.5,0.06989,55.51,14.91,0.05756,50.08,20.34,0.03262,64.16,6.26,0.08529,50.54,19.88,0.02938,54.04,16.38,0.04955,52.15,18.27,0.04661,46.28,24.14,0.03629,64.27,6.15,0.07741,58.15,12.27,0.04844,48.47,21.95,0.03211,46.2,24.22,0.03984,37.65,32.77,0.08029,70.17,0.25,0.1018,67.68,2.74,0.09361,65.22,5.2,0.08886,59.53,10.89,0.06655,43.51,26.91,0.03275,70.29,0.13,0.099,70.0,0.42,0.09868,69.49,0.93,0.09859,68.26,2.16,0.09187,65.35,5.07,0.07907,69.69,0.73,0.0973,67.38,3.04,0.0921,65.46,4.96,0.08732,61.37,9.05,0.07123,43.78,26.64,0.03408,62.91,7.51,0.08386,63.5,6.92,0.08685,60.25,10.17,0.07729,53.9,16.52,0.06257,47.41,23.01,0.03854,67.95,2.47,0.09645,62.73,7.69,0.07816,58.29,12.13,0.05371,43.86,26.56,0.05943,26.95,43.47,0.16746,60.98,9.44,0.0747,56.45,13.97,0.07201,54.23,16.19,0.06465,52.0,18.42,0.05693,49.08,21.34,0.05078
cifar100,vgg19,pqat,pqat,True,20.495,3.976,,4.83,71.82,91.65,0.04042,99.293,99.38,99.171,98.893,99.751,53.39,18.43,0.07403,38.3,33.52,0.13427,28.27,43.55,0.18446,24.08,47.74,0.20158,20.11,51.71,0.22529,60.76,11.06,0.05031,52.09,19.73,0.07494,36.15,35.67,0.14111,30.77,41.05,0.17087,23.35,48.47,0.21189,64.54,7.28,0.04053,56.62,15.2,0.04308,47.89,23.93,0.05514,29.99,41.83,0.1197,17.01,54.81,0.1814,71.78,0.04,0.04197,69.87,1.95,0.03847,66.43,5.39,0.04191,60.74,11.08,0.04839,48.14,23.68,0.07988,28.7,43.12,0.24551,29.47,42.35,0.23248,32.74,39.08,0.20564,20.95,50.87,0.29615,23.26,48.56,0.27153,66.49,5.33,0.04049,61.16,10.66,0.05074,54.57,17.25,0.06039,54.36,17.46,0.06292,48.21,23.61,0.07612,65.79,6.03,0.04368,63.97,7.85,0.04497,61.08,10.74,0.0484,57.21,14.61,0.05593,51.92,19.9,0.06525,65.95,5.87,0.0434,52.07,19.75,0.07564,55.11,16.71,0.066,53.03,18.79,0.06848,46.86,24.96,0.09924,65.64,6.18,0.04899,58.6,13.22,0.06071,48.19,23.63,0.10236,46.24,25.58,0.11374,37.52,34.3,0.1751,71.37,0.45,0.04419,69.44,2.38,0.04719,66.72,5.1,0.0439,61.65,10.17,0.04984,44.6,27.22,0.10055,71.98,-0.16,0.04638,71.59,0.23,0.04476,70.89,0.93,0.04345,70.07,1.75,0.04305,67.72,4.1,0.04395,71.38,0.44,0.04387,69.3,2.52,0.04784,67.96,3.86,0.04461,64.65,7.17,0.0486,50.08,21.74,0.08375,64.68,7.14,0.04277,65.49,6.33,0.04408,61.9,9.92,0.05006,54.97,16.85,0.04931,48.33,23.49,0.06169,69.17,2.65,0.03694,63.74,8.08,0.04564,58.44,13.38,0.06316,42.22,29.6,0.14791,25.54,46.28,0.28477,61.99,9.83,0.04747,56.14,15.68,0.05227,53.95,17.87,0.05474,51.16,20.66,0.06356,47.76,24.06,0.06953
cifar100,vgg19,pqat_int8,pqat_int8,True,20.5,3.975,,3.726,72.02,91.72,0.04222,99.142,98.255,99.532,98.755,99.805,54.1,17.92,0.07199,39.67,32.35,0.12073,29.36,42.66,0.17208,25.33,46.69,0.18633,20.9,51.12,0.2141,61.12,10.9,0.05125,52.74,19.28,0.07154,37.31,34.71,0.13165,31.41,40.61,0.1613,24.21,47.81,0.1983,64.5,7.52,0.04246,56.84,15.18,0.03918,47.6,24.42,0.05649,30.79,41.23,0.11241,18.03,53.99,0.17009,71.85,0.17,0.04412,69.95,2.07,0.03995,65.99,6.03,0.04332,60.69,11.33,0.05005,47.93,24.09,0.0794,28.71,43.31,0.24774,29.59,42.43,0.23338,32.85,39.17,0.20589,20.86,51.16,0.29789,23.52,48.5,0.26845,66.41,5.61,0.04319,61.17,10.85,0.05313,53.83,18.19,0.06688,54.31,17.71,0.05977,47.69,24.33,0.08038,65.61,6.41,0.03853,63.97,8.05,0.04565,60.72,11.3,0.04541,57.01,15.01,0.05626,51.41,20.61,0.06658,65.85,6.17,0.04336,51.9,20.12,0.07967,55.14,16.88,0.06704,53.21,18.81,0.06922,46.96,25.06,0.09976,65.56,6.46,0.04814,58.85,13.17,0.06126,48.87,23.15,0.09662,46.63,25.39,0.11286,37.7,34.32,0.1761,71.3,0.72,0.04549,69.74,2.28,0.0461,66.69,5.33,0.04483,61.48,10.54,0.04977,44.6,27.42,0.10318,72.02,0.0,0.04416,71.49,0.53,0.04346,71.09,0.93,0.04252,70.13,1.89,0.04504,67.44,4.58,0.04383,71.38,0.64,0.04538,69.33,2.69,0.04645,67.77,4.25,0.04424,64.75,7.27,0.04828,50.37,21.65,0.08408,64.64,7.38,0.04305,65.41,6.61,0.04098,61.95,10.07,0.04711,55.3,16.72,0.04801,48.15,23.87,0.06485,69.14,2.88,0.04297,63.71,8.31,0.04241,58.29,13.73,0.06675,42.05,29.97,0.14573,25.52,46.5,0.28269,61.85,10.17,0.04789,55.87,16.15,0.05259,53.88,18.14,0.05575,51.22,20.8,0.05846,47.68,24.34,0.06974
cifar100,vgg19,pcqat,pcqat,True,20.495,3.976,,3.06,70.9,91.03,0.07283,100.977,99.024,101.656,100.909,101.829,53.65,17.25,0.03307,39.91,30.99,0.06913,29.35,41.55,0.11266,25.01,45.89,0.13402,20.96,49.94,0.15608,61.19,9.71,0.04815,53.09,17.81,0.02772,37.34,33.56,0.07516,31.46,39.44,0.10115,23.92,46.98,0.14064,63.18,7.72,0.06751,55.09,15.81,0.04886,46.07,24.83,0.02226,29.33,41.57,0.06818,17.65,53.25,0.13236,70.61,0.29,0.07394,68.94,1.96,0.07477,64.61,6.29,0.06072,59.18,11.72,0.04621,46.91,23.99,0.0323,29.36,41.54,0.1611,30.11,40.79,0.15082,33.42,37.48,0.1195,21.47,49.43,0.2128,23.67,47.23,0.18729,65.19,5.71,0.06088,59.72,11.18,0.04547,52.9,18.0,0.02648,52.83,18.07,0.02729,46.23,24.67,0.03108,64.59,6.31,0.06364,62.94,7.96,0.05935,59.54,11.36,0.04789,55.81,15.09,0.03527,50.16,20.74,0.02314,64.44,6.46,0.05811,51.11,19.79,0.03619,54.48,16.42,0.03189,52.41,18.49,0.02742,46.7,24.2,0.04556,65.4,5.5,0.0591,58.42,12.48,0.03019,49.16,21.74,0.04025,46.99,23.91,0.04805,38.36,32.54,0.09349,70.53,0.37,0.07389,68.51,2.39,0.07177,65.69,5.21,0.06568,59.86,11.04,0.04653,43.33,27.57,0.04717,70.94,-0.04,0.07346,70.43,0.47,0.07103,69.82,1.08,0.07008,68.96,1.94,0.06791,65.94,4.96,0.05689,70.57,0.33,0.07409,67.98,2.92,0.06595,66.04,4.86,0.06126,62.24,8.66,0.04856,46.14,24.76,0.04151,63.5,7.4,0.06186,63.58,7.32,0.06005,60.64,10.26,0.05451,54.22,16.68,0.04196,46.86,24.04,0.02571,68.64,2.26,0.07277,62.49,8.41,0.04714,58.21,12.69,0.03621,43.77,27.13,0.07217,26.9,44.0,0.18465,61.34,9.56,0.04869,56.19,14.71,0.04161,53.92,16.98,0.03559,51.92,18.98,0.03266,48.43,22.47,0.02447
cifar100,vgg19,pcqat_int8,pcqat_int8,True,20.5,3.975,,4.776,71.29,90.88,0.07739,100.306,97.426,101.43,100.034,101.614,55.33,15.96,0.03019,41.64,29.65,0.06109,30.78,40.51,0.10136,26.08,45.21,0.12469,22.01,49.28,0.1451,62.27,9.02,0.05154,54.74,16.55,0.03282,38.55,32.74,0.07071,33.03,38.26,0.08977,24.68,46.61,0.13404,63.63,7.66,0.06931,55.98,15.31,0.05526,46.34,24.95,0.02695,29.47,41.82,0.0658,17.69,53.6,0.12762,71.02,0.27,0.07828,68.88,2.41,0.07419,64.73,6.56,0.0599,59.06,12.23,0.04572,47.38,23.91,0.03245,29.76,41.53,0.16079,30.54,40.75,0.14933,33.56,37.73,0.12467,20.94,50.35,0.21879,23.97,47.32,0.187,65.61,5.68,0.06364,60.09,11.2,0.04463,53.11,18.18,0.02993,52.86,18.43,0.03126,46.93,24.36,0.0332,64.19,7.1,0.06,62.76,8.53,0.05654,59.22,12.07,0.04451,55.47,15.82,0.03311,50.32,20.97,0.02871,64.64,6.65,0.05961,51.61,19.68,0.0359,54.79,16.5,0.03204,53.05,18.24,0.0329,47.3,23.99,0.04584,65.76,5.53,0.05842,59.16,12.13,0.03464,49.98,21.31,0.04561,47.81,23.48,0.04856,39.62,31.67,0.08943,70.48,0.81,0.07453,68.37,2.92,0.06996,65.41,5.88,0.06175,59.82,11.47,0.043,44.3,26.99,0.04692,71.19,0.1,0.07714,70.45,0.84,0.07174,70.02,1.27,0.07197,69.11,2.18,0.06888,66.3,4.99,0.05775,69.99,1.3,0.06885,67.68,3.61,0.06189,66.01,5.28,0.0594,62.31,8.98,0.04912,46.2,25.09,0.04494,63.04,8.25,0.05683,63.93,7.36,0.06214,60.43,10.86,0.05071,54.22,17.07,0.03694,47.91,23.38,0.02377,68.27,3.02,0.06884,62.99,8.3,0.05174,59.07,12.22,0.03831,43.82,27.47,0.07416,27.3,43.99,0.18677,61.77,9.52,0.05032,56.07,15.22,0.04058,54.49,16.8,0.04194,51.85,19.44,0.03115,48.41,22.88,0.02935
cifar100,vgg19,pruning_20,pruning_20,False,81.48,1.0,20349348.0,19.258,72.89,91.78,0.04781,97.665,97.857,98.166,97.103,97.583,54.11,18.78,0.08539,40.16,32.73,0.13977,29.49,43.4,0.1984,25.39,47.5,0.21729,21.28,51.61,0.24353,61.67,11.22,0.0653,53.18,19.71,0.0796,37.49,35.4,0.15511,31.32,41.57,0.18985,23.91,48.98,0.23149,65.38,7.51,0.04565,57.61,15.28,0.05183,47.73,25.16,0.07562,30.9,41.99,0.13897,17.9,54.99,0.20599,72.51,0.38,0.05001,70.6,2.29,0.05141,66.93,5.96,0.05557,61.38,11.51,0.06005,48.53,24.36,0.10104,28.53,44.36,0.26027,29.4,43.49,0.24727,32.99,39.9,0.2148,20.56,52.33,0.31306,23.09,49.8,0.28552,67.65,5.24,0.05064,61.8,11.09,0.05948,54.94,17.95,0.07216,54.96,17.93,0.07253,48.36,24.53,0.09589,66.21,6.68,0.05791,64.87,8.02,0.05429,61.59,11.3,0.05655,57.69,15.2,0.06729,52.03,20.86,0.07951,66.34,6.55,0.05625,52.18,20.71,0.08831,55.51,17.38,0.07881,53.94,18.95,0.07369,47.5,25.39,0.11871,66.38,6.51,0.05806,59.58,13.31,0.06496,50.04,22.85,0.10996,47.85,25.04,0.12429,39.23,33.66,0.18033,72.12,0.77,0.04942,70.59,2.3,0.05182,67.56,5.33,0.05413,61.97,10.92,0.06826,45.54,27.35,0.11954,72.64,0.25,0.0511,71.83,1.06,0.05058,71.17,1.72,0.05331,70.34,2.55,0.05313,68.03,4.86,0.05361,72.62,0.27,0.04718,70.88,2.01,0.05304,69.29,3.6,0.05471,67.06,5.83,0.05253,54.68,18.21,0.07455,65.05,7.84,0.05844,66.13,6.76,0.05841,62.28,10.61,0.06228,55.31,17.58,0.06647,48.25,24.64,0.07728,69.88,3.01,0.05214,63.59,9.3,0.06027,59.22,13.67,0.07279,42.49,30.4,0.16397,25.55,47.34,0.30779,62.43,10.46,0.05824,56.66,16.23,0.06338,54.3,18.59,0.0661,51.74,21.15,0.07211,47.99,24.9,0.08079
cifar100,vgg19,pruning_50,pruning_50,False,81.48,1.0,20349348.0,14.254,72.63,91.69,0.05298,97.903,97.678,98.145,97.28,98.453,54.12,18.51,0.08078,39.89,32.74,0.14032,29.11,43.52,0.19749,25.13,47.5,0.21532,21.4,51.23,0.23838,61.82,10.81,0.05899,53.0,19.63,0.07814,37.39,35.24,0.15025,31.69,40.94,0.17932,24.31,48.32,0.22139,64.93,7.7,0.0506,57.32,15.31,0.05826,48.42,24.21,0.0709,31.56,41.07,0.1304,18.89,53.74,0.19094,72.21,0.42,0.05035,70.68,1.95,0.05054,66.94,5.69,0.05604,61.7,10.93,0.06125,49.39,23.24,0.09156,28.68,43.95,0.26814,29.87,42.76,0.24595,32.87,39.76,0.21673,20.53,52.1,0.32002,23.25,49.38,0.28834,66.92,5.71,0.05639,61.5,11.13,0.06097,54.49,18.14,0.07507,54.86,17.77,0.07075,48.34,24.29,0.09231,66.53,6.1,0.05197,64.92,7.71,0.05216,61.47,11.16,0.05723,57.85,14.78,0.06802,51.88,20.75,0.0836,65.88,6.75,0.05905,52.13,20.5,0.08605,55.9,16.73,0.07581,53.29,19.34,0.07951,47.54,25.09,0.11414,66.0,6.63,0.05912,59.2,13.43,0.07174,49.11,23.52,0.11539,46.92,25.71,0.132,38.49,34.14,0.18333,72.35,0.28,0.05092,70.39,2.24,0.0494,67.42,5.21,0.0513,62.4,10.23,0.05507,45.57,27.06,0.11903,72.31,0.32,0.04992,72.03,0.6,0.05178,71.63,1.0,0.05211,70.78,1.85,0.05413,68.43,4.2,0.05509,72.14,0.49,0.0529,70.19,2.44,0.05485,68.72,3.91,0.05743,66.26,6.37,0.05782,53.75,18.88,0.08062,64.96,7.67,0.05927,66.07,6.56,0.04927,62.2,10.43,0.05898,55.81,16.82,0.06459,49.27,23.36,0.07269,69.79,2.84,0.05214,63.87,8.76,0.05519,58.36,14.27,0.07518,41.96,30.67,0.16828,24.83,47.8,0.31211,62.12,10.51,0.0637,56.14,16.49,0.06533,53.59,19.04,0.07229,50.91,21.72,0.07864,47.24,25.39,0.08546
cifar100,vgg19,pruning_70,pruning_70,False,81.48,1.0,20349348.0,16.455,72.21,91.72,0.04758,98.26,98.374,97.926,97.659,99.11,53.98,18.23,0.08582,39.77,32.44,0.13985,28.68,43.53,0.20057,24.44,47.77,0.21636,20.68,51.53,0.23708,61.37,10.84,0.06664,52.89,19.32,0.08613,37.03,35.18,0.15641,31.42,40.79,0.18383,23.81,48.4,0.22127,65.13,7.08,0.04825,57.65,14.56,0.05155,47.79,24.42,0.07302,30.22,41.99,0.13903,17.75,54.46,0.19487,71.75,0.46,0.04972,70.16,2.05,0.05165,66.7,5.51,0.05346,61.83,10.38,0.05585,49.38,22.83,0.09014,28.98,43.23,0.25322,29.92,42.29,0.23892,32.98,39.23,0.21554,20.98,51.23,0.30078,23.63,48.58,0.27528,67.07,5.14,0.05017,61.35,10.86,0.06114,54.83,17.38,0.07544,54.86,17.35,0.07688,48.52,23.69,0.09349,66.26,5.95,0.05157,64.84,7.37,0.05315,61.76,10.45,0.05684,58.38,13.83,0.06143,53.18,19.03,0.07238,66.21,6.0,0.05137,52.16,20.05,0.08895,55.26,16.95,0.07414,53.14,19.07,0.07964,47.14,25.07,0.1145,66.05,6.16,0.05592,59.13,13.08,0.07371,49.44,22.77,0.10789,47.42,24.79,0.12109,39.24,32.97,0.17357,71.65,0.56,0.04893,70.33,1.88,0.05287,67.19,5.02,0.05371,61.98,10.23,0.05854,45.08,27.13,0.12132,72.33,-0.12,0.04792,71.82,0.39,0.05121,71.54,0.67,0.05201,70.34,1.87,0.05204,68.0,4.21,0.05594,71.63,0.58,0.05041,70.06,2.15,0.05338,68.48,3.73,0.05394,65.65,6.56,0.05684,52.44,19.77,0.08578,64.81,7.4,0.05252,65.69,6.52,0.05526,62.2,10.01,0.05832,55.04,17.17,0.0658,47.9,24.31,0.07893,69.56,2.65,0.04772,63.85,8.36,0.05472,58.61,13.6,0.07472,42.12,30.09,0.16636,24.93,47.28,0.31225,62.15,10.06,0.06097,56.24,15.97,0.06486,53.6,18.61,0.07209,51.0,21.21,0.07928,47.32,24.89,0.08602
cifar100,vgg19,pruning_90,pruning_90,False,81.48,1.0,20349348.0,16.761,72.12,91.38,0.04225,98.938,99.255,98.745,98.542,99.287,53.71,18.41,0.07541,38.96,33.16,0.14218,28.62,43.5,0.19974,23.61,48.51,0.22594,20.03,52.09,0.24559,61.33,10.79,0.05213,51.96,20.16,0.08224,36.22,35.9,0.15683,30.64,41.48,0.18853,23.2,48.92,0.22952,64.96,7.16,0.03987,57.29,14.83,0.04373,47.08,25.04,0.06887,30.05,42.07,0.13261,16.86,55.26,0.19511,71.63,0.49,0.04596,70.0,2.12,0.04377,66.65,5.47,0.04614,61.34,10.78,0.05355,49.27,22.85,0.08592,28.21,43.91,0.26028,29.24,42.88,0.24611,32.04,40.08,0.22453,20.69,51.43,0.31183,23.34,48.78,0.28289,66.42,5.7,0.05124,61.32,10.8,0.05536,54.12,18.0,0.06939,54.3,17.82,0.06797,48.05,24.07,0.09118,65.98,6.14,0.04351,64.67,7.45,0.05042,61.44,10.68,0.05192,57.98,14.14,0.05961,52.64,19.48,0.0695,66.01,6.11,0.04662,51.87,20.25,0.08404,55.54,16.58,0.0731,52.83,19.29,0.0801,46.78,25.34,0.112,65.55,6.57,0.04929,58.99,13.13,0.06381,49.13,22.99,0.10485,46.69,25.43,0.12145,38.34,33.78,0.17788,71.34,0.78,0.04695,69.76,2.36,0.05119,67.0,5.12,0.05534,62.05,10.07,0.05569,45.06,27.06,0.11313,71.84,0.28,0.04448,71.46,0.66,0.04543,70.95,1.17,0.04466,69.81,2.31,0.04737,67.62,4.5,0.05236,71.5,0.62,0.04783,69.96,2.16,0.04943,68.36,3.76,0.0507,65.43,6.69,0.05423,52.94,19.18,0.07879,64.64,7.48,0.05074,65.43,6.69,0.04915,62.07,10.05,0.05143,55.1,17.02,0.05661,47.7,24.42,0.07622,69.35,2.77,0.04385,64.07,8.05,0.05543,59.09,13.03,0.06499,42.26,29.86,0.15197,24.86,47.26,0.29085,61.28,10.84,0.06245,55.86,16.26,0.06055,53.42,18.7,0.06811,50.74,21.38,0.07189,47.71,24.41,0.0755
cifar100,vgg19,kd_temp2,kd_temp2,False,81.48,1.0,20349348.0,14.323,74.01,92.27,0.06594,93.745,95.429,93.246,92.708,94.018,56.65,17.36,0.04584,42.32,31.69,0.08042,31.12,42.89,0.12998,26.22,47.79,0.15066,22.31,51.7,0.17018,63.38,10.63,0.04048,55.14,18.87,0.04408,39.01,35.0,0.09854,33.26,40.75,0.12599,25.27,48.74,0.16082,66.91,7.1,0.05463,59.15,14.86,0.04656,49.66,24.35,0.02634,31.52,42.49,0.07048,18.04,55.97,0.13835,73.68,0.33,0.06346,72.06,1.95,0.05768,68.63,5.38,0.04938,63.6,10.41,0.0433,51.76,22.25,0.05068,30.42,43.59,0.19177,31.9,42.11,0.17641,34.7,39.31,0.15232,22.21,51.8,0.25119,24.45,49.56,0.22396,69.12,4.89,0.05319,63.7,10.31,0.03826,57.5,16.51,0.04203,57.96,16.05,0.03116,51.85,22.16,0.03792,68.32,5.69,0.05088,67.05,6.96,0.05204,64.08,9.93,0.04406,60.61,13.4,0.03547,54.78,19.23,0.03382,68.11,5.9,0.05103,54.83,19.18,0.04976,58.46,15.55,0.04036,56.35,17.66,0.03964,50.33,23.68,0.06196,67.92,6.09,0.04684,61.3,12.71,0.04181,51.36,22.65,0.06449,49.69,24.32,0.06948,41.17,32.84,0.11176,73.41,0.6,0.06298,71.75,2.26,0.06095,68.77,5.24,0.0493,63.98,10.03,0.04224,47.59,26.42,0.06941,73.61,0.4,0.06184,73.32,0.69,0.06033,72.71,1.3,0.06037,71.97,2.04,0.06097,69.25,4.76,0.05225,73.23,0.78,0.06214,71.35,2.66,0.05755,69.41,4.6,0.04854,66.56,7.45,0.04184,52.53,21.48,0.0569,67.22,6.79,0.04694,68.23,5.78,0.05139,64.99,9.02,0.04261,58.1,15.91,0.0366,51.25,22.76,0.02901,71.37,2.64,0.05506,66.31,7.7,0.04966,61.21,12.8,0.04665,44.69,29.32,0.11213,26.23,47.78,0.25335,64.16,9.85,0.04389,59.14,14.87,0.03251,56.94,17.07,0.03236,53.8,20.21,0.03436,50.75,23.26,0.03016
cifar100,vgg19,kd_temp4,kd_temp4,False,81.48,1.0,20349348.0,14.367,74.13,92.79,0.08034,93.76,95.941,94.505,92.228,92.913,55.96,18.17,0.04524,41.06,33.07,0.07473,30.32,43.81,0.11686,25.11,49.02,0.14526,21.3,52.83,0.16369,63.11,11.02,0.04872,54.48,19.65,0.04155,38.14,35.99,0.08698,31.95,42.18,0.11992,24.22,49.91,0.15274,67.25,6.88,0.06907,60.16,13.97,0.05888,50.59,23.54,0.03294,32.17,41.96,0.06114,18.88,55.25,0.12218,73.58,0.55,0.07698,71.92,2.21,0.07163,68.14,5.99,0.06171,62.98,11.15,0.04753,50.3,23.83,0.04624,31.4,42.73,0.16732,32.31,41.82,0.15579,35.37,38.76,0.12484,22.62,51.51,0.23591,25.2,48.93,0.20178,68.87,5.26,0.06226,63.62,10.51,0.0479,56.98,17.15,0.03762,56.95,17.18,0.03325,50.68,23.45,0.03691,67.48,6.65,0.06457,65.99,8.14,0.05577,63.11,11.02,0.04725,59.03,15.1,0.03693,53.21,20.92,0.03494,68.37,5.76,0.06485,55.54,18.59,0.0402,58.67,15.46,0.04012,55.75,18.38,0.03806,49.8,24.33,0.05263,68.07,6.06,0.0637,61.64,12.49,0.04646,51.58,22.55,0.05198,50.15,23.98,0.0509,41.56,32.57,0.09453,73.45,0.68,0.07768,72.04,2.09,0.07561,69.81,4.32,0.07052,64.38,9.75,0.05299,47.9,26.23,0.05817,73.6,0.53,0.07742,73.35,0.78,0.0747,72.76,1.37,0.07424,71.86,2.27,0.06854,69.53,4.6,0.06021,73.44,0.69,0.07632,72.16,1.97,0.07576,70.37,3.76,0.06748,67.12,7.01,0.05486,55.16,18.97,0.04105,66.98,7.15,0.0562,67.65,6.48,0.05825,65.04,9.09,0.05753,58.25,15.88,0.04199,50.58,23.55,0.02589,71.75,2.38,0.07435,66.98,7.15,0.05646,62.46,11.67,0.04548,46.5,27.63,0.07373,28.08,46.05,0.20384,64.18,9.95,0.05288,58.65,15.48,0.03968,56.33,17.8,0.04053,53.85,20.28,0.03766,50.96,23.17,0.02359
cifar100,vgg19,kd_temp8,kd_temp8,False,81.48,1.0,20349348.0,15.498,74.25,92.82,0.08223,92.437,94.114,92.086,91.468,92.497,57.33,16.92,0.04869,43.16,31.09,0.07035,31.73,42.52,0.11487,26.54,47.71,0.1406,22.34,51.91,0.16084,63.91,10.34,0.04929,55.82,18.43,0.04359,40.02,34.23,0.08151,33.88,40.37,0.10582,26.24,48.01,0.1411,67.09,7.16,0.06778,59.84,14.41,0.0541,51.56,22.69,0.03529,33.22,41.03,0.05219,19.12,55.13,0.11527,74.04,0.21,0.08167,72.62,1.63,0.07753,69.5,4.75,0.07046,64.53,9.72,0.0495,53.62,20.63,0.04013,31.07,43.18,0.17636,32.1,42.15,0.16036,34.85,39.4,0.13553,22.93,51.32,0.22702,24.72,49.53,0.20227,69.42,4.83,0.0681,64.11,10.14,0.05365,57.58,16.67,0.03914,58.33,15.92,0.03893,52.01,22.24,0.0351,68.35,5.9,0.06266,67.36,6.89,0.06037,64.64,9.61,0.05364,61.11,13.14,0.04746,55.42,18.83,0.04282,68.19,6.06,0.0649,55.49,18.76,0.042,58.69,15.56,0.04588,55.89,18.36,0.0408,50.66,23.59,0.05523,68.27,5.98,0.06037,61.8,12.45,0.04258,52.18,22.07,0.05116,50.21,24.04,0.05839,41.76,32.49,0.10154,73.81,0.44,0.08084,72.23,2.02,0.07809,69.87,4.38,0.06941,64.98,9.27,0.05438,48.38,25.87,0.05886,74.16,0.09,0.08476,73.68,0.57,0.08017,73.02,1.23,0.07978,72.25,2.0,0.07437,69.94,4.31,0.06399,73.7,0.55,0.07926,71.98,2.27,0.07233,70.42,3.83,0.06735,67.71,6.54,0.06119,53.96,20.29,0.05046,67.89,6.36,0.0632,68.53,5.72,0.06756,65.11,9.14,0.05442,58.71,15.54,0.03934,51.23,23.02,0.03268,72.02,2.23,0.07606,66.6,7.65,0.05871,62.61,11.64,0.05098,45.85,28.4,0.08209,27.55,46.7,0.21735,64.59,9.66,0.05551,59.1,15.15,0.04077,56.97,17.28,0.03478,54.16,20.09,0.0357,51.38,22.87,0.03131
cifar100,vgg19,structured_pruning_30,structured_pruning_30,False,81.482,1.0,20349348.0,12.824,70.9,90.99,0.04979,101.497,101.288,100.567,101.3,102.781,52.11,18.79,0.0728,37.36,33.54,0.13694,26.69,44.21,0.18616,22.58,48.32,0.20775,19.08,51.82,0.22164,59.26,11.64,0.05956,50.75,20.15,0.08238,35.37,35.53,0.1416,29.5,41.4,0.17339,22.34,48.56,0.20546,63.4,7.5,0.03745,55.24,15.66,0.03822,46.04,24.86,0.05812,28.97,41.93,0.1178,17.04,53.86,0.17782,70.92,-0.02,0.0427,69.24,1.66,0.04055,65.38,5.52,0.04821,60.28,10.62,0.04895,48.26,22.64,0.07473,27.11,43.79,0.25313,28.49,42.41,0.23614,30.7,40.2,0.21303,19.91,50.99,0.30603,21.97,48.93,0.281,66.02,4.88,0.04437,60.54,10.36,0.04731,53.4,17.5,0.06303,53.68,17.22,0.0648,47.68,23.22,0.07763,64.86,6.04,0.04236,63.92,6.98,0.03645,60.66,10.24,0.04418,57.49,13.41,0.05197,51.95,18.95,0.06477,64.63,6.27,0.04385,50.42,20.48,0.08322,53.81,17.09,0.0649,51.09,19.81,0.07436,45.55,25.35,0.10487,64.1,6.8,0.05015,57.8,13.1,0.06099,47.86,23.04,0.09911,45.9,25.0,0.11262,37.55,33.35,0.17042,70.43,0.47,0.05066,68.68,2.22,0.04844,66.02,4.88,0.04684,61.02,9.88,0.05029,44.51,26.39,0.1023,70.9,0.0,0.0462,70.38,0.52,0.04366,69.91,0.99,0.0412,69.15,1.75,0.04326,66.7,4.2,0.04418,70.84,0.06,0.03902,69.09,1.81,0.04737,67.46,3.44,0.04075,63.59,7.31,0.04735,46.53,24.37,0.09589,63.34,7.56,0.04925,64.35,6.55,0.04667,60.29,10.61,0.05364,54.37,16.53,0.04611,46.52,24.38,0.0701,67.84,3.06,0.04598,61.62,9.28,0.05714,56.63,14.27,0.07408,41.15,29.75,0.15166,25.03,45.87,0.29043,60.51,10.39,0.05179,54.52,16.38,0.06283,52.61,18.29,0.06548,49.89,21.01,0.0692,47.01,23.89,0.07751
cifar100,vgg19,structured_pruning_50,structured_pruning_50,False,81.482,1.0,20349348.0,14.933,68.26,90.0,0.03691,107.691,105.44,107.107,108.43,109.223,48.89,19.37,0.06307,34.69,33.57,0.12279,24.51,43.75,0.17712,20.97,47.29,0.19805,17.57,50.69,0.21966,56.95,11.31,0.04058,48.29,19.97,0.06247,33.3,34.96,0.12622,27.14,41.12,0.1612,20.67,47.59,0.20071,60.48,7.78,0.03168,51.09,17.17,0.03195,42.01,26.25,0.04934,25.9,42.36,0.1184,15.43,52.83,0.18066,68.01,0.25,0.03735,66.45,1.81,0.03681,62.06,6.2,0.03313,57.31,10.95,0.03491,45.06,23.2,0.07956,24.83,43.43,0.2407,25.81,42.45,0.22993,28.0,40.26,0.20624,18.21,50.05,0.29024,20.08,48.18,0.26783,63.07,5.19,0.0353,57.3,10.96,0.03661,50.87,17.39,0.05102,51.37,16.89,0.04764,44.95,23.31,0.06796,61.98,6.28,0.0316,60.4,7.86,0.0294,56.95,11.31,0.03405,53.68,14.58,0.04155,48.68,19.58,0.05482,62.32,5.94,0.03342,47.63,20.63,0.07399,51.29,16.97,0.05483,48.77,19.49,0.0645,43.72,24.54,0.09089,61.37,6.89,0.03446,54.25,14.01,0.05409,43.83,24.43,0.099,42.08,26.18,0.11467,33.75,34.51,0.17409,68.0,0.26,0.03875,66.32,1.94,0.03686,63.6,4.66,0.03891,58.69,9.57,0.03503,42.31,25.95,0.09132,68.07,0.19,0.03728,67.53,0.73,0.0352,67.02,1.24,0.03418,65.96,2.3,0.0339,63.64,4.62,0.03583,68.08,0.18,0.03998,65.64,2.62,0.03487,63.28,4.98,0.03155,59.29,8.97,0.03586,40.08,28.18,0.09801,60.86,7.4,0.03274,61.47,6.79,0.03766,58.94,9.32,0.03446,51.97,16.29,0.03327,44.2,24.06,0.05364,65.29,2.97,0.04104,59.27,8.99,0.03794,53.84,14.42,0.05822,38.02,30.24,0.14557,22.95,45.31,0.28679,59.19,9.07,0.03343,53.1,15.16,0.03989,50.96,17.3,0.04635,48.81,19.45,0.05105,45.73,22.53,0.05644
cifar100,vgg19,pruning_kd_70,pruning_kd_70,False,81.481,1.0,20349348.0,14.304,73.81,92.67,0.0766,93.322,94.762,93.056,92.642,93.189,56.63,17.18,0.04692,42.11,31.7,0.07643,31.54,42.27,0.11601,26.16,47.65,0.1415,22.93,50.88,0.15375,63.27,10.54,0.04674,54.99,18.82,0.04151,38.82,34.99,0.09057,33.74,40.07,0.10946,25.83,47.98,0.14471,66.8,7.01,0.06245,60.07,13.74,0.05597,50.49,23.32,0.02663,32.82,40.99,0.05307,19.65,54.16,0.106,73.56,0.25,0.07579,72.06,1.75,0.06892,68.78,5.03,0.05757,63.92,9.89,0.04536,52.62,21.19,0.03595,31.01,42.8,0.16852,32.04,41.77,0.15453,35.0,38.81,0.13539,23.0,50.81,0.22241,25.22,48.59,0.19582,68.97,4.84,0.05832,63.97,9.84,0.04716,57.43,16.38,0.03473,57.73,16.08,0.0383,51.12,22.69,0.04135,68.31,5.5,0.0595,67.08,6.73,0.05671,64.07,9.74,0.04732,60.53,13.28,0.04584,54.5,19.31,0.0375,68.16,5.65,0.06032,55.16,18.65,0.04601,58.57,15.24,0.04269,56.29,17.52,0.03935,49.9,23.91,0.06097,67.52,6.29,0.05409,61.2,12.61,0.04286,50.88,22.93,0.06238,49.66,24.15,0.06203,41.24,32.57,0.1028,73.27,0.54,0.0724,72.13,1.68,0.07209,69.47,4.34,0.06507,64.1,9.71,0.04947,47.97,25.84,0.06106,73.56,0.25,0.07253,73.41,0.4,0.07315,72.56,1.25,0.0714,71.84,1.97,0.06816,69.3,4.51,0.05699,73.25,0.56,0.07166,71.42,2.39,0.06294,69.9,3.91,0.06003,66.67,7.14,0.05238,54.24,19.57,0.04622,67.42,6.39,0.06255,67.98,5.83,0.05842,64.79,9.02,0.05384,58.03,15.78,0.03687,50.56,23.25,0.03062,71.62,2.19,0.06643,67.07,6.74,0.05614,61.83,11.98,0.04247,46.15,27.66,0.08549,27.46,46.35,0.23202,64.66,9.15,0.05396,59.2,14.61,0.04072,57.12,16.69,0.03517,54.28,19.53,0.03626,51.02,22.79,0.03053
cifar100,vgg19,fp16,fp16,False,40.752,1.999,20349348.0,14.637,71.76,91.67,0.04201,99.991,99.993,100.015,99.971,99.986,53.24,18.52,0.06961,38.68,33.08,0.12722,28.07,43.69,0.17734,24.1,47.66,0.19199,19.82,51.94,0.21694,60.92,10.84,0.04349,51.58,20.18,0.07585,36.09,35.67,0.13581,30.32,41.44,0.16658,23.04,48.72,0.20424,64.12,7.64,0.04065,55.98,15.78,0.03841,46.52,25.24,0.0582,29.11,42.65,0.11639,16.36,55.4,0.17622,71.19,0.57,0.04102,69.27,2.49,0.04006,65.81,5.95,0.04594,60.39,11.37,0.05362,48.35,23.41,0.07825,27.67,44.09,0.25461,28.78,42.98,0.23731,31.8,39.96,0.2132,20.55,51.21,0.30083,22.32,49.44,0.28175,66.26,5.5,0.04004,60.89,10.87,0.04877,53.91,17.85,0.06459,54.37,17.39,0.05633,48.18,23.58,0.07392,65.44,6.32,0.04016,63.74,8.02,0.04442,60.71,11.05,0.04147,56.99,14.77,0.05452,51.7,20.06,0.06305,65.44,6.32,0.04137,51.37,20.39,0.07579,55.39,16.37,0.06215,53.06,18.7,0.06662,46.61,25.15,0.09799,64.57,7.19,0.04867,57.7,14.06,0.06304,47.48,24.28,0.10678,45.72,26.04,0.11835,36.77,34.99,0.18261,71.05,0.71,0.04686,69.03,2.73,0.04438,66.54,5.22,0.04376,61.57,10.19,0.04773,44.63,27.13,0.10434,71.64,0.12,0.04104,71.08,0.68,0.04002,70.4,1.36,0.04285,69.51,2.25,0.04373,67.06,4.7,0.04213,71.01,0.75,0.0437,68.85,2.91,0.044,67.22,4.54,0.04264,64.3,7.46,0.04824,50.66,21.1,0.08225,64.24,7.52,0.04483,65.58,6.18,0.03796,61.8,9.96,0.04664,54.9,16.86,0.04694,47.84,23.92,0.06212,69.25,2.51,0.03583,63.93,7.83,0.0443,59.04,12.72,0.05632,43.28,28.48,0.13394,25.83,45.93,0.27734,61.28,10.48,0.04881,55.7,16.06,0.05197,53.73,18.03,0.05243,51.11,20.65,0.05726,47.72,24.04,0.06165
cifar100,mobilenetv2,baseline,baseline,False,9.653,1.0,2351972.0,15.368,68.96,91.31,0.0695,100.0,100.0,100.0,100.0,100.0,41.6,27.36,0.03991,26.85,42.11,0.13072,18.41,50.55,0.18785,15.28,53.68,0.21284,12.68,56.28,0.23049,51.14,17.82,0.02012,40.72,28.24,0.04482,24.0,44.96,0.15447,19.71,49.25,0.18283,14.58,54.38,0.2205,63.13,5.83,0.05251,56.2,12.76,0.03404,46.99,21.97,0.01617,29.27,39.69,0.08694,16.52,52.44,0.16748,68.73,0.23,0.07071,66.2,2.76,0.06358,62.06,6.9,0.0511,57.11,11.85,0.03452,45.42,23.54,0.02185,28.02,40.94,0.14291,28.71,40.25,0.13815,31.02,37.94,0.1194,21.49,47.47,0.19079,23.08,45.88,0.17522,61.38,7.58,0.04441,55.96,13.0,0.03252,49.22,19.74,0.01734,49.37,19.59,0.01542,43.34,25.62,0.0281,61.24,7.72,0.04702,59.53,9.43,0.04141,55.92,13.04,0.02891,51.74,17.22,0.01616,45.32,23.64,0.02707,62.98,5.98,0.05331,47.48,21.48,0.02304,51.6,17.36,0.01631,49.13,19.83,0.01728,41.61,27.35,0.04846,60.53,8.43,0.0458,52.95,16.01,0.0174,42.37,26.59,0.04374,40.27,28.69,0.05613,32.41,36.55,0.10117,68.59,0.37,0.0707,66.21,2.75,0.06296,63.38,5.58,0.05528,57.52,11.44,0.03295,40.92,28.04,0.06058,68.86,0.1,0.06921,68.12,0.84,0.06508,67.34,1.62,0.06313,66.16,2.8,0.059,62.96,6.0,0.04768,68.05,0.91,0.06654,65.16,3.8,0.05912,62.74,6.22,0.05294,57.84,11.12,0.03524,40.02,28.94,0.06484,60.69,8.27,0.04192,60.9,8.06,0.04319,58.08,10.88,0.03846,51.19,17.77,0.01714,45.01,23.95,0.01442,65.36,3.6,0.06043,57.59,11.37,0.03279,52.08,16.88,0.01348,33.02,35.94,0.12027,20.41,48.55,0.22934,56.89,12.07,0.02456,50.74,18.22,0.01567,48.06,20.9,0.01614,45.31,23.65,0.02504,41.22,27.74,0.04191
cifar100,mobilenetv2,pruning,pruning,False,9.654,1.0,2351972.0,19.98,69.43,91.51,0.08043,98.581,98.524,97.558,98.834,99.395,42.62,26.81,0.03005,28.1,41.33,0.11864,19.58,49.85,0.17125,16.17,53.26,0.19618,13.68,55.75,0.21142,52.6,16.83,0.02257,41.95,27.48,0.03329,25.24,44.19,0.13952,20.66,48.77,0.17102,15.53,53.9,0.20413,63.49,5.94,0.05957,56.82,12.61,0.03988,48.24,21.19,0.01156,30.38,39.05,0.07594,17.15,52.28,0.15596,69.24,0.19,0.08148,66.65,2.78,0.07082,62.83,6.6,0.05968,58.22,11.21,0.04311,47.12,22.31,0.01732,28.86,40.57,0.14033,29.71,39.72,0.13292,31.94,37.49,0.1117,22.1,47.33,0.19568,24.02,45.41,0.1729,62.64,6.79,0.05529,57.48,11.95,0.04326,50.83,18.6,0.02021,50.9,18.53,0.01644,45.03,24.4,0.02013,61.9,7.53,0.05691,60.64,8.79,0.05355,57.39,12.04,0.04341,53.81,15.62,0.02995,47.18,22.25,0.01636,63.23,6.2,0.06168,47.94,21.49,0.02,51.69,17.74,0.0237,49.24,20.19,0.017,42.21,27.22,0.03832,60.96,8.47,0.05422,53.6,15.83,0.02065,43.23,26.2,0.03512,41.13,28.3,0.04827,33.07,36.36,0.09679,69.18,0.25,0.08246,66.8,2.63,0.0742,64.04,5.39,0.06648,58.27,11.16,0.0429,41.42,28.01,0.05662,69.02,0.41,0.07686,68.57,0.86,0.07522,67.48,1.95,0.06929,66.78,2.65,0.06961,63.69,5.74,0.06015,68.52,0.91,0.0762,65.74,3.69,0.06763,63.3,6.13,0.05986,58.37,11.06,0.03768,40.16,29.27,0.06233,60.96,8.47,0.05,61.95,7.48,0.05793,58.68,10.75,0.04593,51.8,17.63,0.02255,45.37,24.06,0.01211,65.61,3.82,0.07028,57.69,11.74,0.03959,51.39,18.04,0.01325,32.52,36.91,0.11974,19.36,50.07,0.23392,57.45,11.98,0.03372,51.02,18.41,0.01672,48.31,21.12,0.01631,45.69,23.74,0.02013,41.61,27.82,0.0379
cifar100,mobilenetv2,ptq,ptq,True,2.735,3.529,,7.805,68.24,91.21,0.0644,101.618,100.624,101.705,101.568,102.327,41.58,26.66,0.0391,26.44,41.8,0.13529,18.08,50.16,0.19081,15.26,52.98,0.21264,12.86,55.38,0.22777,50.66,17.58,0.01139,40.4,27.84,0.04546,24.2,44.04,0.15221,19.53,48.71,0.1835,14.4,53.84,0.22063,62.22,6.02,0.04698,55.23,13.01,0.0306,46.17,22.07,0.01199,28.38,39.86,0.09262,15.96,52.28,0.17266,68.28,-0.04,0.0694,65.71,2.53,0.06214,61.72,6.52,0.05105,56.27,11.97,0.03259,44.6,23.64,0.02237,27.08,41.16,0.14977,27.91,40.33,0.144,29.94,38.3,0.12745,20.74,47.5,0.19663,22.25,45.99,0.18145,60.77,7.47,0.04324,54.27,13.97,0.02703,47.45,20.79,0.01467,47.66,20.58,0.01991,41.05,27.19,0.0408,60.54,7.7,0.04433,58.79,9.45,0.03812,55.76,12.48,0.03015,51.51,16.73,0.01666,45.33,22.91,0.02578,62.72,5.52,0.05213,46.97,21.27,0.02236,50.98,17.26,0.01918,48.33,19.91,0.01766,41.26,26.98,0.05239,59.73,8.51,0.04096,52.55,15.69,0.01387,41.94,26.3,0.04819,40.46,27.78,0.05266,32.42,35.82,0.10041,67.86,0.38,0.0672,65.3,2.94,0.05987,62.28,5.96,0.05186,55.65,12.59,0.0225,38.07,30.17,0.07924,68.28,-0.04,0.06613,67.65,0.59,0.06204,66.92,1.32,0.06131,66.25,1.99,0.06147,62.59,5.65,0.04533,67.48,0.76,0.06604,64.09,4.15,0.05454,60.85,7.39,0.04254,54.74,13.5,0.01669,33.1,35.14,0.11033,60.19,8.05,0.04242,60.13,8.11,0.03958,57.4,10.84,0.03532,50.4,17.84,0.01671,43.61,24.63,0.01797,64.69,3.55,0.05609,57.11,11.13,0.03028,51.36,16.88,0.01826,32.75,35.49,0.12111,20.39,47.85,0.22695,56.71,11.53,0.02608,50.59,17.65,0.02098,47.79,20.45,0.01749,45.13,23.11,0.02798,41.76,26.48,0.03852
cifar100,mobilenetv2,qat,qat,True,2.735,3.529,,6.422,68.21,90.98,0.0608,102.882,100.063,103.706,102.51,104.544,42.03,26.18,0.04195,27.02,41.19,0.13605,18.46,49.75,0.19345,15.48,52.73,0.21797,12.59,55.62,0.2375,51.16,17.05,0.01168,40.72,27.49,0.04774,24.51,43.7,0.1556,19.71,48.5,0.18966,14.64,53.57,0.22703,62.61,5.6,0.04742,55.42,12.79,0.027,46.9,21.31,0.0103,29.27,38.94,0.09122,16.31,51.9,0.17386,67.34,0.87,0.05919,64.84,3.37,0.05366,60.34,7.87,0.03898,54.21,14.0,0.01662,42.19,26.02,0.04719,27.68,40.53,0.1515,28.51,39.7,0.14426,30.27,37.94,0.12784,21.01,47.2,0.2024,22.8,45.41,0.181,60.19,8.02,0.03833,53.89,14.32,0.02333,46.47,21.74,0.02389,46.64,21.57,0.02417,39.89,28.32,0.05279,59.45,8.76,0.03551,57.63,10.58,0.03053,54.22,13.99,0.02259,50.11,18.1,0.01484,43.48,24.73,0.03888,62.65,5.56,0.05096,47.21,21.0,0.02169,51.29,16.92,0.01715,48.29,19.92,0.02001,41.17,27.04,0.0551,59.79,8.42,0.03698,52.65,15.56,0.01863,42.52,25.69,0.04765,40.41,27.8,0.05523,32.49,35.72,0.10266,67.23,0.98,0.06087,64.66,3.55,0.05599,60.32,7.89,0.03671,53.59,14.62,0.0107,35.94,32.27,0.09751,68.36,-0.15,0.06277,67.58,0.63,0.05949,66.57,1.64,0.05545,65.62,2.59,0.05252,62.66,5.55,0.04286,67.31,0.9,0.06117,62.3,5.91,0.04023,58.98,9.23,0.03394,51.81,16.4,0.0153,28.76,39.45,0.13277,59.01,9.2,0.03318,59.72,8.49,0.03699,56.29,11.92,0.02649,49.52,18.69,0.01381,42.84,25.37,0.02796,64.58,3.63,0.05326,56.57,11.64,0.02451,51.15,17.06,0.01509,32.72,35.49,0.12447,20.23,47.98,0.23246,56.17,12.04,0.01985,50.08,18.13,0.01936,47.22,20.99,0.0242,44.97,23.24,0.03219,40.56,27.65,0.05169
cifar100,mobilenetv2,pruning_qat,pruning_qat,True,2.75,3.51,,6.539,68.37,90.87,0.07149,102.848,100.003,103.406,102.863,104.408,41.78,26.59,0.03526,27.15,41.22,0.12652,18.86,49.51,0.17915,15.5,52.87,0.20475,12.86,55.51,0.22449,51.33,17.04,0.01942,40.81,27.56,0.04082,24.71,43.66,0.14402,20.09,48.28,0.17631,14.83,53.54,0.21284,62.19,6.18,0.05116,55.61,12.76,0.03486,46.66,21.71,0.01057,28.97,39.4,0.08496,16.33,52.04,0.16012,67.69,0.68,0.06926,64.67,3.7,0.05878,60.65,7.72,0.04874,54.92,13.45,0.02582,42.6,25.77,0.03525,27.72,40.65,0.14236,28.65,39.72,0.13449,30.28,38.09,0.11978,21.1,47.27,0.19367,22.65,45.72,0.17763,59.93,8.44,0.0434,53.59,14.78,0.02611,46.42,21.95,0.01884,47.0,21.37,0.01431,39.27,29.1,0.04819,59.32,9.05,0.04542,58.03,10.34,0.04066,54.6,13.77,0.02868,50.35,18.02,0.01128,44.23,24.14,0.02418,63.24,5.13,0.06405,47.12,21.25,0.01977,51.28,17.09,0.01927,48.6,19.77,0.01973,41.04,27.33,0.05259,59.51,8.86,0.04472,51.81,16.56,0.01807,42.02,26.35,0.04107,39.97,28.4,0.05448,31.52,36.85,0.10629,67.28,1.09,0.06821,64.01,4.36,0.05743,60.52,7.85,0.04733,53.31,15.06,0.01663,34.89,33.48,0.09979,68.03,0.34,0.06975,67.59,0.78,0.06701,66.85,1.52,0.06431,66.04,2.33,0.06325,62.75,5.62,0.05218,67.03,1.34,0.06746,62.26,6.11,0.04764,58.75,9.62,0.0379,50.89,17.48,0.01645,27.13,41.24,0.14705,59.04,9.33,0.03962,59.42,8.95,0.04313,56.35,12.02,0.03649,49.33,19.04,0.01114,42.9,25.47,0.01816,65.09,3.28,0.06437,57.44,10.93,0.03532,51.12,17.25,0.01209,34.08,34.29,0.11001,20.81,47.56,0.22585,56.42,11.95,0.02745,50.49,17.88,0.01103,48.02,20.35,0.01754,45.13,23.24,0.02567,41.48,26.89,0.03743
cifar100,mobilenetv2,pruning_kd,pruning_kd,False,9.655,1.0,2351972.0,18.447,71.18,92.55,0.08231,95.535,97.374,94.81,95.174,95.243,42.81,28.37,0.02236,28.15,43.03,0.10443,19.59,51.59,0.15844,16.4,54.78,0.18121,13.62,57.56,0.19762,53.19,17.99,0.0324,42.12,29.06,0.02449,24.84,46.34,0.13493,20.86,50.32,0.1556,15.56,55.62,0.19105,65.68,5.5,0.0706,59.02,12.16,0.05553,50.07,21.11,0.027,31.75,39.43,0.05597,18.69,52.49,0.12492,70.69,0.49,0.07961,68.49,2.69,0.07438,64.9,6.28,0.06639,60.49,10.69,0.05199,49.53,21.65,0.01833,28.38,42.8,0.14249,29.28,41.9,0.13399,31.59,39.59,0.1129,21.69,49.49,0.19737,23.56,47.62,0.1712,64.13,7.05,0.06264,58.45,12.73,0.04593,51.59,19.59,0.01913,52.2,18.98,0.02195,45.18,26.0,0.02006,64.17,7.01,0.065,62.75,8.43,0.06109,59.67,11.51,0.0533,55.41,15.77,0.03367,49.38,21.8,0.01542,65.42,5.76,0.07123,49.78,21.4,0.01505,53.88,17.3,0.02418,51.09,20.09,0.01541,42.96,28.22,0.03629,62.43,8.75,0.06137,54.24,16.94,0.02605,43.49,27.69,0.03286,41.47,29.71,0.04516,33.14,38.04,0.0922,70.81,0.37,0.08323,68.49,2.69,0.07711,65.66,5.52,0.07113,60.07,11.11,0.05122,42.45,28.73,0.04462,71.14,0.04,0.08339,70.56,0.62,0.08137,69.87,1.31,0.08082,68.53,2.65,0.07537,65.81,5.37,0.06977,70.66,0.52,0.0834,67.22,3.96,0.07241,64.79,6.39,0.06673,60.14,11.04,0.04973,41.52,29.66,0.04519,63.2,7.98,0.06103,63.39,7.79,0.05917,61.36,9.82,0.06015,54.34,16.84,0.03617,46.84,24.34,0.01325,67.81,3.37,0.07458,59.96,11.22,0.05147,53.55,17.63,0.02291,34.11,37.07,0.10527,20.63,50.55,0.21392,59.56,11.62,0.04553,53.57,17.61,0.03162,50.74,20.44,0.02572,47.88,23.3,0.01533,43.9,27.28,0.02592
cifar100,mobilenetv2,quant_int8,quant_int8,True,2.75,3.51,,4.501,68.7,91.2,0.06773,101.704,100.626,101.85,101.731,102.342,41.08,27.62,0.04513,26.69,42.01,0.13388,18.17,50.53,0.19009,15.32,53.38,0.21124,12.82,55.88,0.22878,50.53,18.17,0.01832,40.03,28.67,0.05038,24.18,44.52,0.1534,19.84,48.86,0.182,14.38,54.32,0.22234,62.85,5.85,0.05131,54.88,13.82,0.02743,46.09,22.61,0.01368,28.2,40.5,0.09674,16.22,52.48,0.17155,68.21,0.49,0.0661,65.79,2.91,0.06174,61.46,7.24,0.04864,56.17,12.53,0.02784,44.51,24.19,0.02467,27.0,41.7,0.15026,27.87,40.83,0.14477,29.9,38.8,0.12688,20.8,47.9,0.19532,22.35,46.35,0.18018,60.95,7.75,0.04424,54.31,14.39,0.02525,47.31,21.39,0.02056,47.17,21.53,0.02055,40.83,27.87,0.0427,60.69,8.01,0.0459,59.14,9.56,0.04153,55.78,12.92,0.03041,51.5,17.2,0.01437,44.6,24.1,0.02774,62.46,6.24,0.05008,46.91,21.79,0.02266,51.07,17.63,0.01515,48.58,20.12,0.01679,40.92,27.78,0.05585,59.95,8.75,0.0422,52.47,16.23,0.01566,41.8,26.9,0.05005,40.02,28.68,0.05854,32.12,36.58,0.10292,68.08,0.62,0.06868,65.07,3.63,0.0566,61.86,6.84,0.04754,55.27,13.43,0.02345,37.68,31.02,0.0845,68.63,0.07,0.06804,67.94,0.76,0.06403,66.91,1.79,0.05994,66.04,2.66,0.05915,62.74,5.96,0.04706,67.47,1.23,0.06353,63.93,4.77,0.05339,60.88,7.82,0.04291,54.88,13.82,0.02024,33.04,35.66,0.1128,60.46,8.24,0.04376,60.28,8.42,0.03855,57.37,11.33,0.03449,50.29,18.41,0.01853,43.38,25.32,0.02097,64.82,3.88,0.05595,57.23,11.47,0.02966,51.38,17.32,0.01438,32.76,35.94,0.12309,20.24,48.46,0.23139,56.29,12.41,0.02658,50.73,17.97,0.01178,47.94,20.76,0.02093,45.12,23.58,0.02772,41.64,27.06,0.04093
cifar100,mobilenetv2,sparsity,sparsity,False,9.655,1.0,2351972.0,24.408,69.25,91.57,0.07602,99.142,99.497,98.346,99.436,99.377,41.21,28.04,0.04043,26.87,42.38,0.12975,18.54,50.71,0.18172,15.68,53.57,0.20288,13.2,56.05,0.21909,51.42,17.83,0.0179,40.87,28.38,0.03967,24.55,44.7,0.14588,19.7,49.55,0.18067,14.88,54.37,0.21104,63.8,5.45,0.06196,56.71,12.54,0.04082,48.13,21.12,0.01257,29.68,39.57,0.08007,16.58,52.67,0.15963,68.96,0.29,0.07555,66.66,2.59,0.06894,63.0,6.25,0.05903,58.37,10.88,0.04541,46.62,22.63,0.01359,28.37,40.88,0.13799,29.07,40.18,0.133,31.23,38.02,0.11433,21.81,47.44,0.18624,23.28,45.97,0.1751,62.29,6.96,0.0524,57.01,12.24,0.03887,50.2,19.05,0.01496,50.45,18.8,0.01783,44.17,25.08,0.02395,62.02,7.23,0.05703,60.65,8.6,0.05404,57.25,12.0,0.04246,52.73,16.52,0.02134,46.01,23.24,0.02189,63.57,5.68,0.06314,47.93,21.32,0.01664,51.76,17.49,0.02238,49.56,19.69,0.01204,41.42,27.83,0.04478,60.28,8.97,0.04777,53.03,16.22,0.0228,42.31,26.94,0.03733,40.34,28.91,0.0499,32.17,37.08,0.09535,68.85,0.4,0.07633,66.49,2.76,0.06879,63.44,5.81,0.0598,58.05,11.2,0.04105,40.32,28.93,0.06562,69.03,0.22,0.07476,68.66,0.59,0.07362,67.63,1.62,0.06892,66.82,2.43,0.06808,63.9,5.35,0.05822,68.57,0.68,0.0744,65.41,3.84,0.06362,62.52,6.73,0.05394,57.68,11.57,0.03293,39.6,29.65,0.06678,61.11,8.14,0.04915,61.84,7.41,0.05499,58.79,10.46,0.04632,51.77,17.48,0.02375,45.17,24.08,0.0161,66.2,3.05,0.07076,58.75,10.5,0.0453,52.43,16.82,0.01569,33.38,35.87,0.11521,20.03,49.22,0.23019,57.32,11.93,0.03503,51.06,18.19,0.01738,47.81,21.44,0.01926,45.37,23.88,0.0237,41.68,27.57,0.03424
cifar100,mobilenetv2,sparsity_quant_int8,sparsity_quant_int8,True,2.753,3.507,,8.875,68.37,90.85,0.07697,101.814,100.388,101.451,102.283,102.778,41.8,26.57,0.03129,27.2,41.17,0.12498,18.4,49.97,0.18423,14.88,53.49,0.21466,12.18,56.19,0.23445,51.09,17.28,0.01986,41.22,27.15,0.03431,24.07,44.3,0.14865,19.69,48.68,0.17993,14.04,54.33,0.22343,62.89,5.48,0.06173,55.65,12.72,0.04077,46.8,21.57,0.01364,28.37,40.0,0.08316,15.35,53.02,0.17081,68.11,0.26,0.07655,65.92,2.45,0.07302,61.75,6.62,0.05953,56.24,12.13,0.04066,44.02,24.35,0.01826,27.44,40.93,0.14698,28.42,39.95,0.13648,30.52,37.85,0.11653,20.65,47.72,0.20214,22.56,45.81,0.17992,61.51,6.86,0.05794,54.68,13.69,0.03339,47.56,20.81,0.01619,47.61,20.76,0.01762,40.67,27.7,0.03716,60.38,7.99,0.05711,59.53,8.84,0.05929,56.03,12.34,0.0492,51.76,16.61,0.02948,45.33,23.04,0.0104,62.49,5.88,0.06303,47.21,21.16,0.01301,50.94,17.43,0.01861,48.2,20.17,0.01702,41.21,27.16,0.03925,59.74,8.63,0.05047,51.68,16.69,0.01771,41.21,27.16,0.04391,39.41,28.96,0.05632,30.99,37.38,0.10649,67.89,0.48,0.07758,65.1,3.27,0.06823,61.2,7.17,0.05448,55.02,13.35,0.0324,37.16,31.21,0.07281,68.38,-0.01,0.07849,67.99,0.38,0.07877,66.95,1.42,0.07217,65.82,2.55,0.06863,62.71,5.66,0.05725,67.45,0.92,0.07409,63.65,4.72,0.06027,60.18,8.19,0.04749,53.93,14.44,0.02036,31.48,36.89,0.11468,59.71,8.66,0.04886,60.79,7.58,0.05647,57.5,10.87,0.04354,50.59,17.78,0.02256,43.47,24.9,0.01671,65.26,3.11,0.0702,56.34,12.03,0.03144,50.72,17.65,0.016,31.29,37.08,0.13176,18.56,49.81,0.24728,57.22,11.15,0.03928,50.89,17.48,0.02013,48.72,19.65,0.01819,46.13,22.24,0.01792,42.37,26.0,0.02866
cifar100,mobilenetv2,clustering,clustering,False,9.655,1.0,2351972.0,17.928,47.31,77.65,0.01538,149.778,118.622,157.647,155.236,159.818,28.94,18.37,0.10233,18.8,28.51,0.19022,12.3,35.01,0.25314,10.2,37.11,0.27373,8.63,38.68,0.28831,35.31,12.0,0.05144,27.83,19.48,0.10568,16.46,30.85,0.21345,13.25,34.06,0.24603,9.33,37.98,0.28932,39.04,8.27,0.03244,31.29,16.02,0.07399,25.06,22.25,0.10954,14.29,33.02,0.19569,7.94,39.37,0.24908,43.95,3.36,0.01598,37.09,10.22,0.05503,30.19,17.12,0.10593,23.1,24.21,0.17058,13.15,34.16,0.29046,13.76,33.55,0.21806,14.05,33.26,0.22153,13.43,33.88,0.24253,10.33,36.98,0.25335,9.71,37.6,0.27745,31.42,15.89,0.0858,21.86,25.45,0.17321,15.65,31.66,0.25084,15.73,31.58,0.25092,11.47,35.84,0.32301,33.32,13.99,0.07557,28.49,18.82,0.11849,24.38,22.93,0.15807,19.35,27.96,0.21457,15.13,32.18,0.27149,42.85,4.46,0.0184,29.84,17.47,0.10126,31.47,15.84,0.08396,27.12,20.19,0.11819,21.39,25.92,0.18312,38.65,8.66,0.03584,31.48,15.83,0.08083,22.57,24.74,0.14896,21.98,25.33,0.15453,16.72,30.59,0.19506,44.42,2.89,0.01756,37.92,9.39,0.05796,30.73,16.58,0.11174,22.56,24.75,0.19226,10.22,37.09,0.36621,46.95,0.36,0.01517,45.68,1.63,0.01857,44.04,3.27,0.0209,42.14,5.17,0.03192,37.16,10.15,0.05857,42.14,5.17,0.02555,30.84,16.47,0.10822,23.11,24.2,0.17731,14.5,32.81,0.27195,3.1,44.21,0.4255,32.77,14.54,0.07099,31.38,15.93,0.08604,28.0,19.31,0.10824,24.3,23.01,0.12896,18.36,28.95,0.18422,37.49,9.82,0.0563,27.05,20.26,0.13524,23.38,23.93,0.16532,14.18,33.13,0.25867,9.94,37.37,0.31521,31.64,15.67,0.08986,25.9,21.41,0.12859,23.9,23.41,0.1431,21.88,25.43,0.15813,20.05,27.26,0.16707
cifar100,mobilenetv2,clustering_quant_int8,clustering_quant_int8,True,2.753,3.506,,5.518,45.02,76.65,0.01378,151.662,118.567,159.715,158.162,161.929,28.32,16.7,0.07245,17.38,27.64,0.16831,11.31,33.71,0.2334,9.09,35.93,0.25514,7.74,37.28,0.26492,34.35,10.67,0.03061,27.07,17.95,0.07793,15.44,29.58,0.18657,11.96,33.06,0.2235,8.45,36.57,0.26172,39.64,5.38,0.01862,33.87,11.15,0.0396,27.55,17.47,0.0659,16.28,28.74,0.13333,8.56,36.46,0.19161,41.91,3.11,0.01101,34.72,10.3,0.05324,27.38,17.64,0.10625,21.13,23.89,0.15885,12.25,32.77,0.25719,15.83,29.19,0.17001,16.42,28.6,0.16677,15.14,29.88,0.18826,11.67,33.35,0.20554,11.35,33.67,0.22025,29.79,15.23,0.07971,21.29,23.73,0.1525,15.36,29.66,0.22303,15.61,29.41,0.2207,11.24,33.78,0.29177,28.43,16.59,0.09441,25.83,19.19,0.11268,22.04,22.98,0.14419,18.97,26.05,0.17391,15.12,29.9,0.21512,42.71,2.31,0.01541,30.77,14.25,0.07056,33.18,11.84,0.0532,28.35,16.67,0.08971,23.33,21.69,0.13623,37.93,7.09,0.02426,30.71,14.31,0.06977,21.42,23.6,0.14056,20.42,24.6,0.14321,15.25,29.77,0.1828,41.26,3.76,0.02018,33.7,11.32,0.06754,27.07,17.95,0.12524,19.73,25.29,0.20817,8.48,36.54,0.39003,44.98,0.04,0.01376,44.17,0.85,0.0126,42.99,2.03,0.0136,41.01,4.01,0.01945,35.77,9.25,0.05436,39.29,5.73,0.02747,25.89,19.13,0.1311,17.74,27.28,0.22506,9.35,35.67,0.3703,1.52,43.5,0.67301,30.64,14.38,0.07289,29.53,15.49,0.08216,25.4,19.62,0.11286,20.91,24.11,0.14892,17.55,27.47,0.18265,38.88,6.14,0.02703,30.17,14.85,0.0755,26.54,18.48,0.1013,17.04,27.98,0.17681,12.64,32.38,0.22115,32.44,12.58,0.06029,26.33,18.69,0.09932,24.11,20.91,0.11301,22.79,22.23,0.11794,20.65,24.37,0.12986
cifar100,mobilenetv2,sparsity_clustering,sparsity_clustering,False,9.658,0.999,2351972.0,22.002,44.31,74.89,0.0306,154.219,122.658,159.316,163.999,163.012,22.7,21.61,0.0898,14.0,30.31,0.15865,10.09,34.22,0.18737,8.34,35.97,0.19878,7.18,37.13,0.20513,28.86,15.45,0.04635,21.78,22.53,0.09405,12.96,31.35,0.16408,10.8,33.51,0.18204,7.85,36.46,0.20174,37.36,6.95,0.01629,29.85,14.46,0.04216,23.63,20.68,0.075,13.16,31.15,0.14199,7.54,36.77,0.17791,41.16,3.15,0.01844,35.07,9.24,0.019,28.25,16.06,0.05565,22.41,21.9,0.09038,13.36,30.95,0.16,13.03,31.28,0.14233,13.24,31.07,0.14215,12.91,31.4,0.15353,9.74,34.57,0.16522,9.57,34.74,0.17973,29.1,15.21,0.04217,21.24,23.07,0.09376,16.36,27.95,0.1333,15.96,28.35,0.13756,12.72,31.59,0.17457,30.67,13.64,0.03645,26.71,17.6,0.06131,23.24,21.07,0.08392,19.63,24.68,0.11161,15.9,28.41,0.14497,39.57,4.74,0.01359,25.24,19.07,0.08341,27.89,16.42,0.06149,25.12,19.19,0.07806,18.64,25.67,0.14362,32.99,11.32,0.0291,25.21,19.1,0.07786,16.29,28.02,0.14586,15.21,29.1,0.15352,10.8,33.51,0.19362,40.01,4.3,0.01244,33.14,11.17,0.02972,27.63,16.68,0.0625,20.87,23.44,0.10615,11.51,32.8,0.17089,43.5,0.81,0.0274,42.32,1.99,0.02044,40.57,3.74,0.01433,38.39,5.92,0.01668,33.08,11.23,0.03084,37.37,6.94,0.01088,26.67,17.64,0.06557,19.94,24.37,0.10567,12.97,31.34,0.14458,3.66,40.65,0.17594,30.21,14.1,0.0427,29.88,14.43,0.04227,26.31,18.0,0.06083,22.89,21.42,0.07523,17.95,26.36,0.11122,35.64,8.67,0.0262,26.39,17.92,0.09204,22.76,21.55,0.12032,13.87,30.44,0.20159,9.97,34.34,0.23204,30.07,14.24,0.04879,25.19,19.12,0.08068,23.17,21.14,0.09511,21.49,22.82,0.10461,18.81,25.5,0.12291
cifar100,mobilenetv2,sparsity_clustering_quant_int8,sparsity_clustering_quant_int8,True,2.756,3.503,,4.365,48.92,78.11,0.03545,148.307,123.703,152.963,154.144,156.266,22.33,26.59,0.16678,12.61,36.31,0.27314,7.93,40.99,0.332,6.5,42.42,0.35027,5.5,43.42,0.35943,29.87,19.05,0.09506,20.15,28.77,0.1851,10.15,38.77,0.30353,7.5,41.42,0.33966,5.32,43.6,0.365,41.45,7.47,0.01242,32.42,16.5,0.05487,24.07,24.85,0.10962,11.71,37.21,0.21646,6.05,42.87,0.28004,46.27,2.65,0.01895,40.82,8.1,0.02309,33.61,15.31,0.05498,26.38,22.54,0.10592,15.6,33.32,0.21114,12.34,36.58,0.22519,12.91,36.01,0.22253,12.18,36.74,0.24664,9.3,39.62,0.24897,8.68,40.24,0.28002,34.55,14.37,0.04391,25.81,23.11,0.09843,19.75,29.17,0.14613,19.85,29.07,0.1434,15.78,33.14,0.18376,33.92,15.0,0.04445,30.41,18.51,0.07065,26.18,22.74,0.10149,22.66,26.26,0.12959,17.92,31.0,0.17119,43.38,5.54,0.02058,27.46,21.46,0.10796,30.72,18.2,0.07733,27.14,21.78,0.10175,20.96,27.96,0.16553,36.88,12.04,0.04283,28.83,20.09,0.09293,19.76,29.16,0.16717,18.02,30.9,0.18308,12.89,36.03,0.23137,45.46,3.46,0.01854,38.33,10.59,0.03513,31.78,17.14,0.07897,23.75,25.17,0.14203,11.29,37.63,0.27042,48.99,-0.07,0.03234,48.34,0.58,0.02777,47.21,1.71,0.02585,45.04,3.88,0.01952,41.01,7.91,0.022,43.14,5.78,0.02042,31.91,17.01,0.08708,24.24,24.68,0.15531,14.9,34.02,0.26179,3.53,45.39,0.48131,34.84,14.08,0.04229,34.57,14.35,0.04673,30.71,18.21,0.06498,25.84,23.08,0.09101,19.83,29.09,0.14238,41.53,7.39,0.02237,31.94,16.98,0.08484,28.04,20.88,0.11909,16.38,32.54,0.23906,11.03,37.89,0.30871,31.57,17.35,0.07388,26.15,22.77,0.10943,24.84,24.08,0.11549,23.1,25.82,0.12732,20.64,28.28,0.14483
cifar100,mobilenetv2,qat_only,qat_only,True,2.749,3.511,,4.559,68.17,90.91,0.05993,102.518,99.692,103.288,102.183,104.203,42.04,26.13,0.04307,27.45,40.72,0.13004,19.08,49.09,0.18202,15.69,52.48,0.20797,13.06,55.11,0.22559,52.01,16.16,0.01867,41.65,26.52,0.04077,25.0,43.17,0.14675,20.04,48.13,0.18147,15.01,53.16,0.21599,62.67,5.5,0.04627,55.45,12.72,0.02529,46.67,21.5,0.01529,29.16,39.01,0.09,16.02,52.15,0.17308,67.56,0.61,0.05906,65.04,3.13,0.05306,60.64,7.53,0.03969,54.86,13.31,0.02541,42.67,25.5,0.03892,27.38,40.79,0.15436,28.27,39.9,0.14682,30.53,37.64,0.12561,21.24,46.93,0.20043,22.9,45.27,0.18242,60.2,7.97,0.0345,53.72,14.45,0.01823,46.73,21.44,0.01724,46.43,21.74,0.02451,39.78,28.39,0.05285,60.16,8.01,0.04065,58.51,9.66,0.03475,54.59,13.58,0.02255,49.91,18.26,0.01605,43.59,24.58,0.03651,62.18,5.99,0.04451,47.29,20.88,0.02386,51.38,16.79,0.01541,48.41,19.76,0.0206,41.15,27.02,0.05593,60.04,8.13,0.03862,52.78,15.39,0.01317,42.17,26.0,0.04941,40.44,27.73,0.05738,32.74,35.43,0.10044,67.36,0.81,0.05955,64.59,3.58,0.05411,60.94,7.23,0.04173,54.05,14.12,0.01696,36.73,31.44,0.09028,68.43,-0.26,0.06349,67.45,0.72,0.05796,66.72,1.45,0.0555,65.89,2.28,0.05382,62.84,5.33,0.04448,66.91,1.26,0.05542,62.75,5.42,0.04504,59.27,8.9,0.03571,51.76,16.41,0.01553,27.57,40.6,0.14229,59.68,8.49,0.035,59.96,8.21,0.03655,56.71,11.46,0.02691,50.43,17.74,0.01345,44.17,24.0,0.0168,64.57,3.6,0.05302,56.49,11.68,0.02279,50.53,17.64,0.01616,32.33,35.84,0.12902,20.61,47.56,0.23329,56.54,11.63,0.02281,50.03,18.14,0.01777,47.62,20.55,0.02032,44.85,23.32,0.03322,41.17,27.0,0.04735
cifar100,mobilenetv2,qat_int8,qat_int8,True,2.749,3.511,,5.128,67.81,90.86,0.05574,102.865,100.074,103.557,102.777,104.355,41.68,26.13,0.04468,27.45,40.36,0.12957,18.52,49.29,0.18913,15.7,52.11,0.21009,12.94,54.87,0.22816,51.37,16.44,0.0111,40.66,27.15,0.04864,24.62,43.19,0.15138,19.9,47.91,0.18287,14.58,53.23,0.22062,62.36,5.45,0.04291,55.26,12.55,0.02622,46.81,21.0,0.01376,29.17,38.64,0.09041,15.97,51.84,0.17412,67.35,0.46,0.0561,64.96,2.85,0.05124,60.46,7.35,0.03809,54.9,12.91,0.0218,42.09,25.72,0.04303,27.28,40.53,0.15457,28.36,39.45,0.1466,30.36,37.45,0.12869,21.06,46.75,0.20193,22.48,45.33,0.18592,60.32,7.49,0.03791,53.67,14.14,0.02429,46.45,21.36,0.01977,46.56,21.25,0.0242,39.54,28.27,0.05421,59.8,8.01,0.03929,58.45,9.36,0.03825,54.59,13.22,0.0201,50.0,17.81,0.01347,43.41,24.4,0.0371,62.67,5.14,0.04878,47.12,20.69,0.02317,51.19,16.62,0.02144,48.52,19.29,0.01605,41.19,26.62,0.05551,59.76,8.05,0.03552,52.28,15.53,0.01732,41.74,26.07,0.0521,39.98,27.83,0.05991,32.11,35.7,0.10526,67.41,0.4,0.06044,64.27,3.54,0.05105,60.54,7.27,0.03887,53.57,14.24,0.01366,35.69,32.12,0.09911,68.41,-0.6,0.06432,67.47,0.34,0.05755,66.74,1.07,0.05618,65.62,2.19,0.05238,62.15,5.66,0.03864,67.19,0.62,0.05938,62.72,5.09,0.04607,59.01,8.8,0.03212,51.79,16.02,0.01769,27.2,40.61,0.14782,59.34,8.47,0.03328,59.94,7.87,0.03594,56.53,11.28,0.02671,50.22,17.59,0.01376,43.62,24.19,0.0219,64.42,3.39,0.05199,56.05,11.76,0.02091,50.79,17.02,0.01727,32.34,35.47,0.12906,20.24,47.57,0.2361,56.48,11.33,0.02498,50.34,17.47,0.01419,47.64,20.17,0.02246,45.47,22.34,0.03281,41.3,26.51,0.04804
cifar100,mobilenetv2,cqat,cqat,True,2.735,3.529,,6.182,65.91,89.84,0.09234,108.15,101.561,110.787,108.401,110.203,41.73,24.18,0.01805,27.71,38.2,0.08231,18.89,47.02,0.13698,15.47,50.44,0.16111,13.01,52.9,0.17487,51.03,14.88,0.04649,40.72,25.19,0.01298,24.51,41.4,0.10487,19.83,46.08,0.13474,14.17,51.74,0.17256,59.7,6.21,0.07997,53.3,12.61,0.07112,43.78,22.13,0.03343,25.88,40.03,0.05758,14.39,51.52,0.13283,65.1,0.81,0.091,61.31,4.6,0.07748,56.55,9.36,0.06438,50.37,15.54,0.03813,37.02,28.89,0.03221,24.84,41.07,0.1297,25.73,40.18,0.12022,27.32,38.59,0.10515,18.91,47.0,0.17095,20.46,45.45,0.15593,57.35,8.56,0.06939,50.19,15.72,0.04597,42.81,23.1,0.01521,42.94,22.97,0.01648,35.79,30.12,0.02869,56.41,9.5,0.06886,54.68,11.23,0.06473,50.4,15.51,0.04698,45.87,20.04,0.02461,39.33,26.58,0.02248,60.24,5.67,0.08152,43.96,21.95,0.01455,48.87,17.04,0.03549,45.9,20.01,0.0227,38.85,27.06,0.02772,58.21,7.7,0.06974,51.08,14.83,0.04171,40.05,25.86,0.02549,38.21,27.7,0.03322,30.01,35.9,0.08377,64.85,1.06,0.09073,61.45,4.46,0.08259,58.11,7.8,0.07477,51.01,14.9,0.04231,34.29,31.62,0.05419,65.79,0.12,0.09111,64.86,1.05,0.08631,63.77,2.14,0.08501,62.49,3.42,0.08049,59.42,6.49,0.07427,64.59,1.32,0.09095,58.93,6.98,0.07399,53.82,12.09,0.05472,44.9,21.01,0.01777,18.39,47.52,0.17402,56.19,9.72,0.06823,56.62,9.29,0.06864,52.97,12.94,0.05591,47.21,18.7,0.0423,41.48,24.43,0.02582,62.22,3.69,0.08294,54.12,11.79,0.05046,48.72,17.19,0.02193,30.8,35.11,0.09903,20.0,45.91,0.19263,55.66,10.25,0.0607,49.77,16.14,0.03893,47.57,18.34,0.03185,45.11,20.8,0.02392,41.97,23.94,0.01641
cifar100,mobilenetv2,cqat_int8,cqat_int8,True,2.75,3.51,,7.632,65.65,89.46,0.07646,107.588,101.193,111.332,107.8,108.428,43.46,22.19,0.01451,28.42,37.23,0.09026,19.04,46.61,0.14962,15.34,50.31,0.18043,13.07,52.58,0.19413,52.9,12.75,0.04438,42.17,23.48,0.01515,24.69,40.96,0.11787,20.39,45.26,0.14495,14.49,51.16,0.18569,59.73,5.92,0.06735,52.31,13.34,0.05165,43.69,21.96,0.02358,25.47,40.18,0.07355,13.54,52.11,0.16132,64.87,0.78,0.07519,61.09,4.56,0.06213,55.81,9.84,0.04731,49.54,16.11,0.02074,36.23,29.42,0.06029,25.01,40.64,0.13602,25.99,39.66,0.12861,27.88,37.77,0.11314,19.07,46.58,0.18162,20.7,44.95,0.16294,56.69,8.96,0.05175,49.77,15.88,0.03177,42.73,22.92,0.01115,42.39,23.26,0.01536,36.52,29.13,0.03413,56.63,9.02,0.05676,53.91,11.74,0.04439,49.86,15.79,0.02664,45.13,20.52,0.01233,39.46,26.19,0.03161,59.61,6.04,0.06398,43.41,22.24,0.0195,47.07,18.58,0.02003,44.55,21.1,0.01072,38.15,27.5,0.04046,59.14,6.51,0.0612,51.5,14.15,0.02891,41.63,24.02,0.02402,40.36,25.29,0.02808,31.89,33.76,0.08039,65.06,0.59,0.07824,61.61,4.04,0.06709,58.53,7.12,0.06093,52.58,13.07,0.0393,37.0,28.65,0.04519,65.41,0.24,0.07645,65.02,0.63,0.07535,64.14,1.51,0.07315,62.22,3.43,0.06335,58.51,7.14,0.05119,63.96,1.69,0.07192,59.24,6.41,0.0607,55.21,10.44,0.04894,47.41,18.24,0.026,20.49,45.16,0.14258,56.62,9.03,0.05928,56.46,9.19,0.05292,52.7,12.95,0.04047,46.72,18.93,0.02519,41.52,24.13,0.0137,62.46,3.19,0.06485,56.09,9.56,0.04204,51.98,13.67,0.02341,34.11,31.54,0.09359,21.77,43.88,0.19517,55.87,9.78,0.04755,49.86,15.79,0.02482,47.96,17.69,0.01793,45.91,19.74,0.01569,42.18,23.47,0.022
cifar100,mobilenetv2,pqat,pqat,True,2.735,3.529,,6.306,68.73,90.96,0.06841,102.547,99.343,103.751,102.092,104.202,42.72,26.01,0.03699,28.13,40.6,0.124,19.6,49.13,0.17941,16.15,52.58,0.2071,13.2,55.53,0.23008,52.19,16.54,0.02042,42.05,26.68,0.03738,25.66,43.07,0.1423,20.61,48.12,0.17931,14.9,53.83,0.22143,62.39,6.34,0.04837,55.11,13.62,0.0246,46.93,21.8,0.0156,29.29,39.44,0.0888,16.01,52.72,0.17593,67.64,1.09,0.0637,64.51,4.22,0.05427,60.18,8.55,0.04102,54.48,14.25,0.02046,41.6,27.13,0.04525,28.09,40.64,0.14468,28.84,39.89,0.14034,30.62,38.11,0.12127,21.34,47.39,0.1962,22.87,45.86,0.17856,60.32,8.41,0.04169,53.66,15.07,0.02113,46.3,22.43,0.01998,46.48,22.25,0.01779,39.26,29.47,0.05703,59.43,9.3,0.03851,57.79,10.94,0.03478,54.44,14.29,0.02289,49.85,18.88,0.01228,43.63,25.1,0.03296,62.66,6.07,0.04974,47.89,20.84,0.01874,51.57,17.16,0.01582,48.49,20.24,0.01881,41.68,27.05,0.04961,59.77,8.96,0.03885,52.86,15.87,0.02031,42.42,26.31,0.04709,40.53,28.2,0.05658,32.82,35.91,0.09956,67.86,0.87,0.06809,64.37,4.36,0.0543,61.0,7.73,0.04588,53.64,15.09,0.01784,36.02,32.71,0.10009,68.26,0.47,0.06551,67.41,1.32,0.05953,66.67,2.06,0.05568,65.94,2.79,0.05786,62.89,5.84,0.04781,67.11,1.62,0.061,62.98,5.75,0.04797,59.44,9.29,0.03574,53.04,15.69,0.01606,31.42,37.31,0.11508,59.59,9.14,0.0426,59.74,8.99,0.04186,56.5,12.23,0.03039,49.62,19.11,0.01401,42.92,25.81,0.02511,64.25,4.48,0.05164,56.2,12.53,0.02426,49.81,18.92,0.01843,31.36,37.37,0.13229,18.89,49.84,0.24118,56.27,12.46,0.02605,50.1,18.63,0.01621,47.67,21.06,0.01834,44.98,23.75,0.02826,40.82,27.91,0.04685
cifar100,mobilenetv2,pqat_int8,pqat_int8,True,2.75,3.51,,6.423,68.13,91.11,0.06176,101.482,98.481,101.794,101.478,103.426,43.79,24.34,0.0276,28.65,39.48,0.1189,19.66,48.47,0.17491,16.12,52.01,0.20093,13.47,54.66,0.21946,53.18,14.95,0.01965,43.1,25.03,0.02995,26.26,41.87,0.13502,21.03,47.1,0.17057,15.59,52.54,0.20749,62.72,5.41,0.04613,55.79,12.34,0.02859,47.52,20.61,0.01463,30.1,38.03,0.08344,16.55,51.58,0.16838,67.71,0.42,0.0608,65.12,3.01,0.05443,60.67,7.46,0.0407,55.3,12.83,0.02335,43.38,24.75,0.03924,28.9,39.23,0.13828,30.18,37.95,0.12779,32.52,35.61,0.10661,22.63,45.5,0.18328,24.65,43.48,0.16345,60.97,7.16,0.03992,54.66,13.47,0.02375,47.29,20.84,0.01925,48.02,20.11,0.01676,40.26,27.87,0.05413,59.68,8.45,0.03719,58.67,9.46,0.03644,55.38,12.75,0.02624,50.78,17.35,0.01177,44.84,23.29,0.03102,62.84,5.29,0.05062,48.13,20.0,0.01815,51.3,16.83,0.02015,48.98,19.15,0.01906,42.54,25.59,0.04407,60.64,7.49,0.03998,52.92,15.21,0.01648,42.39,25.74,0.04868,41.28,26.85,0.05007,32.53,35.6,0.10097,67.56,0.57,0.06206,64.01,4.12,0.04606,61.1,7.03,0.0406,54.92,13.21,0.01861,38.85,29.28,0.07644,68.31,-0.18,0.06268,67.42,0.71,0.05657,66.89,1.24,0.05668,65.66,2.47,0.0553,62.23,5.9,0.04129,67.6,0.53,0.06326,63.04,5.09,0.04778,59.03,9.1,0.03191,52.1,16.03,0.0162,29.95,38.18,0.11903,60.26,7.87,0.03981,60.35,7.78,0.04204,56.65,11.48,0.02654,50.41,17.72,0.01089,44.51,23.62,0.0188,64.44,3.69,0.05193,56.86,11.27,0.02569,50.28,17.85,0.01784,32.3,35.83,0.1287,19.81,48.32,0.23842,56.6,11.53,0.02407,50.72,17.41,0.01545,48.45,19.68,0.01933,45.71,22.42,0.02837,41.8,26.33,0.04493
cifar100,mobilenetv2,pcqat,pcqat,True,2.736,3.529,,6.703,64.87,89.41,0.08899,111.388,104.08,115.129,111.537,112.979,40.09,24.78,0.019,25.84,39.03,0.09574,17.11,47.76,0.15458,14.23,50.64,0.17561,12.11,52.76,0.1881,49.83,15.04,0.04185,38.68,26.19,0.01943,21.7,43.17,0.13022,18.0,46.87,0.1532,12.84,52.03,0.19063,58.93,5.94,0.0805,50.45,14.42,0.05495,41.27,23.6,0.02366,24.24,40.63,0.0698,13.54,51.33,0.14182,64.08,0.79,0.0891,61.02,3.85,0.08416,54.49,10.38,0.05976,47.29,17.58,0.02818,33.0,31.87,0.06273,24.42,40.45,0.12975,25.13,39.74,0.12645,26.69,38.18,0.11158,18.57,46.3,0.17404,19.78,45.09,0.16207,55.79,9.08,0.06793,48.02,16.85,0.03952,39.86,25.01,0.01675,39.72,25.15,0.01623,32.72,32.15,0.04812,54.57,10.3,0.06399,51.93,12.94,0.05286,47.11,17.76,0.0304,42.8,22.07,0.01246,36.63,28.24,0.03169,58.94,5.93,0.0773,41.65,23.22,0.01625,46.13,18.74,0.02187,42.75,22.12,0.01561,36.06,28.81,0.04542,57.06,7.81,0.0666,49.86,15.01,0.03515,39.02,25.85,0.02718,37.14,27.73,0.03819,28.84,36.03,0.09178,63.95,0.92,0.09003,60.52,4.35,0.08234,55.73,9.14,0.067,48.8,16.07,0.03963,30.6,34.27,0.07273,65.01,-0.14,0.09138,64.73,0.14,0.09125,63.76,1.11,0.08764,62.61,2.26,0.08398,59.35,5.52,0.07463,63.47,1.4,0.08852,56.94,7.93,0.06441,51.54,13.33,0.04045,42.02,22.85,0.01912,14.99,49.88,0.20982,55.09,9.78,0.06492,55.22,9.65,0.06437,51.41,13.46,0.05302,44.86,20.01,0.02918,39.57,25.3,0.01199,61.4,3.47,0.07812,54.6,10.27,0.05527,49.59,15.28,0.03154,31.06,33.81,0.09716,20.87,44.0,0.18633,54.46,10.41,0.05907,48.32,16.55,0.03164,46.27,18.6,0.02411,43.97,20.9,0.01827,41.01,23.86,0.01717
cifar100,mobilenetv2,pcqat_int8,pcqat_int8,True,2.75,3.51,,5.454,65.88,89.64,0.08346,106.805,100.91,109.044,107.057,108.737,43.28,22.6,0.01986,27.51,38.37,0.09092,19.12,46.76,0.14487,15.73,50.15,0.17054,13.38,52.5,0.1828,52.65,13.23,0.05259,41.43,24.45,0.01351,24.1,41.78,0.11858,20.13,45.75,0.14235,14.51,51.37,0.17941,60.18,5.7,0.07483,53.09,12.79,0.05834,43.59,22.29,0.02138,26.8,39.08,0.05725,15.25,50.63,0.13036,65.04,0.84,0.08119,61.72,4.16,0.07297,56.81,9.07,0.05714,50.62,15.26,0.03259,37.26,28.62,0.03719,26.81,39.07,0.11409,28.2,37.68,0.1049,30.16,35.72,0.0897,20.79,45.09,0.15502,22.22,43.66,0.1479,57.94,7.94,0.06465,51.29,14.59,0.04695,43.89,21.99,0.01699,44.03,21.85,0.01534,37.51,28.37,0.02535,56.05,9.83,0.05868,54.64,11.24,0.05853,50.79,15.09,0.04211,46.82,19.06,0.0244,40.96,24.92,0.01647,59.86,6.02,0.07026,44.34,21.54,0.01402,48.33,17.55,0.02636,45.93,19.95,0.0202,39.06,26.82,0.0244,59.19,6.69,0.06762,51.84,14.04,0.0389,41.34,24.54,0.02308,39.52,26.36,0.02832,31.1,34.78,0.07544,65.08,0.8,0.08243,62.45,3.43,0.0804,58.69,7.19,0.07163,52.11,13.77,0.04404,35.99,29.89,0.04381,65.84,0.04,0.08279,65.53,0.35,0.08469,64.37,1.51,0.07932,63.02,2.86,0.07594,59.62,6.26,0.06662,64.62,1.26,0.08257,59.44,6.44,0.06915,54.89,10.99,0.05407,46.24,19.64,0.01855,20.85,45.03,0.14411,56.79,9.09,0.06123,56.7,9.18,0.0601,53.17,12.71,0.04946,47.01,18.87,0.02851,42.03,23.85,0.01695,62.88,3.0,0.07632,55.74,10.14,0.04832,50.43,15.45,0.02091,32.09,33.79,0.10408,19.55,46.33,0.21364,56.16,9.72,0.05398,50.78,15.1,0.03479,47.87,18.01,0.02206,45.55,20.33,0.0206,42.07,23.81,0.02394
cifar100,mobilenetv2,pruning_20,pruning_20,False,9.655,1.0,2351972.0,19.524,69.41,91.33,0.05905,98.291,99.604,97.337,98.453,98.097,41.77,27.64,0.05273,27.15,42.26,0.13933,18.42,50.99,0.20063,15.13,54.28,0.22638,12.87,56.54,0.24334,51.06,18.35,0.01284,40.91,28.5,0.05266,24.39,45.02,0.16337,19.46,49.95,0.19906,14.58,54.83,0.2355,63.56,5.85,0.04222,56.52,12.89,0.02522,48.14,21.27,0.01038,29.89,39.52,0.08928,16.83,52.58,0.16659,69.33,0.08,0.06032,66.97,2.44,0.05225,63.56,5.85,0.04544,58.62,10.79,0.02789,47.16,22.25,0.02235,27.99,41.42,0.16231,29.0,40.41,0.1559,31.81,37.6,0.12728,21.64,47.77,0.21135,23.22,46.19,0.19228,63.04,6.37,0.04242,57.51,11.9,0.02165,50.9,18.51,0.01781,51.29,18.12,0.01612,44.76,24.65,0.03462,62.81,6.6,0.04494,61.27,8.14,0.04061,57.97,11.44,0.03183,53.62,15.79,0.01567,46.71,22.7,0.0237,63.55,5.86,0.04346,47.7,21.71,0.03185,51.45,17.96,0.02174,49.47,19.94,0.0204,41.61,27.8,0.06444,61.18,8.23,0.03765,53.38,16.03,0.01691,42.4,27.01,0.0573,40.07,29.34,0.06883,32.02,37.39,0.11352,69.08,0.33,0.06021,67.23,2.18,0.05662,64.48,4.93,0.04969,58.56,10.85,0.02663,41.65,27.76,0.0597,69.62,-0.21,0.06146,69.08,0.33,0.05848,68.36,1.05,0.05621,67.58,1.83,0.05556,64.54,4.87,0.04435,69.12,0.29,0.06052,66.22,3.19,0.05009,63.38,6.03,0.03891,59.15,10.26,0.02858,41.47,27.94,0.06666,61.82,7.59,0.03645,62.37,7.04,0.03973,59.3,10.11,0.03092,52.63,16.78,0.02074,45.77,23.64,0.02197,66.49,2.92,0.05428,58.52,10.89,0.02374,52.29,17.12,0.02072,33.79,35.62,0.12894,20.48,48.93,0.24628,57.7,11.71,0.02643,51.5,17.91,0.01023,48.51,20.9,0.02994,45.5,23.91,0.03527,41.84,27.57,0.04917
cifar100,mobilenetv2,pruning_50,pruning_50,False,9.655,1.0,2351972.0,16.718,69.39,91.44,0.06223,98.801,98.618,98.345,99.053,99.142,42.63,26.76,0.04732,27.82,41.57,0.13899,19.34,50.05,0.19619,15.84,53.55,0.2236,13.08,56.31,0.24419,52.51,16.88,0.01251,42.34,27.05,0.04578,25.12,44.27,0.16091,20.49,48.9,0.19489,15.0,54.39,0.23624,63.92,5.47,0.04649,56.68,12.71,0.02512,47.69,21.7,0.01849,31.04,38.35,0.09011,17.44,51.95,0.17031,69.02,0.37,0.06049,66.65,2.74,0.05191,62.67,6.72,0.03917,57.52,11.87,0.02325,46.65,22.74,0.02756,28.61,40.78,0.15174,29.53,39.86,0.14587,31.44,37.95,0.12746,22.05,47.34,0.20474,23.33,46.06,0.18987,62.77,6.62,0.0389,57.12,12.27,0.02076,50.32,19.07,0.019,50.48,18.91,0.01459,43.85,25.54,0.04149,61.84,7.55,0.03924,60.5,8.89,0.03284,57.24,12.15,0.02486,53.03,16.36,0.01287,46.17,23.22,0.03118,63.55,5.84,0.0451,48.66,20.73,0.02323,52.64,16.75,0.019,49.8,19.59,0.02205,42.18,27.21,0.05886,60.7,8.69,0.03457,53.07,16.32,0.01966,42.51,26.88,0.05424,40.58,28.81,0.06628,32.21,37.18,0.11442,68.78,0.61,0.06051,66.32,3.07,0.05071,63.22,6.17,0.04126,57.87,11.52,0.02218,40.62,28.77,0.07451,69.22,0.17,0.06103,68.64,0.75,0.05827,67.94,1.45,0.05625,66.95,2.44,0.05362,63.8,5.59,0.0417,68.61,0.78,0.05836,65.32,4.07,0.04461,62.77,6.62,0.03636,57.98,11.41,0.01718,39.88,29.51,0.07497,61.58,7.81,0.03626,62.12,7.27,0.04024,58.3,11.09,0.02449,52.41,16.98,0.01226,45.32,24.07,0.02598,66.14,3.25,0.05384,58.1,11.29,0.02201,51.97,17.42,0.01459,33.87,35.52,0.1285,20.3,49.09,0.24937,57.21,12.18,0.02087,51.38,18.01,0.0155,48.08,21.31,0.02658,45.76,23.63,0.03577,41.44,27.95,0.05496
cifar100,mobilenetv2,pruning_70,pruning_70,False,9.655,1.0,2351972.0,21.856,69.2,91.26,0.06043,98.908,99.487,97.04,99.639,99.61,41.51,27.69,0.05544,26.94,42.26,0.14816,18.38,50.82,0.20275,15.35,53.85,0.22606,12.69,56.51,0.2422,51.12,18.08,0.01512,40.76,28.44,0.05797,24.27,44.93,0.16722,19.88,49.32,0.19776,14.82,54.38,0.23151,63.55,5.65,0.04525,56.55,12.65,0.0229,48.37,20.83,0.01331,30.59,38.61,0.09212,16.87,52.33,0.17717,69.12,0.08,0.06132,66.85,2.35,0.05462,63.34,5.86,0.04576,59.05,10.15,0.03316,48.46,20.74,0.01477,27.99,41.21,0.16165,28.96,40.24,0.15444,30.82,38.38,0.13653,21.48,47.72,0.21449,23.24,45.96,0.19333,62.91,6.29,0.04181,57.42,11.78,0.02721,50.96,18.24,0.01292,50.93,18.27,0.01665,44.67,24.53,0.03379,62.41,6.79,0.04501,61.57,7.63,0.04416,58.43,10.77,0.03423,54.57,14.63,0.01857,48.05,21.15,0.01845,63.05,6.15,0.04484,47.14,22.06,0.02919,51.61,17.59,0.01615,48.94,20.26,0.01958,41.18,28.02,0.06378,60.43,8.77,0.03414,52.81,16.39,0.01103,42.13,27.07,0.05944,39.75,29.45,0.07415,31.66,37.54,0.12601,68.74,0.46,0.05972,66.6,2.6,0.05389,63.28,5.92,0.04152,58.04,11.16,0.02736,40.67,28.53,0.07525,69.03,0.17,0.05964,68.7,0.5,0.05933,67.89,1.31,0.0565,67.41,1.79,0.05901,63.9,5.3,0.04268,68.63,0.57,0.05937,65.57,3.63,0.04864,62.94,6.26,0.03935,58.04,11.16,0.02178,40.58,28.62,0.07422,61.61,7.59,0.03936,62.14,7.06,0.04211,59.2,10.0,0.03465,52.34,16.86,0.01315,45.5,23.7,0.0203,65.54,3.66,0.05167,56.88,12.32,0.02089,50.46,18.74,0.02143,32.06,37.14,0.13907,18.79,50.41,0.25551,57.24,11.96,0.01979,51.02,18.18,0.01896,47.93,21.27,0.0229,45.29,23.91,0.02946,41.16,28.04,0.05091
cifar100,mobilenetv2,pruning_90,pruning_90,False,9.655,1.0,2351972.0,20.207,67.88,91.14,0.08178,101.733,101.049,101.25,102.288,102.174,40.36,27.52,0.02369,25.84,42.04,0.11213,18.02,49.86,0.16385,15.0,52.88,0.18332,12.63,55.25,0.19862,49.62,18.26,0.02459,39.15,28.73,0.03316,23.1,44.78,0.13749,18.9,48.98,0.16372,14.39,53.49,0.19237,62.34,5.54,0.07502,55.22,12.66,0.05554,46.6,21.28,0.02571,28.91,38.97,0.06562,16.31,51.57,0.14558,67.41,0.47,0.07904,65.33,2.55,0.07476,61.19,6.69,0.06372,56.3,11.58,0.04725,44.03,23.85,0.0136,26.34,41.54,0.16029,28.02,39.86,0.14174,29.72,38.16,0.12117,20.47,47.41,0.20989,22.32,45.56,0.1803,61.78,6.1,0.069,55.85,12.03,0.04969,49.93,17.95,0.02537,49.88,18.0,0.02729,43.21,24.67,0.02057,60.55,7.33,0.06508,58.94,8.94,0.0604,55.21,12.67,0.04641,51.07,16.81,0.02809,44.66,23.22,0.01279,62.41,5.47,0.0723,46.46,21.42,0.01007,51.01,16.87,0.02558,48.04,19.84,0.01438,40.71,27.17,0.03611,59.44,8.44,0.06185,51.39,16.49,0.02279,40.88,27.0,0.03723,38.8,29.08,0.04968,29.92,37.96,0.10787,67.64,0.24,0.08304,65.22,2.66,0.07596,62.65,5.23,0.06986,56.64,11.24,0.04519,39.8,28.08,0.05005,67.82,0.06,0.08175,67.5,0.38,0.0822,66.74,1.14,0.08097,65.57,2.31,0.07781,62.17,5.71,0.06524,67.26,0.62,0.08038,63.8,4.08,0.06648,60.97,6.91,0.05635,55.68,12.2,0.03139,38.04,29.84,0.06523,59.7,8.18,0.05738,60.24,7.64,0.06189,57.51,10.37,0.05688,50.47,17.41,0.03464,42.94,24.94,0.01287,64.97,2.91,0.07763,57.13,10.75,0.04656,51.17,16.71,0.01866,33.0,34.88,0.10171,19.55,48.33,0.21948,56.21,11.67,0.04704,50.16,17.72,0.02769,47.14,20.74,0.0161,44.49,23.39,0.01228,40.15,27.73,0.02694
cifar100,mobilenetv2,kd_temp2,kd_temp2,False,9.655,1.0,2351972.0,22.948,70.44,92.2,0.07946,96.799,98.099,95.975,96.544,96.904,42.86,27.58,0.02732,27.84,42.6,0.11317,19.13,51.31,0.17235,15.71,54.73,0.19611,13.28,57.16,0.2131,52.82,17.62,0.0292,41.94,28.5,0.03049,24.99,45.45,0.13869,20.51,49.93,0.16821,15.42,55.02,0.20228,64.59,5.85,0.06696,58.46,11.98,0.05712,49.32,21.12,0.02838,31.0,39.44,0.05811,17.62,52.82,0.1413,70.04,0.4,0.07773,67.91,2.53,0.07432,63.93,6.51,0.06345,58.82,11.62,0.04291,47.64,22.8,0.02062,28.77,41.67,0.14369,29.85,40.59,0.13352,31.81,38.63,0.11128,22.65,47.79,0.19573,24.27,46.17,0.17022,63.26,7.18,0.05733,57.76,12.68,0.04168,51.4,19.04,0.02763,52.07,18.37,0.02322,45.57,24.87,0.01681,63.45,6.99,0.06368,62.05,8.39,0.06012,58.65,11.79,0.04809,54.51,15.93,0.02931,48.33,22.11,0.0162,64.73,5.71,0.06682,49.53,20.91,0.01207,53.83,16.61,0.02658,50.64,19.8,0.01518,42.48,27.96,0.04235,61.98,8.46,0.05852,53.65,16.79,0.02136,43.41,27.03,0.03718,41.3,29.14,0.04802,33.13,37.31,0.09748,69.96,0.48,0.07862,67.87,2.57,0.07474,65.21,5.23,0.07016,59.63,10.81,0.0508,41.58,28.86,0.04619,70.06,0.38,0.07665,69.63,0.81,0.07579,68.89,1.55,0.07418,67.97,2.47,0.07263,64.97,5.47,0.06334,69.74,0.7,0.07825,66.42,4.02,0.06632,63.44,7.0,0.05638,58.94,11.5,0.03919,39.72,30.72,0.06944,62.4,8.04,0.05596,62.86,7.58,0.0578,60.0,10.44,0.05314,54.07,16.37,0.04074,46.76,23.68,0.01525,67.11,3.33,0.07094,59.08,11.36,0.0447,52.85,17.59,0.02048,33.06,37.38,0.12469,20.08,50.36,0.23882,59.14,11.3,0.04416,52.93,17.51,0.02499,50.16,20.28,0.01834,47.25,23.19,0.01662,43.81,26.63,0.02206
cifar100,mobilenetv2,kd_temp4,kd_temp4,False,9.655,1.0,2351972.0,17.564,71.38,92.41,0.08705,95.694,97.13,95.747,95.347,94.912,43.14,28.24,0.0229,28.75,42.63,0.10098,19.98,51.4,0.15535,16.71,54.67,0.17713,13.98,57.4,0.19276,53.41,17.97,0.03231,42.77,28.61,0.02635,26.14,45.24,0.12143,21.37,50.01,0.15015,16.27,55.11,0.18193,65.49,5.89,0.07144,58.48,12.9,0.05442,49.81,21.57,0.02984,31.07,40.31,0.0649,18.19,53.19,0.13477,70.93,0.45,0.08434,68.8,2.58,0.07943,64.33,7.05,0.06539,59.52,11.86,0.05139,47.48,23.9,0.01889,28.38,43.0,0.12793,29.44,41.94,0.12164,31.91,39.47,0.10319,22.16,49.22,0.17313,24.23,47.15,0.15215,64.36,7.02,0.06619,58.48,12.9,0.05076,51.34,20.04,0.02579,51.92,19.46,0.02587,45.04,26.34,0.02005,64.08,7.3,0.06934,62.19,9.19,0.06334,58.11,13.27,0.04728,54.02,17.36,0.03154,47.32,24.06,0.01576,65.64,5.74,0.0741,50.23,21.15,0.0145,53.9,17.48,0.028,51.03,20.35,0.0218,43.58,27.8,0.03027,62.12,9.26,0.05943,54.5,16.88,0.02775,43.59,27.79,0.02928,42.08,29.3,0.03393,33.84,37.54,0.07784,70.6,0.78,0.08527,68.29,3.09,0.07772,65.52,5.86,0.07195,60.22,11.16,0.05297,41.74,29.64,0.04967,71.27,0.11,0.0872,70.36,1.02,0.08196,69.17,2.21,0.07595,68.27,3.11,0.07411,64.92,6.46,0.06302,70.47,0.91,0.08459,67.01,4.37,0.07217,64.09,7.29,0.0617,59.22,12.16,0.04291,40.17,31.21,0.05862,62.75,8.63,0.05716,63.74,7.64,0.0653,60.74,10.64,0.05777,53.65,17.73,0.03816,46.61,24.77,0.01399,68.14,3.24,0.07754,60.78,10.6,0.05302,55.04,16.34,0.02597,35.57,35.81,0.09827,22.56,48.82,0.20242,60.17,11.21,0.05177,53.85,17.53,0.0308,51.52,19.86,0.02359,48.78,22.6,0.01968,45.12,26.26,0.0243
cifar100,mobilenetv2,kd_temp8,kd_temp8,False,9.655,1.0,2351972.0,17.899,70.94,92.48,0.08362,95.982,97.299,95.613,95.712,95.634,43.44,27.5,0.02463,28.55,42.39,0.09505,19.58,51.36,0.1509,16.16,54.78,0.17127,13.73,57.21,0.18367,53.76,17.18,0.03798,42.44,28.5,0.02418,25.82,45.12,0.11666,21.18,49.76,0.14432,15.54,55.4,0.17827,65.68,5.26,0.07375,58.45,12.49,0.0527,50.13,20.81,0.03305,31.23,39.71,0.05853,17.92,53.02,0.13243,70.44,0.5,0.08193,68.52,2.42,0.08,64.56,6.38,0.06848,59.78,11.16,0.05106,48.49,22.45,0.01372,28.48,42.46,0.14412,29.79,41.15,0.13397,31.92,39.02,0.11318,22.53,48.41,0.19139,24.41,46.53,0.16773,63.42,7.52,0.05928,57.69,13.25,0.04321,50.83,20.11,0.0211,51.05,19.89,0.02073,44.65,26.29,0.02153,63.9,7.04,0.06787,62.87,8.07,0.06875,58.91,12.03,0.0527,54.99,15.95,0.03862,48.11,22.83,0.02006,65.32,5.62,0.07282,49.51,21.43,0.01406,53.85,17.09,0.0264,50.96,19.98,0.01743,42.69,28.25,0.03786,61.82,9.12,0.05655,54.38,16.56,0.02704,43.62,27.32,0.0314,41.67,29.27,0.04371,33.21,37.73,0.09085,70.85,0.09,0.08826,68.04,2.9,0.07867,65.06,5.88,0.07034,59.27,11.67,0.04968,41.58,29.36,0.04778,70.94,0.0,0.08486,70.62,0.32,0.08589,69.79,1.15,0.08336,68.4,2.54,0.07739,65.35,5.59,0.06755,70.32,0.62,0.08458,67.17,3.77,0.07416,64.67,6.27,0.06674,60.3,10.64,0.05178,41.26,29.68,0.04709,63.17,7.77,0.0652,63.49,7.45,0.06381,60.41,10.53,0.05583,53.83,17.11,0.04207,46.17,24.77,0.01349,67.41,3.53,0.07349,59.97,10.97,0.05242,54.02,16.92,0.02355,34.02,36.92,0.10683,20.6,50.34,0.21796,59.97,10.97,0.05274,53.42,17.52,0.03158,50.74,20.2,0.01973,47.04,23.9,0.02339,43.62,27.32,0.02212
cifar100,mobilenetv2,structured_pruning_30,structured_pruning_30,False,9.659,0.999,2351972.0,20.94,68.26,91.1,0.05659,99.967,100.056,99.064,100.966,99.803,40.78,27.48,0.05647,26.93,41.33,0.14015,18.55,49.71,0.19747,15.16,53.1,0.22432,13.08,55.18,0.23815,50.55,17.71,0.01283,40.24,28.02,0.05658,24.26,44.0,0.16141,19.72,48.54,0.19405,14.9,53.36,0.22712,63.29,4.97,0.04563,56.08,12.18,0.02162,47.71,20.55,0.01298,28.68,39.58,0.09708,16.5,51.76,0.16986,67.99,0.27,0.05408,65.94,2.32,0.04988,62.26,6.0,0.04089,58.02,10.24,0.02886,46.98,21.28,0.02455,27.7,40.56,0.16205,28.89,39.37,0.15678,31.02,37.24,0.13393,21.72,46.54,0.21191,23.29,44.97,0.19483,62.12,6.14,0.03746,55.85,12.41,0.01902,49.93,18.33,0.01359,50.16,18.1,0.01764,43.5,24.76,0.04643,61.73,6.53,0.04243,60.22,8.04,0.03795,56.79,11.47,0.02717,52.64,15.62,0.01433,46.62,21.64,0.02688,62.41,5.85,0.04009,47.21,21.05,0.0291,51.86,16.4,0.01734,48.62,19.64,0.02062,40.9,27.36,0.06358,59.35,8.91,0.02815,51.72,16.54,0.01719,41.08,27.18,0.06121,38.88,29.38,0.07836,30.57,37.69,0.12729,68.02,0.24,0.05636,66.07,2.19,0.05205,63.22,5.04,0.04272,58.0,10.26,0.02593,41.76,26.5,0.05911,68.09,0.17,0.05363,67.58,0.68,0.0523,67.06,1.2,0.05141,66.09,2.17,0.0496,63.28,4.98,0.04089,67.51,0.75,0.05132,64.64,3.62,0.04309,62.12,6.14,0.03539,58.05,10.21,0.02677,38.29,29.97,0.08411,60.42,7.84,0.03514,61.21,7.05,0.03852,58.47,9.79,0.03131,51.97,16.29,0.01297,45.02,23.24,0.02681,65.17,3.09,0.04864,58.05,10.21,0.02672,52.27,15.99,0.01282,32.97,35.29,0.1268,20.11,48.15,0.23712,57.62,10.64,0.02597,51.55,16.71,0.0198,48.5,19.76,0.02289,46.33,21.93,0.02792,42.74,25.52,0.04125
cifar100,mobilenetv2,structured_pruning_50,structured_pruning_50,False,9.659,0.999,2351972.0,20.722,65.71,89.43,0.0625,104.295,102.736,104.095,106.171,103.787,39.73,25.98,0.04188,25.28,40.43,0.12797,17.62,48.09,0.17453,14.44,51.27,0.19638,12.16,53.55,0.21133,49.57,16.14,0.01471,39.62,26.09,0.03781,23.9,41.81,0.13131,19.68,46.03,0.159,14.19,51.52,0.19775,60.44,5.27,0.05431,52.66,13.05,0.03376,43.82,21.89,0.01534,24.78,40.93,0.09543,13.58,52.13,0.17558,65.12,0.59,0.05861,63.31,2.4,0.05654,59.35,6.36,0.04621,53.75,11.96,0.0237,43.96,21.75,0.02879,27.33,38.38,0.13943,28.92,36.79,0.12841,31.96,33.75,0.10359,20.86,44.85,0.18963,23.09,42.62,0.16616,59.31,6.4,0.04279,53.26,12.45,0.0237,48.34,17.37,0.01171,48.6,17.11,0.01436,42.05,23.66,0.0318,58.03,7.68,0.04392,56.56,9.15,0.03879,52.89,12.82,0.02423,49.1,16.61,0.01351,43.29,22.42,0.03104,60.08,5.63,0.0481,45.08,20.63,0.02178,48.76,16.95,0.01165,46.46,19.25,0.01787,39.48,26.23,0.0533,57.96,7.75,0.03938,50.55,15.16,0.02099,39.91,25.8,0.04844,38.23,27.48,0.05383,30.51,35.2,0.09351,65.18,0.53,0.06321,62.85,2.86,0.05526,60.22,5.49,0.04763,55.1,10.61,0.03073,40.95,24.76,0.03945,65.61,0.1,0.06233,64.66,1.05,0.05696,64.15,1.56,0.05743,63.26,2.45,0.05614,60.43,5.28,0.04837,64.86,0.85,0.05859,61.1,4.61,0.04422,58.21,7.5,0.0371,52.72,12.99,0.01734,33.53,32.18,0.07988,57.78,7.93,0.03969,58.44,7.27,0.04282,55.25,10.46,0.02979,49.82,15.89,0.01871,45.12,20.59,0.01443,62.84,2.87,0.05608,56.2,9.51,0.03243,50.32,15.39,0.01568,35.19,30.52,0.09869,20.23,45.48,0.22445,56.05,9.66,0.03165,50.98,14.73,0.02119,48.94,16.77,0.01266,46.97,18.74,0.01797,43.85,21.86,0.02418
cifar100,mobilenetv2,pruning_kd_70,pruning_kd_70,False,9.656,1.0,2351972.0,22.586,70.68,92.35,0.08025,95.96,96.736,95.606,95.681,96.011,43.46,27.22,0.01741,28.97,41.71,0.09475,20.47,50.21,0.14814,16.78,53.9,0.17525,14.4,56.28,0.19065,54.14,16.54,0.04289,43.09,27.59,0.0205,26.4,44.28,0.11533,21.71,48.97,0.14431,16.4,54.28,0.18086,65.75,4.93,0.07719,58.46,12.22,0.05681,49.73,20.95,0.03161,31.66,39.02,0.0485,18.24,52.44,0.12657,70.26,0.42,0.07826,68.42,2.26,0.07685,64.57,6.11,0.06644,59.94,10.74,0.05064,48.89,21.79,0.01905,28.77,41.91,0.13425,29.99,40.69,0.12704,31.81,38.87,0.11272,21.93,48.75,0.18889,24.14,46.54,0.1658,63.73,6.95,0.06186,57.93,12.75,0.04622,51.52,19.16,0.02418,51.82,18.86,0.02116,44.73,25.95,0.02422,64.02,6.66,0.06793,62.03,8.65,0.06013,58.75,11.93,0.05057,54.53,16.15,0.03194,47.52,23.16,0.01393,65.09,5.59,0.06962,49.83,20.85,0.01701,53.59,17.09,0.02628,50.96,19.72,0.01763,43.29,27.39,0.03249,62.13,8.55,0.06107,54.34,16.34,0.02957,43.43,27.25,0.03174,42.15,28.53,0.02976,33.65,37.03,0.07661,70.39,0.29,0.08216,68.09,2.59,0.07642,65.44,5.24,0.07373,59.43,11.25,0.04737,41.97,28.71,0.04231,70.5,0.18,0.07897,70.22,0.46,0.08014,69.35,1.33,0.07778,68.43,2.25,0.07661,65.48,5.2,0.07035,69.81,0.87,0.07749,66.97,3.71,0.07135,64.46,6.22,0.06509,59.25,11.43,0.04473,40.06,30.62,0.05726,63.18,7.5,0.06264,63.13,7.55,0.05874,60.79,9.89,0.05957,54.0,16.68,0.03862,47.04,23.64,0.01678,67.03,3.65,0.06946,59.64,11.04,0.05002,53.54,17.14,0.02053,33.87,36.81,0.10659,20.58,50.1,0.21574,59.68,11.0,0.04731,53.46,17.22,0.02963,50.42,20.26,0.0156,47.48,23.2,0.01921,43.89,26.79,0.02388
cifar100,mobilenetv2,fp16,fp16,False,4.866,1.984,2351972.0,17.586,69.01,91.32,0.06999,100.007,100.007,99.999,99.995,100.026,41.61,27.4,0.03981,26.83,42.18,0.13092,18.34,50.67,0.18851,15.26,53.75,0.21298,12.66,56.35,0.23061,51.14,17.87,0.02009,40.74,28.27,0.04462,23.96,45.05,0.15485,19.69,49.32,0.183,14.58,54.43,0.22045,63.17,5.84,0.05289,56.21,12.8,0.03458,47.01,22.0,0.01526,29.27,39.74,0.08698,16.51,52.5,0.16764,68.71,0.3,0.07066,66.17,2.84,0.06324,62.07,6.94,0.05113,57.11,11.9,0.03498,45.41,23.6,0.02161,28.01,41.0,0.14321,28.78,40.23,0.13752,31.0,38.01,0.11961,21.49,47.52,0.19089,23.08,45.93,0.17527,61.41,7.6,0.04469,55.95,13.06,0.03225,49.27,19.74,0.01764,49.38,19.63,0.01506,43.36,25.65,0.02756,61.2,7.81,0.04655,59.53,9.48,0.04182,55.93,13.08,0.029,51.73,17.28,0.01733,45.31,23.7,0.02695,63.01,6.0,0.05363,47.47,21.54,0.02268,51.57,17.44,0.01748,49.1,19.91,0.01793,41.61,27.4,0.04862,60.54,8.47,0.04594,52.94,16.07,0.01799,42.36,26.65,0.04395,40.25,28.76,0.0563,32.41,36.6,0.10114,68.59,0.42,0.07069,66.21,2.8,0.06297,63.35,5.66,0.05496,57.54,11.47,0.03292,40.95,28.06,0.06025,68.89,0.12,0.06949,68.09,0.92,0.06477,67.35,1.66,0.06318,66.2,2.81,0.05938,62.97,6.04,0.04775,68.05,0.96,0.06647,65.11,3.9,0.0586,62.72,6.29,0.05274,57.8,11.21,0.03437,40.04,28.97,0.06467,60.7,8.31,0.04197,60.89,8.12,0.04303,58.09,10.92,0.0385,51.22,17.79,0.01738,45.02,23.99,0.0143,65.3,3.71,0.05988,57.56,11.45,0.0326,52.05,16.96,0.01345,33.01,36.0,0.12036,20.4,48.61,0.2295,56.89,12.12,0.02478,50.73,18.28,0.01577,48.04,20.97,0.01686,45.31,23.7,0.02497,41.17,27.84,0.0425
cifar100,convnext_tiny,baseline,baseline,False,112.44,1.0,28091428.0,25.601,40.36,71.27,0.11857,100.0,100.0,100.0,100.0,100.0,31.98,8.38,0.08719,25.37,14.99,0.05192,19.37,20.99,0.02211,17.23,23.13,0.02075,15.09,25.27,0.03096,35.21,5.15,0.10598,31.59,8.77,0.09007,22.92,17.44,0.04036,20.62,19.74,0.02717,16.74,23.62,0.02187,36.18,4.18,0.10819,31.14,9.22,0.08877,26.28,14.08,0.06527,17.96,22.4,0.02251,12.28,28.08,0.02841,40.1,0.26,0.11537,39.19,1.17,0.10847,36.84,3.52,0.09127,34.32,6.04,0.07179,29.52,10.84,0.03855,26.17,14.19,0.02899,26.84,13.52,0.03231,28.62,11.74,0.0464,22.01,18.35,0.02123,23.13,17.23,0.01862,37.47,2.89,0.09854,34.64,5.72,0.07865,31.78,8.58,0.05788,31.95,8.41,0.06004,29.39,10.97,0.03942,36.11,4.25,0.08974,35.18,5.18,0.08152,34.04,6.32,0.07456,32.21,8.15,0.05887,30.46,9.9,0.04656,36.82,3.54,0.1106,29.48,10.88,0.07231,30.63,9.73,0.08589,28.74,11.62,0.07459,26.38,13.98,0.0543,37.48,2.88,0.11418,33.86,6.5,0.09675,28.28,12.08,0.06021,27.81,12.55,0.06023,22.4,17.96,0.02485,40.22,0.14,0.12032,37.88,2.48,0.10935,35.4,4.96,0.09678,30.15,10.21,0.06423,20.17,20.19,0.01257,40.47,-0.11,0.1211,39.91,0.45,0.11857,39.03,1.33,0.11394,37.54,2.82,0.10384,34.43,5.93,0.08406,39.97,0.39,0.12145,36.36,4.0,0.10358,32.86,7.5,0.08199,27.36,13.0,0.0443,13.93,26.43,0.06241,36.03,4.33,0.09541,36.38,3.98,0.09659,35.19,5.17,0.08688,33.45,6.91,0.07878,30.87,9.49,0.06333,39.14,1.22,0.11014,35.92,4.44,0.08389,33.97,6.39,0.06955,26.58,13.78,0.03079,22.83,17.53,0.03733,38.55,1.81,0.11392,37.43,2.93,0.10608,36.75,3.61,0.10138,36.41,3.95,0.09903,35.61,4.75,0.09436
cifar100,convnext_tiny,pruning,pruning,False,112.439,1.0,28091428.0,24.114,40.8,72.1,0.12383,99.136,99.522,99.147,99.03,98.941,32.24,8.56,0.09204,25.25,15.55,0.05322,19.59,21.21,0.0245,17.2,23.6,0.02539,15.13,25.67,0.02895,35.83,4.97,0.11404,32.26,8.54,0.09844,23.2,17.6,0.04408,20.74,20.06,0.03042,17.1,23.7,0.02174,36.99,3.81,0.11723,31.89,8.91,0.09736,26.95,13.85,0.07389,18.43,22.37,0.02573,12.55,28.25,0.02372,40.98,-0.18,0.12537,39.96,0.84,0.11828,37.72,3.08,0.10328,35.22,5.58,0.08486,30.37,10.43,0.05082,25.87,14.93,0.0324,26.75,14.05,0.03173,28.9,11.9,0.05123,21.38,19.42,0.02615,23.2,17.6,0.01796,38.46,2.34,0.11029,35.22,5.58,0.08684,32.55,8.25,0.06891,32.57,8.23,0.06945,30.09,10.71,0.04973,36.58,4.22,0.09724,36.4,4.4,0.09741,34.72,6.08,0.08503,33.16,7.64,0.07334,30.99,9.81,0.05702,37.6,3.2,0.11908,29.94,10.86,0.07797,31.08,9.72,0.09064,29.11,11.69,0.07814,26.89,13.91,0.05905,38.1,2.7,0.12049,34.63,6.17,0.10462,28.74,12.06,0.06618,28.01,12.79,0.06265,22.45,18.35,0.02624,40.83,-0.03,0.12725,38.65,2.15,0.11819,36.08,4.72,0.10564,30.74,10.06,0.07228,20.88,19.92,0.01305,41.04,-0.24,0.12721,40.86,-0.06,0.12788,40.04,0.76,0.12357,38.65,2.15,0.1142,35.55,5.25,0.09423,40.77,0.03,0.12999,37.65,3.15,0.11706,33.94,6.86,0.09323,28.02,12.78,0.05229,14.4,26.4,0.05315,36.79,4.01,0.10543,37.29,3.51,0.10767,35.8,5.0,0.09576,34.1,6.7,0.08843,31.47,9.33,0.07179,40.03,0.77,0.1197,36.73,4.07,0.09295,34.6,6.2,0.07665,26.84,13.96,0.03297,22.57,18.23,0.04093,39.29,1.51,0.12223,38.04,2.76,0.1147,37.68,3.12,0.11223,37.4,3.4,0.11082,36.27,4.53,0.103
cifar100,convnext_tiny,ptq,ptq,True,29.687,3.788,,17.417,36.86,67.79,0.11076,103.193,103.714,102.25,103.674,103.265,27.99,8.87,0.07292,22.45,14.41,0.0456,17.29,19.57,0.02326,15.25,21.61,0.02542,13.72,23.14,0.03014,31.25,5.61,0.09301,27.59,9.27,0.07537,20.29,16.57,0.03721,18.15,18.71,0.02566,14.97,21.89,0.02578,32.08,4.78,0.09759,27.49,9.37,0.08047,22.51,14.35,0.05217,15.67,21.19,0.02656,11.01,25.85,0.02764,37.01,-0.15,0.11032,36.57,0.29,0.10574,35.24,1.62,0.09525,33.21,3.65,0.07787,28.93,7.93,0.04255,23.83,13.03,0.03018,24.85,12.01,0.0342,26.82,10.04,0.04973,19.98,16.88,0.02287,21.33,15.53,0.02066,35.58,1.28,0.09958,33.79,3.07,0.08498,31.11,5.75,0.06436,31.45,5.41,0.06687,29.91,6.95,0.05423,34.12,2.74,0.08919,32.83,4.03,0.07639,32.15,4.71,0.0716,31.16,5.7,0.06278,29.43,7.43,0.04857,33.06,3.8,0.09781,26.46,10.4,0.05836,27.12,9.74,0.06805,25.9,10.96,0.06246,23.75,13.11,0.04267,34.59,2.27,0.1091,31.55,5.31,0.09488,26.37,10.49,0.0607,25.96,10.9,0.05843,21.07,15.79,0.02566,37.07,-0.21,0.11492,35.58,1.28,0.11104,33.36,3.5,0.09907,28.46,8.4,0.06795,20.12,16.74,0.01296,37.2,-0.34,0.11496,36.87,-0.01,0.11475,36.34,0.52,0.1137,35.09,1.77,0.10552,32.05,4.81,0.08458,36.46,0.4,0.11123,33.51,3.35,0.09584,30.17,6.69,0.07244,25.84,11.02,0.04234,13.4,23.46,0.06321,33.88,2.98,0.09727,34.26,2.6,0.09691,33.29,3.57,0.0872,31.1,5.76,0.07396,28.51,8.35,0.05826,36.07,0.79,0.10669,33.53,3.33,0.0856,32.34,4.52,0.07655,26.05,10.81,0.04027,22.35,14.51,0.04087,35.43,1.43,0.10859,34.84,2.02,0.10486,34.21,2.65,0.10045,33.82,3.04,0.09664,33.22,3.64,0.0932
cifar100,convnext_tiny,qat,qat,True,29.687,3.788,,15.588,37.05,67.91,0.12887,103.408,101.519,104.354,103.683,103.605,30.99,6.06,0.11093,25.14,11.91,0.07845,18.99,18.06,0.03821,17.26,19.79,0.02811,14.98,22.07,0.02285,33.64,3.41,0.1261,30.16,6.89,0.10828,22.22,14.83,0.05903,19.97,17.08,0.04502,16.41,20.64,0.02606,33.76,3.29,0.12548,28.64,8.41,0.1015,23.69,13.36,0.07442,15.73,21.32,0.02576,11.22,25.83,0.01765,37.25,-0.2,0.1293,35.4,1.65,0.11173,33.49,3.56,0.09721,31.0,6.05,0.0758,26.45,10.6,0.03903,25.05,12.0,0.05487,25.29,11.76,0.05338,26.98,10.07,0.06515,20.36,16.69,0.0173,21.71,15.34,0.02341,34.29,2.76,0.10786,30.74,6.31,0.07895,28.35,8.7,0.05978,27.83,9.22,0.05422,25.87,11.18,0.03996,33.06,3.99,0.09942,31.82,5.23,0.0877,30.36,6.69,0.07464,29.46,7.59,0.06816,27.03,10.02,0.04659,34.07,2.98,0.12267,27.07,9.98,0.08057,27.69,9.36,0.09018,26.67,10.38,0.08494,24.83,12.22,0.06961,35.16,1.89,0.12808,32.56,4.49,0.11804,26.93,10.12,0.07771,26.13,10.92,0.07321,21.91,15.14,0.04385,36.8,0.25,0.12848,34.53,2.52,0.11513,32.04,5.01,0.10005,26.98,10.07,0.06437,18.01,19.04,0.01502,37.18,-0.13,0.12956,37.14,-0.09,0.13197,35.83,1.22,0.122,34.6,2.45,0.11277,32.05,5.0,0.09624,36.56,0.49,0.12847,33.13,3.92,0.10992,29.56,7.49,0.08336,24.33,12.72,0.04466,11.61,25.44,0.07027,32.77,4.28,0.10037,33.35,3.7,0.10502,31.91,5.14,0.09217,30.19,6.86,0.08298,28.27,8.78,0.07343,36.5,0.55,0.12282,34.05,3.0,0.1015,32.27,4.78,0.08449,25.73,11.32,0.03283,23.31,13.74,0.03084,36.67,0.38,0.13334,34.97,2.08,0.11883,34.63,2.42,0.11573,34.29,2.76,0.11289,33.42,3.63,0.10697
cifar100,convnext_tiny,pruning_qat,pruning_qat,True,29.71,3.785,,14.647,37.6,68.61,0.13268,103.476,101.877,104.258,103.687,103.683,30.98,6.62,0.10865,24.82,12.78,0.07438,18.47,19.13,0.03145,16.64,20.96,0.01839,14.71,22.89,0.01742,33.23,4.37,0.12112,29.64,7.96,0.10303,22.03,15.57,0.05601,19.82,17.78,0.04323,15.97,21.63,0.01877,33.3,4.3,0.12008,28.91,8.69,0.10275,23.7,13.9,0.07287,15.67,21.93,0.0211,10.81,26.79,0.02126,37.38,0.22,0.13024,36.54,1.06,0.12232,33.65,3.95,0.09905,31.43,6.17,0.08032,26.49,11.11,0.03961,24.26,13.34,0.04398,24.57,13.03,0.04473,26.55,11.05,0.05981,19.78,17.82,0.0241,21.27,16.33,0.0209,34.52,3.08,0.11004,31.01,6.59,0.08013,28.34,9.26,0.06018,28.13,9.47,0.05686,25.8,11.8,0.03634,33.13,4.47,0.09932,32.29,5.31,0.09156,30.79,6.81,0.07831,29.35,8.25,0.06601,27.4,10.2,0.04966,33.98,3.62,0.11951,27.06,10.54,0.07812,28.32,9.28,0.09389,25.93,11.67,0.07642,25.02,12.58,0.06836,34.98,2.62,0.12426,31.8,5.8,0.10851,26.41,11.19,0.06948,25.89,11.71,0.06744,21.3,16.3,0.03231,36.91,0.69,0.12825,34.85,2.75,0.11666,32.07,5.53,0.09845,27.08,10.52,0.06261,18.34,19.26,0.01249,37.61,-0.01,0.13333,37.13,0.47,0.13107,36.21,1.39,0.12416,34.95,2.65,0.11451,32.08,5.52,0.09501,36.38,1.22,0.12515,33.18,4.42,0.10778,29.43,8.17,0.08,23.94,13.66,0.03753,11.46,26.14,0.07649,33.07,4.53,0.10311,33.72,3.88,0.10668,32.07,5.53,0.09246,30.46,7.14,0.08494,27.93,9.67,0.06812,36.94,0.66,0.1258,34.1,3.5,0.10155,31.88,5.72,0.08093,25.26,12.34,0.02667,22.45,15.15,0.03392,36.48,1.12,0.13084,35.04,2.56,0.11854,34.75,2.85,0.11722,34.17,3.43,0.11107,33.68,3.92,0.10911
cifar100,convnext_tiny,pruning_kd,pruning_kd,False,112.441,1.0,28091428.0,24.171,41.41,71.93,0.13038,98.761,98.982,99.057,98.504,98.556,33.02,8.39,0.10174,25.9,15.51,0.06144,20.05,21.36,0.02597,17.44,23.97,0.02396,15.56,25.85,0.02489,36.39,5.02,0.12114,32.33,9.08,0.10217,23.7,17.71,0.05071,21.12,20.29,0.0385,17.49,23.92,0.02154,37.46,3.95,0.12336,32.59,8.82,0.10667,27.17,14.24,0.07846,18.41,23.0,0.02755,12.9,28.51,0.02059,41.11,0.3,0.12638,39.85,1.56,0.11587,37.49,3.92,0.09874,35.16,6.25,0.0813,30.15,11.26,0.04413,26.8,14.61,0.03996,27.5,13.91,0.04393,29.6,11.81,0.06075,22.02,19.39,0.0228,23.64,17.77,0.02235,38.52,2.89,0.1108,34.98,6.43,0.08413,32.13,9.28,0.06342,32.17,9.24,0.0643,29.95,11.46,0.04704,37.15,4.26,0.10011,36.11,5.3,0.0915,34.7,6.71,0.08177,32.9,8.51,0.0667,30.75,10.66,0.05194,37.9,3.51,0.12283,30.66,10.75,0.08627,31.55,9.86,0.0958,29.53,11.88,0.08303,27.18,14.23,0.06334,38.61,2.8,0.12629,35.01,6.4,0.10937,29.22,12.19,0.071,28.22,13.19,0.06482,22.64,18.77,0.02927,41.48,-0.07,0.13401,38.77,2.64,0.11895,36.54,4.87,0.10963,31.08,10.33,0.07595,20.91,20.5,0.01862,41.58,-0.17,0.13302,41.18,0.23,0.13156,40.44,0.97,0.12784,38.75,2.66,0.11526,35.7,5.71,0.09523,41.21,0.2,0.13465,37.71,3.7,0.11726,34.26,7.15,0.09604,28.66,12.75,0.05817,14.59,26.82,0.05241,37.38,4.03,0.10989,37.17,4.24,0.1051,35.88,5.53,0.09475,34.03,7.38,0.086,31.5,9.91,0.07174,40.3,1.11,0.12323,36.98,4.43,0.09619,35.14,6.27,0.08219,27.38,14.03,0.03724,23.31,18.1,0.03684,39.3,2.11,0.12319,38.17,3.24,0.11678,37.81,3.6,0.11467,37.71,3.7,0.11463,36.41,5.0,0.10551
cifar100,convnext_tiny,quant_int8,quant_int8,True,29.71,3.785,,14.603,37.04,67.78,0.1121,103.187,103.695,102.278,103.618,103.284,27.94,9.1,0.07379,22.44,14.6,0.04629,17.22,19.82,0.02214,15.41,21.63,0.02609,14.13,22.91,0.02387,31.07,5.97,0.09107,27.47,9.57,0.07454,20.62,16.42,0.0352,18.03,19.01,0.02637,14.9,22.14,0.02574,32.23,4.81,0.09911,27.04,10.0,0.07616,22.62,14.42,0.05619,15.95,21.09,0.02251,10.87,26.17,0.02839,37.13,-0.09,0.11127,36.26,0.78,0.10235,35.1,1.94,0.09382,33.28,3.76,0.07778,29.02,8.02,0.04317,23.94,13.1,0.03182,24.82,12.22,0.0335,26.8,10.24,0.04907,20.11,16.93,0.02029,21.62,15.42,0.01692,35.74,1.3,0.10095,33.4,3.64,0.08143,30.95,6.09,0.06152,31.2,5.84,0.06439,29.65,7.39,0.05355,34.39,2.65,0.09034,33.42,3.62,0.08153,32.21,4.83,0.07175,30.85,6.19,0.05901,29.09,7.95,0.04494,33.41,3.63,0.09954,26.51,10.53,0.05784,27.08,9.96,0.06691,26.1,10.94,0.06291,24.14,12.9,0.0447,34.87,2.17,0.11204,31.25,5.79,0.09213,26.09,10.95,0.05684,25.51,11.53,0.05442,20.77,16.27,0.02438,37.08,-0.04,0.114,35.72,1.32,0.1109,33.66,3.38,0.10101,28.53,8.51,0.06826,20.08,16.96,0.01209,37.39,-0.35,0.11633,36.91,0.13,0.11465,36.1,0.94,0.11014,35.13,1.91,0.10524,32.35,4.69,0.08693,36.26,0.78,0.10893,33.3,3.74,0.09307,30.1,6.94,0.07047,25.83,11.21,0.04124,13.89,23.15,0.06024,33.66,3.38,0.09386,34.28,2.76,0.09658,33.23,3.81,0.08599,31.62,5.42,0.07805,28.33,8.71,0.05583,36.04,1.0,0.10577,33.42,3.62,0.08527,32.25,4.79,0.07717,25.71,11.33,0.04208,22.1,14.94,0.03963,35.64,1.4,0.10952,34.88,2.16,0.10486,34.15,2.89,0.09836,34.04,3.0,0.09842,33.25,3.79,0.09361
cifar100,convnext_tiny,sparsity,sparsity,False,112.44,1.0,28091428.0,26.465,34.69,65.8,0.12292,99.213,99.42,99.295,99.036,99.153,29.1,5.59,0.09782,24.18,10.51,0.06598,19.78,14.91,0.03629,17.54,17.15,0.02407,16.26,18.43,0.02038,30.92,3.77,0.10814,28.4,6.29,0.09597,22.51,12.18,0.05881,20.56,14.13,0.04348,17.35,17.34,0.02188,31.34,3.35,0.11388,26.08,8.61,0.08187,21.77,12.92,0.05594,15.68,19.01,0.01615,12.09,22.6,0.02148,34.63,0.06,0.12038,33.26,1.43,0.10635,31.37,3.32,0.09145,28.73,5.96,0.0685,24.01,10.68,0.03178,26.86,7.83,0.07701,27.75,6.94,0.08294,28.69,6.0,0.08618,22.96,11.73,0.04733,24.86,9.83,0.06066,32.78,1.91,0.10467,30.29,4.4,0.0862,27.82,6.87,0.06822,27.92,6.77,0.06847,25.26,9.43,0.04716,31.87,2.82,0.09437,31.06,3.63,0.08795,29.89,4.8,0.07891,28.22,6.47,0.0654,26.36,8.33,0.05081,31.61,3.08,0.11232,26.51,8.18,0.08443,26.23,8.46,0.08316,24.84,9.85,0.07481,21.92,12.77,0.05093,31.58,3.11,0.1082,28.75,5.94,0.09317,24.32,10.37,0.06455,23.83,10.86,0.06149,19.36,15.33,0.02891,34.64,0.05,0.1273,31.62,3.07,0.11037,27.89,6.8,0.08403,23.53,11.16,0.05427,13.77,20.92,0.02664,34.53,0.16,0.12137,33.89,0.8,0.11592,32.71,1.98,0.10598,31.51,3.18,0.09624,28.09,6.6,0.06684,33.88,0.81,0.12129,29.14,5.55,0.09031,25.11,9.58,0.0601,19.94,14.75,0.02042,9.19,25.5,0.07012,31.06,3.63,0.09518,31.53,3.16,0.09728,30.25,4.44,0.08533,29.42,5.27,0.08026,28.65,6.04,0.07847,33.97,0.72,0.11159,32.85,1.84,0.10209,33.46,1.23,0.10714,32.77,1.92,0.10065,31.67,3.02,0.09374,33.37,1.32,0.11986,33.05,1.64,0.11942,32.72,1.97,0.11651,32.22,2.47,0.11248,31.72,2.97,0.10833
cifar100,convnext_tiny,sparsity_quant_int8,sparsity_quant_int8,True,29.715,3.784,,16.611,31.47,62.28,0.09706,102.289,101.992,102.32,102.028,102.743,26.13,5.34,0.07188,22.06,9.41,0.04706,18.26,13.21,0.02398,16.42,15.05,0.01943,14.98,16.49,0.02008,27.61,3.86,0.07947,25.37,6.1,0.06909,20.36,11.11,0.03797,18.64,12.83,0.02824,16.11,15.36,0.02353,28.33,3.14,0.08987,23.81,7.66,0.06479,20.12,11.35,0.04291,14.47,17.0,0.01662,10.78,20.69,0.03199,31.29,0.18,0.09372,30.54,0.93,0.08431,28.73,2.74,0.06703,26.68,4.79,0.04898,22.21,9.26,0.01872,24.97,6.5,0.06066,25.58,5.89,0.06335,27.28,4.19,0.07497,21.97,9.5,0.03909,22.86,8.61,0.04319,29.93,1.54,0.08041,27.84,3.63,0.06536,25.36,6.11,0.04365,25.56,5.91,0.04549,23.52,7.95,0.02906,29.41,2.06,0.0734,28.76,2.71,0.06788,27.7,3.77,0.0595,26.54,4.93,0.04938,24.59,6.88,0.03364,28.63,2.84,0.08724,23.6,7.87,0.05537,24.02,7.45,0.06267,22.35,9.12,0.05055,20.37,11.1,0.03367,28.87,2.6,0.08413,26.29,5.18,0.07069,21.98,9.49,0.03868,21.45,10.02,0.03535,17.96,13.51,0.01622,31.64,-0.17,0.10271,29.87,1.6,0.09586,26.57,4.9,0.07413,22.25,9.22,0.04242,13.68,17.79,0.02638,31.58,-0.11,0.09893,31.14,0.33,0.0945,29.84,1.63,0.08309,29.17,2.3,0.07842,26.29,5.18,0.05319,31.3,0.17,0.09967,27.01,4.46,0.07004,23.71,7.76,0.04569,18.47,13.0,0.00872,8.55,22.92,0.08645,28.38,3.09,0.07316,28.38,3.09,0.0708,27.64,3.83,0.06289,27.64,3.83,0.06567,26.63,4.84,0.06098,30.99,0.48,0.08834,29.64,1.83,0.07687,30.44,1.03,0.08259,30.28,1.19,0.08236,29.07,2.4,0.07298,30.29,1.18,0.09464,30.03,1.44,0.09321,29.33,2.14,0.08638,29.29,2.18,0.08596,28.76,2.71,0.0817
cifar100,convnext_tiny,clustering,clustering,False,112.44,1.0,28091428.0,34.925,19.13,48.86,0.04337,115.675,107.988,117.375,116.246,119.168,18.16,0.97,0.04113,17.15,1.98,0.03908,15.25,3.88,0.02811,14.49,4.64,0.02507,13.62,5.51,0.02009,18.78,0.35,0.04401,18.45,0.68,0.0448,16.72,2.41,0.03854,16.38,2.75,0.0392,14.61,4.52,0.0298,17.6,1.53,0.04002,15.72,3.41,0.02858,14.51,4.62,0.02423,11.85,7.28,0.0162,9.81,9.32,0.02155,18.45,0.68,0.03495,17.17,1.96,0.02016,15.95,3.18,0.01254,14.46,4.67,0.01932,12.65,6.48,0.03611,17.83,1.3,0.04114,18.06,1.07,0.04194,17.46,1.67,0.03014,16.1,3.03,0.02928,16.15,2.98,0.02402,17.05,2.08,0.02068,16.06,3.07,0.01255,14.9,4.23,0.01139,14.95,4.18,0.01213,14.22,4.91,0.01792,16.29,2.84,0.00938,15.7,3.43,0.01145,14.93,4.2,0.01528,14.29,4.84,0.01814,13.49,5.64,0.02517,18.49,0.64,0.04427,16.9,2.23,0.03998,16.12,3.01,0.03344,14.26,4.87,0.02111,12.82,6.31,0.01062,17.07,2.06,0.03094,15.56,3.57,0.02447,13.17,5.96,0.0096,13.47,5.66,0.00945,12.31,6.82,0.00597,18.93,0.2,0.04245,16.99,2.14,0.02683,14.82,4.31,0.01514,12.5,6.63,0.02321,9.14,9.99,0.04074,18.39,0.74,0.03573,17.15,1.98,0.02359,15.76,3.37,0.01338,14.88,4.25,0.01356,12.63,6.5,0.02293,17.73,1.4,0.02962,13.75,5.38,0.02374,11.64,7.49,0.03438,9.33,9.8,0.04711,5.82,13.31,0.06431,16.09,3.04,0.01802,16.77,2.36,0.01864,15.55,3.58,0.01195,15.76,3.37,0.01135,15.66,3.47,0.00814,18.07,1.06,0.03102,16.45,2.68,0.01719,17.51,1.62,0.02361,16.47,2.66,0.01419,16.11,3.02,0.01413,18.98,0.15,0.04371,18.49,0.64,0.03901,18.46,0.67,0.03854,18.2,0.93,0.03753,17.98,1.15,0.03462
cifar100,convnext_tiny,clustering_quant_int8,clustering_quant_int8,True,29.716,3.784,,17.091,15.84,44.15,0.01405,118.357,112.754,118.913,118.77,121.592,14.62,1.22,0.0132,13.31,2.53,0.01574,11.37,4.47,0.02145,10.98,4.86,0.02282,9.76,6.08,0.03067,15.24,0.6,0.00999,14.46,1.38,0.01602,12.6,3.24,0.01201,12.18,3.66,0.01661,10.65,5.19,0.02542,13.78,2.06,0.01167,11.96,3.88,0.0188,10.83,5.01,0.02326,8.53,7.31,0.03254,6.97,8.87,0.04601,16.19,-0.35,0.01625,15.98,-0.14,0.00951,15.26,0.58,0.01052,14.6,1.24,0.01679,13.63,2.21,0.0293,14.13,1.71,0.00822,14.13,1.71,0.01005,14.79,1.05,0.00695,12.06,3.78,0.01935,13.07,2.77,0.0116,15.68,0.16,0.0136,15.35,0.49,0.00959,14.84,1.0,0.01138,15.04,0.8,0.00973,14.41,1.43,0.01537,15.58,0.26,0.00653,15.54,0.3,0.01128,14.9,0.94,0.01203,14.58,1.26,0.01656,13.78,2.06,0.02419,15.12,0.72,0.01634,13.51,2.33,0.01019,12.93,2.91,0.00673,11.9,3.94,0.00604,10.75,5.09,0.00998,14.58,1.26,0.01411,12.92,2.92,0.00504,10.73,5.11,0.0151,11.2,4.64,0.012,10.42,5.42,0.01473,16.67,-0.83,0.02278,16.61,-0.77,0.02762,15.32,0.52,0.01849,13.52,2.32,0.01248,9.93,5.91,0.02403,15.74,0.1,0.01448,15.14,0.7,0.00848,14.05,1.79,0.00814,12.81,3.03,0.01471,10.67,5.17,0.03313,15.46,0.38,0.00666,13.36,2.48,0.01513,11.36,4.48,0.03233,8.79,7.05,0.05651,5.04,10.8,0.08915,14.92,0.92,0.00651,14.95,0.89,0.00812,14.56,1.28,0.01217,14.25,1.59,0.01316,14.61,1.23,0.01162,15.64,0.2,0.01345,15.24,0.6,0.01217,15.72,0.12,0.01157,15.36,0.48,0.00796,15.1,0.74,0.0095,15.62,0.22,0.01146,15.39,0.45,0.01117,15.46,0.38,0.01305,15.33,0.51,0.01059,15.0,0.84,0.00749
cifar100,convnext_tiny,sparsity_clustering,sparsity_clustering,False,112.442,1.0,28091428.0,21.314,17.24,46.08,0.02363,117.256,109.59,119.368,117.064,121.084,16.78,0.46,0.02722,15.59,1.65,0.02459,14.35,2.89,0.01975,13.5,3.74,0.01802,12.21,5.03,0.01601,17.37,-0.13,0.03033,17.04,0.2,0.03152,15.45,1.79,0.02834,14.9,2.34,0.02725,13.42,3.82,0.02419,16.28,0.96,0.02397,14.42,2.82,0.01416,13.12,4.12,0.01422,11.02,6.22,0.01015,8.88,8.36,0.02232,16.47,0.77,0.0177,15.31,1.93,0.01454,14.11,3.13,0.02367,13.04,4.2,0.03053,11.35,5.89,0.04534,17.47,-0.23,0.03463,16.97,0.27,0.0294,16.26,0.98,0.0162,15.54,1.7,0.02093,15.91,1.33,0.01848,15.4,1.84,0.01229,14.19,3.05,0.02055,13.4,3.84,0.02343,13.23,4.01,0.02583,12.42,4.82,0.03301,14.53,2.71,0.01851,13.91,3.33,0.02259,13.34,3.9,0.02582,12.77,4.47,0.02908,12.12,5.12,0.03396,17.02,0.22,0.02737,16.25,0.99,0.02925,15.27,1.97,0.02104,13.57,3.67,0.01251,12.53,4.71,0.00968,16.58,0.66,0.02184,15.12,2.12,0.01172,13.59,3.65,0.0059,14.02,3.22,0.01203,12.96,4.28,0.00641,17.18,0.06,0.02468,15.61,1.63,0.01543,13.97,3.27,0.01596,12.24,5.0,0.02164,8.65,8.59,0.04185,16.99,0.25,0.02098,16.38,0.86,0.01435,15.43,1.81,0.01048,14.25,2.99,0.01826,11.91,5.33,0.04003,16.28,0.96,0.01343,13.11,4.13,0.02476,11.41,5.83,0.03716,9.46,7.78,0.05271,5.95,11.29,0.07571,14.63,2.61,0.01519,14.56,2.68,0.01186,13.69,3.55,0.01974,13.75,3.49,0.01823,14.29,2.95,0.01205,16.08,1.16,0.01804,14.43,2.81,0.02093,15.56,1.68,0.01217,14.78,2.46,0.01313,14.12,3.12,0.02351,17.91,-0.67,0.03206,17.01,0.23,0.02409,17.3,-0.06,0.02609,17.03,0.21,0.02551,16.94,0.3,0.02281
cifar100,convnext_tiny,sparsity_clustering_quant_int8,sparsity_clustering_quant_int8,True,29.721,3.783,,17.768,13.86,38.67,0.01537,121.186,115.171,121.992,121.457,124.619,12.74,1.12,0.01714,11.25,2.61,0.02463,9.9,3.96,0.03296,8.9,4.96,0.04215,7.78,6.08,0.05124,13.11,0.75,0.01831,12.72,1.14,0.01672,10.99,2.87,0.02467,10.09,3.77,0.03152,8.74,5.12,0.0405,11.97,1.89,0.02163,9.89,3.97,0.03835,8.72,5.14,0.04315,6.59,7.27,0.06076,5.5,8.36,0.0737,13.85,0.01,0.01628,13.29,0.57,0.02292,12.8,1.06,0.02904,12.29,1.57,0.03569,11.62,2.24,0.0472,12.65,1.21,0.01769,12.93,0.93,0.01646,12.75,1.11,0.01967,11.29,2.57,0.0254,12.33,1.53,0.01784,13.0,0.86,0.02417,12.57,1.29,0.03071,12.73,1.13,0.03008,12.38,1.48,0.03456,11.75,2.11,0.04179,12.95,0.91,0.02531,12.51,1.35,0.03172,12.18,1.68,0.03538,12.02,1.84,0.03656,11.7,2.16,0.04114,12.89,0.97,0.01626,11.94,1.92,0.01668,10.83,3.03,0.0278,9.6,4.26,0.03381,8.7,5.16,0.03813,12.68,1.18,0.01918,11.27,2.59,0.02512,9.79,4.07,0.0343,10.33,3.53,0.02757,9.26,4.6,0.0331,14.32,-0.46,0.01085,13.84,0.02,0.01284,12.16,1.7,0.01919,10.68,3.18,0.02901,7.8,6.06,0.05077,13.5,0.36,0.0184,12.83,1.03,0.02488,12.05,1.81,0.02877,11.13,2.73,0.03693,9.66,4.2,0.0498,13.46,0.4,0.01581,11.54,2.32,0.02993,9.89,3.97,0.04529,7.97,5.89,0.05994,4.89,8.97,0.08142,11.87,1.99,0.03139,12.13,1.73,0.03125,12.24,1.62,0.03156,12.07,1.79,0.03187,12.05,1.81,0.02978,13.16,0.7,0.02182,12.73,1.13,0.02568,13.65,0.21,0.01932,12.65,1.21,0.03039,12.98,0.88,0.02349,13.65,0.21,0.0167,13.24,0.62,0.0181,13.1,0.76,0.01907,12.96,0.9,0.0204,12.66,1.2,0.02297
cifar100,convnext_tiny,qat_only,qat_only,True,29.709,3.785,,31.345,31.27,62.85,0.10696,102.543,101.194,103.119,102.232,103.289,27.18,4.09,0.08926,23.03,8.24,0.06303,19.09,12.18,0.03666,17.17,14.1,0.02917,15.89,15.38,0.02139,28.22,3.05,0.09384,26.28,4.99,0.08594,20.85,10.42,0.0496,19.81,11.46,0.04338,16.65,14.62,0.02124,28.46,2.81,0.10016,23.77,7.5,0.0703,20.27,11.0,0.04902,14.64,16.63,0.0179,11.47,19.8,0.01946,31.42,-0.15,0.10639,29.78,1.49,0.08958,28.01,3.26,0.07461,25.98,5.29,0.05764,21.94,9.33,0.0244,25.36,5.91,0.0737,25.67,5.6,0.07373,26.4,4.87,0.07517,21.68,9.59,0.04468,22.86,8.41,0.05137,29.37,1.9,0.0883,27.04,4.23,0.07069,24.6,6.67,0.04939,24.58,6.69,0.04882,22.66,8.61,0.03376,28.76,2.51,0.08012,27.83,3.44,0.07355,26.87,4.4,0.06548,25.41,5.86,0.05313,23.72,7.55,0.03959,28.79,2.48,0.09762,24.75,6.52,0.07562,24.2,7.07,0.072,23.22,8.05,0.06682,20.27,11.0,0.04097,28.99,2.28,0.09517,26.34,4.93,0.07833,21.83,9.44,0.04725,21.92,9.35,0.04798,18.34,12.93,0.02116,31.2,0.07,0.11005,28.2,3.07,0.0905,24.6,6.67,0.06402,20.83,10.44,0.03695,12.7,18.57,0.03105,31.65,-0.38,0.10999,31.17,0.1,0.10507,30.53,0.74,0.09895,29.06,2.21,0.08579,25.93,5.34,0.05818,30.72,0.55,0.10754,25.82,5.45,0.07202,21.84,9.43,0.0403,16.58,14.69,0.00856,7.15,24.12,0.0921,28.04,3.23,0.08179,28.65,2.62,0.08519,27.36,3.91,0.07237,26.97,4.3,0.07263,26.13,5.14,0.06823,30.89,0.38,0.10108,29.67,1.6,0.08856,30.09,1.18,0.09327,29.8,1.47,0.0901,28.65,2.62,0.08142,30.54,0.73,0.10661,30.18,1.09,0.10417,29.65,1.62,0.09914,29.68,1.59,0.10044,29.13,2.14,0.09573
cifar100,convnext_tiny,qat_int8,qat_int8,True,29.709,3.785,,20.51,31.61,62.51,0.11084,102.587,101.309,103.088,102.338,103.292,26.88,4.73,0.08645,23.23,8.38,0.06473,18.68,12.93,0.03283,16.69,14.92,0.02628,15.72,15.89,0.01569,28.33,3.28,0.09435,26.32,5.29,0.08531,20.89,10.72,0.04893,20.01,11.6,0.04468,16.49,15.12,0.01878,28.6,3.01,0.10165,23.89,7.72,0.07146,20.08,11.53,0.04693,14.33,17.28,0.01397,11.28,20.33,0.02307,31.23,0.38,0.10505,30.0,1.61,0.09286,28.15,3.46,0.07552,25.84,5.77,0.05622,21.8,9.81,0.0229,24.98,6.63,0.06928,25.64,5.97,0.07317,26.48,5.13,0.07601,22.08,9.53,0.04752,22.99,8.62,0.05263,29.34,2.27,0.08824,26.97,4.64,0.07014,24.97,6.64,0.05331,24.57,7.04,0.04889,22.46,9.15,0.0313,29.0,2.61,0.08359,27.84,3.77,0.07295,26.57,5.04,0.06234,25.51,6.1,0.05444,23.96,7.65,0.04183,29.1,2.51,0.10068,24.55,7.06,0.07397,24.6,7.01,0.07654,22.97,8.64,0.06498,19.92,11.69,0.04019,28.84,2.77,0.09365,26.18,5.43,0.07823,21.71,9.9,0.04569,21.57,10.04,0.04546,18.08,13.53,0.01855,30.86,0.75,0.10701,28.61,3.0,0.09439,25.14,6.47,0.06983,20.92,10.69,0.03924,12.82,18.79,0.02997,31.38,0.23,0.10706,30.96,0.65,0.10294,30.24,1.37,0.09635,29.11,2.5,0.08646,25.46,6.15,0.05448,30.55,1.06,0.10584,25.72,5.89,0.07106,21.92,9.69,0.0413,17.06,14.55,0.00884,7.39,24.22,0.0889,27.95,3.66,0.0808,28.5,3.11,0.08445,27.38,4.23,0.07331,26.41,5.2,0.06642,26.0,5.61,0.06675,30.82,0.79,0.0992,29.58,2.03,0.08771,30.22,1.39,0.09447,29.65,1.96,0.08885,28.75,2.86,0.08195,30.81,0.8,0.1094,30.33,1.28,0.10557,29.6,2.01,0.09859,29.82,1.79,0.1022,29.07,2.54,0.09532
cifar100,convnext_tiny,cqat,cqat,True,29.688,3.787,,23.516,27.88,58.88,0.10904,106.043,102.79,106.75,105.917,107.901,24.87,3.01,0.0896,22.12,5.76,0.0719,18.55,9.33,0.04643,17.01,10.87,0.03493,15.91,11.97,0.02831,26.29,1.59,0.10045,24.76,3.12,0.09067,20.79,7.09,0.06431,18.78,9.1,0.04799,16.01,11.87,0.03115,24.73,3.15,0.09096,21.24,6.64,0.06728,18.24,9.64,0.04698,13.9,13.98,0.01759,10.82,17.06,0.01699,27.46,0.42,0.10362,26.68,1.2,0.0963,25.26,2.62,0.08384,22.99,4.89,0.06406,20.19,7.69,0.0416,23.13,4.75,0.07487,23.1,4.78,0.07372,24.32,3.56,0.08188,19.78,8.1,0.04716,21.33,6.55,0.05863,25.82,2.06,0.09005,24.28,3.6,0.07867,22.44,5.44,0.06392,22.16,5.72,0.06051,20.4,7.48,0.04731,25.4,2.48,0.08473,24.72,3.16,0.07966,23.72,4.16,0.07115,22.9,4.98,0.06557,21.9,5.98,0.05864,25.59,2.29,0.09395,22.43,5.45,0.07356,22.34,5.54,0.07549,21.49,6.39,0.06989,19.29,8.59,0.05088,26.13,1.75,0.09663,23.35,4.53,0.07585,19.98,7.9,0.04789,19.59,8.29,0.04529,16.91,10.97,0.0225,27.47,0.41,0.10797,25.45,2.43,0.09628,22.83,5.05,0.07835,19.45,8.43,0.05285,12.85,15.03,0.01106,27.7,0.18,0.10686,26.7,1.18,0.09639,26.0,1.88,0.09083,24.38,3.5,0.07577,21.48,6.4,0.05006,26.56,1.32,0.10068,22.09,5.79,0.06852,18.67,9.21,0.04163,13.6,14.28,0.00635,5.5,22.38,0.07616,25.29,2.59,0.089,25.36,2.52,0.08815,24.34,3.54,0.07864,23.93,3.95,0.07608,23.77,4.11,0.07636,26.76,1.12,0.09595,25.96,1.92,0.0879,26.19,1.69,0.09087,25.91,1.97,0.08999,25.21,2.67,0.08257,27.09,0.79,0.10361,27.05,0.83,0.10443,26.73,1.15,0.10118,26.44,1.44,0.09867,26.12,1.76,0.09627
cifar100,convnext_tiny,cqat_int8,cqat_int8,True,29.709,3.785,,24.66,27.66,59.26,0.10958,105.754,103.046,106.27,105.586,107.438,24.98,2.68,0.09301,21.61,6.05,0.06881,18.46,9.2,0.04566,16.66,11.0,0.0334,15.38,12.28,0.02438,25.95,1.71,0.09991,24.55,3.11,0.09135,20.5,7.16,0.06261,19.15,8.51,0.05393,16.15,11.51,0.03022,25.04,2.62,0.09684,20.92,6.74,0.06695,17.75,9.91,0.04342,13.24,14.42,0.01961,10.66,17.0,0.01964,27.86,-0.2,0.1106,26.7,0.96,0.09972,24.85,2.81,0.08282,23.49,4.17,0.07201,20.75,6.91,0.05044,23.52,4.14,0.08136,23.8,3.86,0.08344,24.4,3.26,0.08551,19.72,7.94,0.0493,21.0,6.66,0.05808,26.59,1.07,0.10059,24.38,3.28,0.08182,22.94,4.72,0.07049,22.5,5.16,0.06603,21.28,6.38,0.05587,26.19,1.47,0.09547,25.09,2.57,0.08637,24.32,3.34,0.08006,23.37,4.29,0.07282,22.09,5.57,0.06181,25.97,1.69,0.10164,22.58,5.08,0.07825,22.1,5.56,0.07621,21.04,6.62,0.07008,19.62,8.04,0.05833,25.93,1.73,0.0983,23.61,4.05,0.08192,19.9,7.76,0.05086,20.0,7.66,0.05256,16.65,11.01,0.02361,28.17,-0.51,0.11796,25.64,2.02,0.1008,23.06,4.6,0.08253,19.5,8.16,0.05523,12.8,14.86,0.01267,28.26,-0.6,0.11515,27.24,0.42,0.10506,26.24,1.42,0.09617,25.25,2.41,0.08794,22.5,5.16,0.06503,26.83,0.83,0.1055,22.73,4.93,0.0765,19.05,8.61,0.04623,14.44,13.22,0.00731,5.91,21.75,0.07699,25.38,2.28,0.09273,25.35,2.31,0.09082,24.62,3.04,0.08432,24.35,3.31,0.08344,23.95,3.71,0.08159,27.48,0.18,0.10606,26.47,1.19,0.09627,26.85,0.81,0.10046,25.87,1.79,0.09149,25.99,1.67,0.09437,27.08,0.58,0.10601,26.97,0.69,0.10663,26.96,0.7,0.1068,26.62,1.04,0.10322,26.28,1.38,0.1002
cifar100,convnext_tiny,pqat,pqat,True,29.688,3.787,,17.702,31.25,62.59,0.10874,102.175,100.593,102.778,101.724,103.211,27.07,4.18,0.09017,23.61,7.64,0.07098,19.44,11.81,0.04177,17.7,13.55,0.03052,16.28,14.97,0.02169,28.37,2.88,0.096,26.46,4.79,0.08808,21.52,9.73,0.05798,20.32,10.93,0.05181,17.83,13.42,0.03525,28.61,2.64,0.10321,24.39,6.86,0.0778,20.88,10.37,0.05693,15.5,15.75,0.02343,11.84,19.41,0.02285,31.49,-0.24,0.10907,30.31,0.94,0.09729,27.59,3.66,0.07171,25.75,5.5,0.05621,22.21,9.04,0.02482,25.82,5.43,0.07786,26.53,4.72,0.08293,26.8,4.45,0.07958,22.54,8.71,0.054,23.62,7.63,0.05924,29.44,1.81,0.09069,27.08,4.17,0.07274,25.0,6.25,0.0542,25.3,5.95,0.0567,23.41,7.84,0.04216,28.73,2.52,0.0815,27.77,3.48,0.07444,26.64,4.61,0.06496,25.08,6.17,0.05105,23.84,7.41,0.04114,29.07,2.18,0.10102,24.78,6.47,0.07703,24.58,6.67,0.07644,23.49,7.76,0.07104,20.75,10.5,0.04754,29.2,2.05,0.09863,26.82,4.43,0.08513,22.54,8.71,0.05481,22.44,8.81,0.05505,18.99,12.26,0.02973,31.92,-0.67,0.11932,29.07,2.18,0.09974,25.93,5.32,0.07707,21.09,10.16,0.03987,13.59,17.66,0.02405,31.53,-0.28,0.11071,31.22,0.03,0.1074,30.3,0.95,0.09897,28.93,2.32,0.08587,25.89,5.36,0.05923,31.06,0.19,0.11255,26.22,5.03,0.07851,22.64,8.61,0.05232,17.5,13.75,0.0129,7.24,24.01,0.08374,27.54,3.71,0.07831,28.54,2.71,0.08557,27.21,4.04,0.0729,26.96,4.29,0.07196,26.62,4.63,0.07297,30.6,0.65,0.09943,29.11,2.14,0.08652,29.99,1.26,0.09391,29.13,2.12,0.08566,28.25,3.0,0.07912,30.72,0.53,0.11048,30.45,0.8,0.10909,30.18,1.07,0.1061,29.83,1.42,0.10464,29.13,2.12,0.09789
cifar100,convnext_tiny,pqat_int8,pqat_int8,True,29.709,3.785,,19.532,31.26,62.33,0.10905,102.31,100.977,102.718,101.912,103.298,27.02,4.24,0.08985,23.15,8.11,0.06653,19.26,12.0,0.04023,17.57,13.69,0.02935,16.22,15.04,0.02483,28.39,2.87,0.09668,26.69,4.57,0.09066,21.21,10.05,0.05464,20.15,11.11,0.04997,16.87,14.39,0.02571,28.3,2.96,0.10105,23.75,7.51,0.07289,20.45,10.81,0.05283,14.9,16.36,0.0214,11.38,19.88,0.02409,30.95,0.31,0.10386,29.88,1.38,0.09278,27.98,3.28,0.07515,25.99,5.27,0.0585,22.24,9.02,0.0275,25.5,5.76,0.07514,26.7,4.56,0.08421,26.78,4.48,0.0788,22.41,8.85,0.05197,23.63,7.63,0.05817,29.31,1.95,0.08903,27.27,3.99,0.0735,25.28,5.98,0.05653,25.35,5.91,0.05736,23.52,7.74,0.04366,28.63,2.63,0.08016,27.82,3.44,0.07426,26.74,4.52,0.06486,25.81,5.45,0.05847,24.0,7.26,0.04314,28.52,2.74,0.09592,24.86,6.4,0.07891,24.4,6.86,0.07626,23.12,8.14,0.06822,20.82,10.44,0.04876,28.81,2.45,0.09481,26.36,4.9,0.0809,22.71,8.55,0.05773,22.21,9.05,0.05335,19.07,12.19,0.03089,31.19,0.07,0.11196,28.95,2.31,0.10002,26.14,5.12,0.08027,21.95,9.31,0.05038,13.59,17.67,0.01856,31.21,0.05,0.10742,30.91,0.35,0.10468,29.95,1.31,0.09603,28.7,2.56,0.08527,25.95,5.31,0.0605,30.79,0.47,0.10934,26.16,5.1,0.07774,22.32,8.94,0.04863,17.63,13.63,0.01254,7.63,23.63,0.08057,28.15,3.11,0.08516,28.59,2.67,0.086,27.31,3.95,0.07395,26.83,4.43,0.0712,26.15,5.11,0.06777,30.46,0.8,0.099,29.02,2.24,0.08641,29.85,1.41,0.09239,29.09,2.17,0.08597,28.4,2.86,0.08179,30.42,0.84,0.10712,30.04,1.22,0.10555,29.42,1.84,0.09934,30.06,1.2,0.10598,29.4,1.86,0.10091
cifar100,convnext_tiny,pcqat,pcqat,True,29.688,3.787,,31.938,27.8,59.02,0.11133,105.888,102.991,106.701,105.717,107.42,24.94,2.86,0.09503,21.71,6.09,0.07322,18.84,8.96,0.05517,16.87,10.93,0.04187,15.53,12.27,0.0317,25.74,2.06,0.09823,24.41,3.39,0.09239,20.46,7.34,0.06853,18.75,9.05,0.05418,15.65,12.15,0.03638,24.31,3.49,0.09047,21.48,6.32,0.07524,18.51,9.29,0.05543,13.74,14.06,0.02333,10.76,17.04,0.02158,27.54,0.26,0.1072,26.86,0.94,0.09841,24.92,2.88,0.07996,22.97,4.83,0.06146,19.7,8.1,0.03136,23.11,4.69,0.07913,23.6,4.2,0.08289,24.48,3.32,0.08573,19.89,7.91,0.05387,21.36,6.44,0.06294,26.11,1.69,0.0927,24.2,3.6,0.07575,22.65,5.15,0.06389,22.78,5.02,0.06388,21.2,6.6,0.05089,25.57,2.23,0.08564,24.41,3.39,0.07577,23.72,4.08,0.06943,22.57,5.23,0.06078,21.1,6.7,0.04734,25.58,2.22,0.09775,22.13,5.67,0.07439,21.5,6.3,0.07076,20.68,7.12,0.0655,18.96,8.84,0.05225,26.02,1.78,0.09804,23.26,4.54,0.07805,19.97,7.83,0.05233,19.86,7.94,0.05103,17.1,10.7,0.02961,28.4,-0.6,0.11947,26.2,1.6,0.10557,23.74,4.06,0.08821,20.44,7.36,0.06409,13.88,13.92,0.01256,27.76,0.04,0.10954,26.77,1.03,0.09915,25.8,2.0,0.09018,24.52,3.28,0.07789,21.77,6.03,0.0537,27.12,0.68,0.10679,22.91,4.89,0.07679,19.59,8.21,0.05165,15.05,12.75,0.01688,7.33,20.47,0.04819,25.03,2.77,0.0854,25.28,2.52,0.08749,24.33,3.47,0.07813,24.27,3.53,0.08022,23.72,4.08,0.07516,26.95,0.85,0.09959,25.98,1.82,0.09139,26.69,1.11,0.09671,25.95,1.85,0.09144,25.43,2.37,0.08658,27.3,0.5,0.10952,26.86,0.94,0.10614,26.82,0.98,0.10595,26.87,0.93,0.10693,26.3,1.5,0.10153
cifar100,convnext_tiny,pcqat_int8,pcqat_int8,True,29.71,3.785,,17.958,27.74,59.36,0.10756,105.458,102.581,106.154,105.146,107.231,25.44,2.3,0.09533,22.31,5.43,0.07443,18.65,9.09,0.0465,17.31,10.43,0.03762,15.59,12.15,0.02657,26.42,1.32,0.10207,24.96,2.78,0.09362,20.92,6.82,0.06544,19.14,8.6,0.05372,16.65,11.09,0.03408,25.03,2.71,0.09393,21.32,6.42,0.06942,18.11,9.63,0.04721,13.83,13.91,0.01897,10.77,16.97,0.02158,27.73,0.01,0.10692,26.66,1.08,0.09634,25.41,2.33,0.08612,23.65,4.09,0.07046,20.54,7.2,0.04486,23.4,4.34,0.07956,24.31,3.43,0.08718,24.63,3.11,0.08663,20.53,7.21,0.05627,21.65,6.09,0.06434,26.33,1.41,0.09517,24.25,3.49,0.07793,22.41,5.33,0.06448,22.48,5.26,0.06443,20.9,6.84,0.05126,26.05,1.69,0.09106,25.38,2.36,0.08646,23.97,3.77,0.07497,23.8,3.94,0.07398,22.49,5.25,0.06338,26.36,1.38,0.10299,22.79,4.95,0.07981,22.64,5.1,0.08036,21.49,6.25,0.0741,19.93,7.81,0.06057,26.56,1.18,0.10241,24.37,3.37,0.08931,20.31,7.43,0.05568,20.29,7.45,0.05634,16.89,10.85,0.02715,28.23,-0.49,0.11622,26.22,1.52,0.10653,23.51,4.23,0.08725,19.54,8.2,0.05693,12.66,15.08,0.01292,27.9,-0.16,0.1088,27.81,-0.07,0.10864,26.55,1.19,0.0968,25.82,1.92,0.09139,22.66,5.08,0.06425,27.06,0.68,0.10612,22.8,4.94,0.07681,19.24,8.5,0.04832,14.0,13.74,0.00705,5.85,21.89,0.07373,25.87,1.87,0.09496,25.82,1.92,0.09289,24.6,3.14,0.08191,24.69,3.05,0.08461,23.88,3.86,0.07935,27.58,0.16,0.10489,26.6,1.14,0.09472,27.3,0.44,0.10223,26.34,1.4,0.09393,25.47,2.27,0.08639,27.14,0.6,0.10435,27.41,0.33,0.10825,27.13,0.61,0.10545,26.94,0.8,0.10406,26.31,1.43,0.09893
cifar100,convnext_tiny,pruning_20,pruning_20,False,112.44,1.0,28091428.0,22.173,34.68,65.46,0.12229,99.31,99.537,99.449,99.102,99.209,29.02,5.66,0.09669,24.29,10.39,0.06832,19.53,15.15,0.03621,17.56,17.12,0.02572,15.85,18.83,0.01718,31.04,3.64,0.10904,28.4,6.28,0.09586,22.28,12.4,0.05637,20.33,14.35,0.04287,17.3,17.38,0.02155,31.39,3.29,0.11424,25.91,8.77,0.07961,21.69,12.99,0.05426,15.62,19.06,0.01346,11.98,22.7,0.02235,34.67,0.01,0.11992,33.35,1.33,0.10651,31.31,3.37,0.09043,28.46,6.22,0.0653,23.81,10.87,0.02809,26.92,7.76,0.07759,27.79,6.89,0.0832,28.68,6.0,0.08577,22.72,11.96,0.04504,24.76,9.92,0.05949,32.75,1.93,0.10361,30.3,4.38,0.08545,27.49,7.19,0.06365,27.62,7.06,0.06524,25.19,9.49,0.0458,31.76,2.92,0.09254,31.01,3.67,0.08661,29.56,5.12,0.0748,28.1,6.58,0.06406,26.15,8.53,0.04847,31.65,3.03,0.11238,26.51,8.17,0.0844,26.66,8.02,0.08748,24.8,9.88,0.07395,22.04,12.64,0.05169,31.45,3.23,0.10621,28.56,6.12,0.09066,24.17,10.51,0.06227,23.61,11.07,0.05864,19.22,15.46,0.02658,34.64,0.04,0.12668,31.54,3.14,0.10882,27.79,6.89,0.08265,23.32,11.36,0.05241,13.94,20.74,0.02195,34.67,0.01,0.12211,33.82,0.86,0.11452,32.63,2.05,0.1045,31.24,3.44,0.09292,27.91,6.77,0.06418,33.83,0.85,0.11991,28.59,6.09,0.08344,24.76,9.92,0.05466,19.89,14.79,0.01761,9.07,25.61,0.0773,31.31,3.37,0.09696,31.51,3.17,0.09646,30.4,4.28,0.08605,29.37,5.31,0.07899,28.85,5.83,0.0795,33.87,0.81,0.10964,32.7,1.98,0.10045,33.65,1.03,0.10824,32.74,1.94,0.0995,31.9,2.78,0.09593,33.27,1.41,0.11843,32.93,1.75,0.11777,32.52,2.16,0.1141,32.38,2.3,0.11387,31.55,3.13,0.10636
cifar100,convnext_tiny,pruning_50,pruning_50,False,112.44,1.0,28091428.0,22.824,34.75,65.7,0.12399,99.287,99.356,99.428,99.114,99.267,29.13,5.62,0.0992,24.43,10.32,0.07003,19.88,14.87,0.03997,17.84,16.91,0.0274,16.29,18.46,0.01801,30.93,3.82,0.10902,28.35,6.4,0.09654,22.5,12.25,0.0591,20.61,14.14,0.04616,17.48,17.27,0.02406,31.38,3.37,0.11521,26.0,8.75,0.08218,21.67,13.08,0.05546,15.74,19.01,0.0154,12.09,22.66,0.0223,34.55,0.2,0.11975,33.26,1.49,0.10668,31.31,3.44,0.09031,28.76,5.99,0.07052,23.77,10.98,0.02917,26.76,7.99,0.07752,28.06,6.69,0.08707,28.93,5.82,0.08952,22.95,11.8,0.0489,24.45,10.3,0.05765,32.48,2.27,0.10281,30.35,4.4,0.0873,27.71,7.04,0.06716,27.57,7.18,0.0651,25.33,9.42,0.04807,31.68,3.07,0.09292,30.89,3.86,0.08659,29.61,5.14,0.07663,28.11,6.64,0.06473,26.18,8.57,0.04994,31.96,2.79,0.11648,26.46,8.29,0.08492,26.41,8.34,0.08577,24.83,9.92,0.0752,21.94,12.81,0.05181,31.57,3.18,0.10865,28.65,6.1,0.09291,23.94,10.81,0.0612,23.6,11.15,0.05999,18.95,15.8,0.02498,34.63,0.12,0.12761,31.53,3.22,0.10963,27.83,6.92,0.08388,23.69,11.06,0.05661,13.92,20.83,0.02101,34.41,0.34,0.1206,33.95,0.8,0.11699,32.7,2.05,0.10636,31.15,3.6,0.09314,27.88,6.87,0.06518,33.88,0.87,0.12152,28.81,5.94,0.08707,24.85,9.9,0.05724,19.71,15.04,0.01778,9.33,25.42,0.06906,31.05,3.7,0.09551,31.39,3.36,0.09611,30.33,4.42,0.08651,29.45,5.3,0.08117,29.0,5.75,0.08247,33.74,1.01,0.10945,32.7,2.05,0.10101,33.52,1.23,0.10805,32.6,2.15,0.09871,31.72,3.03,0.09496,33.27,1.48,0.11941,32.64,2.11,0.11587,32.57,2.18,0.11557,32.3,2.45,0.11389,31.49,3.26,0.10655
cifar100,convnext_tiny,pruning_70,pruning_70,False,112.44,1.0,28091428.0,24.382,34.59,65.81,0.12194,99.273,99.406,99.383,99.074,99.263,29.24,5.35,0.09992,24.42,10.17,0.06953,19.64,14.95,0.03737,17.56,17.03,0.02615,16.16,18.43,0.02124,30.92,3.67,0.10866,28.44,6.15,0.09708,22.53,12.06,0.05912,20.55,14.04,0.04443,17.48,17.11,0.02366,31.3,3.29,0.11419,25.82,8.77,0.08024,21.89,12.7,0.05711,15.84,18.75,0.01723,11.94,22.65,0.02609,34.35,0.24,0.11722,33.24,1.35,0.10578,31.14,3.45,0.08785,28.59,6.0,0.06645,23.76,10.83,0.02865,27.17,7.42,0.08087,28.02,6.57,0.08618,28.78,5.81,0.08845,23.04,11.55,0.04901,24.63,9.96,0.05883,32.67,1.92,0.10317,30.43,4.16,0.08744,27.88,6.71,0.06852,27.84,6.75,0.06863,25.35,9.24,0.04811,31.81,2.78,0.09337,30.95,3.64,0.08634,29.52,5.07,0.0747,28.1,6.49,0.06386,26.11,8.48,0.04802,31.56,3.03,0.11217,26.45,8.14,0.08473,26.15,8.44,0.08267,24.59,10.0,0.07252,21.96,12.63,0.05126,31.83,2.76,0.11085,28.49,6.1,0.0909,24.28,10.31,0.06451,23.89,10.7,0.06264,19.49,15.1,0.03025,34.65,-0.06,0.12739,31.73,2.86,0.11128,27.85,6.74,0.08384,23.48,11.11,0.05487,13.84,20.75,0.02189,34.52,0.07,0.12137,33.84,0.75,0.11558,32.73,1.86,0.10641,31.29,3.3,0.09439,27.98,6.61,0.06623,33.78,0.81,0.12009,28.44,6.15,0.08348,24.8,9.79,0.05647,19.91,14.68,0.01997,9.37,25.22,0.06755,31.24,3.35,0.09655,31.37,3.22,0.09509,30.25,4.34,0.08495,29.54,5.05,0.08181,28.73,5.86,0.07903,33.75,0.84,0.10891,32.59,2.0,0.09947,33.51,1.08,0.10737,32.64,1.95,0.09888,31.52,3.07,0.09283,33.31,1.28,0.1193,32.93,1.66,0.11851,32.78,1.81,0.11727,32.22,2.37,0.1127,31.68,2.91,0.108
cifar100,convnext_tiny,pruning_90,pruning_90,False,112.44,1.0,28091428.0,50.837,34.76,65.73,0.12357,99.399,99.627,99.371,99.359,99.295,29.24,5.52,0.09965,24.16,10.6,0.0666,19.46,15.3,0.03491,17.5,17.26,0.0238,15.99,18.77,0.01762,30.63,4.13,0.1057,28.03,6.73,0.09279,22.2,12.56,0.05517,20.38,14.38,0.042,17.1,17.66,0.0213,31.12,3.64,0.11222,26.06,8.7,0.08223,21.48,13.28,0.05243,15.73,19.03,0.01466,12.08,22.68,0.02231,34.62,0.14,0.11988,33.29,1.47,0.10628,31.42,3.34,0.09117,28.76,6.0,0.06851,23.86,10.9,0.02942,26.87,7.89,0.07781,27.96,6.8,0.08521,28.81,5.95,0.0877,22.84,11.92,0.04702,24.49,10.27,0.05699,32.97,1.79,0.10641,30.37,4.39,0.08691,27.72,7.04,0.06684,27.7,7.06,0.06607,25.16,9.6,0.04616,31.97,2.79,0.09491,31.0,3.76,0.08692,29.36,5.4,0.07382,28.14,6.62,0.06452,26.2,8.56,0.04975,31.4,3.36,0.1103,26.18,8.58,0.0814,26.14,8.62,0.08228,24.48,10.28,0.07268,21.63,13.13,0.04744,31.44,3.32,0.10678,28.19,6.57,0.08735,23.73,11.03,0.0583,23.37,11.39,0.05659,19.04,15.72,0.02593,34.72,0.04,0.12811,31.5,3.26,0.10919,27.62,7.14,0.08153,23.33,11.43,0.05235,13.62,21.14,0.02535,34.42,0.34,0.12016,33.85,0.91,0.11535,32.75,2.01,0.10613,31.07,3.69,0.09157,27.88,6.88,0.06425,33.93,0.83,0.1217,28.54,6.22,0.0841,24.77,9.99,0.05607,19.59,15.17,0.016,8.96,25.8,0.07671,31.16,3.6,0.09599,31.31,3.45,0.09492,30.49,4.27,0.08732,29.73,5.03,0.08321,28.55,6.21,0.07721,33.97,0.79,0.11136,32.75,2.01,0.10064,33.5,1.26,0.10744,32.72,2.04,0.09984,31.54,3.22,0.09216,33.19,1.57,0.11807,32.69,2.07,0.11587,32.52,2.24,0.11442,32.22,2.54,0.11246,31.74,3.02,0.10848
cifar100,convnext_tiny,kd_temp2,kd_temp2,False,112.44,1.0,28091428.0,21.514,35.02,65.64,0.12688,99.171,99.358,99.229,98.98,99.163,29.44,5.58,0.10251,24.5,10.52,0.07098,19.88,15.14,0.03923,17.8,17.22,0.02512,16.08,18.94,0.01904,31.11,3.91,0.11124,28.43,6.59,0.09783,22.6,12.42,0.06145,20.34,14.68,0.04448,17.42,17.6,0.0235,31.59,3.43,0.1179,25.8,9.22,0.08044,21.6,13.42,0.05574,15.66,19.36,0.01548,12.04,22.98,0.02373,34.7,0.32,0.1213,33.34,1.68,0.10721,31.07,3.95,0.08739,28.63,6.39,0.06711,24.05,10.97,0.03027,27.09,7.93,0.08024,27.92,7.1,0.08529,28.83,6.19,0.08824,22.99,12.03,0.04874,24.61,10.41,0.0588,32.9,2.12,0.10609,30.59,4.43,0.08909,27.84,7.18,0.06777,27.81,7.21,0.06684,25.51,9.51,0.04899,32.0,3.02,0.09569,31.15,3.87,0.08874,29.88,5.14,0.07861,28.2,6.82,0.06603,26.45,8.57,0.05156,32.19,2.83,0.11883,26.86,8.16,0.08951,26.28,8.74,0.08445,24.87,10.15,0.0764,21.89,13.13,0.05269,31.66,3.36,0.10967,28.55,6.47,0.09212,24.16,10.86,0.06406,23.68,11.34,0.06112,19.22,15.8,0.02794,34.77,0.25,0.12904,31.78,3.24,0.11172,27.73,7.29,0.08249,23.57,11.45,0.05452,13.94,21.08,0.02224,34.81,0.21,0.12477,33.92,1.1,0.11692,32.77,2.25,0.10738,31.37,3.65,0.09578,27.93,7.09,0.06645,34.06,0.96,0.12313,28.65,6.37,0.085,24.89,10.13,0.05671,19.56,15.46,0.01491,8.98,26.04,0.07581,31.11,3.91,0.09536,31.28,3.74,0.09482,30.36,4.66,0.08605,29.85,5.17,0.08443,28.78,6.24,0.07943,34.1,0.92,0.11485,32.87,2.15,0.10231,33.75,1.27,0.11035,32.91,2.11,0.10251,31.71,3.31,0.09422,33.32,1.7,0.12,32.94,2.08,0.11893,32.77,2.25,0.1176,32.2,2.82,0.11287,31.61,3.41,0.1083
cifar100,convnext_tiny,kd_temp4,kd_temp4,False,112.44,1.0,28091428.0,30.912,34.99,65.6,0.1264,99.137,99.211,99.245,99.008,99.101,29.63,5.36,0.10377,24.76,10.23,0.07296,19.93,15.06,0.0393,17.73,17.26,0.02833,16.47,18.52,0.01812,31.14,3.85,0.11098,28.23,6.76,0.09499,22.48,12.51,0.05938,20.64,14.35,0.0456,17.54,17.45,0.02534,31.32,3.67,0.11449,25.87,9.12,0.08051,21.81,13.18,0.05694,15.97,19.02,0.01938,12.51,22.48,0.01922,34.71,0.28,0.12122,33.31,1.68,0.10676,31.48,3.51,0.09135,28.89,6.1,0.06958,23.88,11.11,0.02929,26.91,8.08,0.07811,27.89,7.1,0.08482,28.68,6.31,0.08611,23.01,11.98,0.04862,24.51,10.48,0.05742,32.69,2.3,0.10376,30.52,4.47,0.08831,27.92,7.07,0.06849,27.54,7.45,0.06437,25.32,9.67,0.0476,32.0,2.99,0.0954,31.25,3.74,0.08951,29.83,5.16,0.07791,28.36,6.63,0.06658,26.59,8.4,0.05337,31.89,3.1,0.11562,26.73,8.26,0.08755,26.15,8.84,0.08248,24.99,10.0,0.07655,22.01,12.98,0.05216,31.68,3.31,0.1093,28.59,6.4,0.09156,24.22,10.77,0.06337,23.69,11.3,0.05995,19.25,15.74,0.0268,34.55,0.44,0.12664,31.71,3.28,0.11059,27.96,7.03,0.08422,23.62,11.37,0.05414,13.95,21.04,0.02312,34.71,0.28,0.12363,33.92,1.07,0.11679,32.76,2.23,0.10707,31.25,3.74,0.09428,27.92,7.07,0.06594,34.0,0.99,0.12241,28.68,6.31,0.08523,25.01,9.98,0.05836,19.76,15.23,0.01771,8.85,26.14,0.0776,31.46,3.53,0.09866,31.45,3.54,0.09634,30.33,4.66,0.0856,29.4,5.59,0.07978,28.66,6.33,0.07797,34.16,0.83,0.11339,32.93,2.06,0.10242,33.71,1.28,0.10963,32.95,2.04,0.10264,31.71,3.28,0.09369,33.48,1.51,0.12128,33.03,1.96,0.11944,32.8,2.19,0.11742,32.35,2.64,0.11387,31.85,3.14,0.11003
cifar100,convnext_tiny,kd_temp8,kd_temp8,False,112.44,1.0,28091428.0,29.925,34.87,65.81,0.12576,99.118,99.186,99.226,98.993,99.084,29.63,5.24,0.10461,24.52,10.35,0.07139,19.99,14.88,0.04153,17.79,17.08,0.02561,16.33,18.54,0.01765,31.29,3.58,0.11332,28.48,6.39,0.09827,22.54,12.33,0.06204,20.77,14.1,0.04893,17.56,17.31,0.02531,31.55,3.32,0.11754,25.9,8.97,0.08161,21.78,13.09,0.05655,15.91,18.96,0.01977,12.27,22.6,0.0206,34.74,0.13,0.12204,33.28,1.59,0.1069,31.18,3.69,0.08866,28.81,6.06,0.0691,23.7,11.17,0.02696,26.97,7.9,0.07941,27.89,6.98,0.08558,28.94,5.93,0.08953,23.14,11.73,0.05074,24.73,10.14,0.06031,32.83,2.04,0.10553,30.51,4.36,0.08852,28.06,6.81,0.07044,27.72,7.15,0.06628,25.57,9.3,0.05082,31.81,3.06,0.0939,30.9,3.97,0.08632,29.89,4.98,0.07878,28.4,6.47,0.0671,26.54,8.33,0.05293,32.02,2.85,0.11756,26.79,8.08,0.08912,26.23,8.64,0.08433,24.86,10.01,0.0771,21.88,12.99,0.052,31.78,3.09,0.11087,28.6,6.27,0.09243,24.01,10.86,0.06224,23.95,10.92,0.06355,19.51,15.36,0.03069,34.67,0.2,0.12847,31.56,3.31,0.10996,27.79,7.08,0.08346,23.56,11.31,0.05469,14.21,20.66,0.01841,34.8,0.07,0.12494,33.95,0.92,0.11736,32.74,2.13,0.10701,31.09,3.78,0.09273,27.79,7.08,0.06466,33.87,1.0,0.1215,28.69,6.18,0.0854,25.08,9.79,0.05935,20.03,14.84,0.0203,9.25,25.62,0.07076,31.43,3.44,0.0988,31.34,3.53,0.09566,30.36,4.51,0.08631,29.71,5.16,0.08334,28.84,6.03,0.08019,34.15,0.72,0.11527,32.86,2.01,0.10263,33.57,1.3,0.10891,32.89,1.98,0.10288,31.63,3.24,0.09368,33.35,1.52,0.12062,32.81,2.06,0.11801,32.94,1.93,0.1197,32.24,2.63,0.11355,31.84,3.03,0.11049
cifar100,convnext_tiny,structured_pruning_30,structured_pruning_30,False,112.442,1.0,28091428.0,28.272,34.87,65.75,0.12475,99.24,99.323,99.206,99.299,99.152,29.28,5.59,0.10034,24.39,10.48,0.06929,19.88,14.99,0.03818,17.75,17.12,0.02538,16.19,18.68,0.01904,30.87,4.0,0.10846,28.5,6.37,0.09824,22.38,12.49,0.05748,20.77,14.1,0.04632,17.21,17.66,0.02181,31.53,3.34,0.11609,26.09,8.78,0.08249,21.86,13.01,0.05604,15.85,19.02,0.01462,12.16,22.71,0.02123,34.64,0.23,0.12015,33.47,1.4,0.10805,31.47,3.4,0.09087,28.79,6.08,0.06977,24.18,10.69,0.03148,27.1,7.77,0.08037,27.92,6.95,0.08539,28.92,5.95,0.08878,23.04,11.83,0.04927,24.86,10.01,0.06151,32.98,1.89,0.10632,30.12,4.75,0.08409,27.66,7.21,0.06605,27.52,7.35,0.06442,25.41,9.46,0.04788,32.04,2.83,0.09577,31.18,3.69,0.08862,29.83,5.04,0.07781,28.4,6.47,0.06698,26.35,8.52,0.05033,31.93,2.94,0.11597,26.5,8.37,0.08563,26.17,8.7,0.08288,24.97,9.9,0.07737,22.01,12.86,0.05139,31.28,3.59,0.10529,28.03,6.84,0.08597,23.34,11.53,0.05394,23.12,11.75,0.05361,18.57,16.3,0.01949,34.81,0.06,0.12913,31.48,3.39,0.1089,27.7,7.17,0.08202,22.76,12.11,0.04527,13.51,21.36,0.02913,34.77,0.1,0.12376,34.08,0.79,0.11783,32.79,2.08,0.10668,31.33,3.54,0.09424,28.01,6.86,0.06554,33.97,0.9,0.12234,28.44,6.43,0.08317,24.52,10.35,0.05394,19.73,15.14,0.01766,8.75,26.12,0.07515,31.25,3.62,0.09727,31.58,3.29,0.09785,30.21,4.66,0.0846,29.78,5.09,0.08356,28.91,5.96,0.08072,34.21,0.66,0.11392,33.24,1.63,0.10535,33.72,1.15,0.10942,32.8,2.07,0.10033,31.88,2.99,0.09524,33.43,1.44,0.12067,32.91,1.96,0.11818,32.48,2.39,0.11419,32.15,2.72,0.11184,31.82,3.05,0.1093
cifar100,convnext_tiny,structured_pruning_50,structured_pruning_50,False,112.442,1.0,28091428.0,20.914,34.95,65.92,0.12553,99.305,99.33,99.239,99.387,99.27,29.27,5.68,0.10009,24.37,10.58,0.06889,20.02,14.93,0.04063,17.59,17.36,0.02791,16.03,18.92,0.01568,30.99,3.96,0.1094,28.46,6.49,0.09694,22.64,12.31,0.05983,20.67,14.28,0.04606,16.99,17.96,0.0243,31.59,3.36,0.1165,26.11,8.84,0.08211,21.92,13.03,0.05608,15.76,19.19,0.01535,12.22,22.73,0.02342,34.53,0.42,0.11967,33.56,1.39,0.10898,31.7,3.25,0.09341,28.99,5.96,0.07072,24.06,10.89,0.03026,27.15,7.8,0.08052,28.2,6.75,0.08788,28.7,6.25,0.08679,23.04,11.91,0.04898,24.89,10.06,0.06173,33.1,1.85,0.10741,30.18,4.77,0.0845,27.78,7.17,0.06651,27.46,7.49,0.06315,25.41,9.54,0.04744,31.81,3.14,0.09348,31.04,3.91,0.08733,29.44,5.51,0.07412,28.15,6.8,0.06406,26.23,8.72,0.0488,31.96,2.99,0.11596,26.59,8.36,0.08544,26.4,8.55,0.08459,24.79,10.16,0.07321,21.97,12.98,0.05032,31.24,3.71,0.10445,27.82,7.13,0.08334,23.11,11.84,0.05051,22.87,12.08,0.04989,18.52,16.43,0.01717,34.95,0.0,0.13064,31.25,3.7,0.10682,27.44,7.51,0.07945,22.71,12.24,0.04554,13.53,21.42,0.03101,34.65,0.3,0.12236,34.07,0.88,0.11737,32.82,2.13,0.10646,31.28,3.67,0.09342,27.89,7.06,0.06472,33.68,1.27,0.11975,27.82,7.13,0.07689,24.52,10.43,0.05347,19.43,15.52,0.01603,9.12,25.83,0.07059,30.97,3.98,0.09419,31.64,3.31,0.09836,30.27,4.68,0.08547,29.61,5.34,0.08173,28.81,6.14,0.08019,34.02,0.93,0.11196,32.91,2.04,0.10246,33.68,1.27,0.10915,32.81,2.14,0.10083,31.81,3.14,0.09505,33.41,1.54,0.12032,32.74,2.21,0.11632,32.58,2.37,0.11503,32.33,2.62,0.11343,31.9,3.05,0.11004
cifar100,convnext_tiny,pruning_kd_70,pruning_kd_70,False,112.441,1.0,28091428.0,53.914,34.83,65.49,0.12569,99.303,99.464,99.339,99.195,99.253,29.41,5.42,0.10258,24.38,10.45,0.07083,19.7,15.13,0.0389,17.64,17.19,0.02429,16.15,18.68,0.01667,30.99,3.84,0.11062,28.01,6.82,0.0946,22.41,12.42,0.06019,20.63,14.2,0.04833,17.19,17.64,0.02167,31.23,3.6,0.11453,25.83,9.0,0.08129,21.62,13.21,0.05502,15.69,19.14,0.01572,12.18,22.65,0.02095,34.54,0.29,0.1203,33.1,1.73,0.10521,31.33,3.5,0.09015,28.97,5.86,0.07061,23.93,10.9,0.03027,26.86,7.97,0.07854,27.54,7.29,0.0822,28.74,6.09,0.08749,22.79,12.04,0.04727,24.42,10.41,0.05736,32.62,2.21,0.10363,30.57,4.26,0.08921,27.93,6.9,0.06899,27.67,7.16,0.06567,25.3,9.53,0.0473,31.66,3.17,0.09262,31.11,3.72,0.08864,29.76,5.07,0.07772,28.54,6.29,0.06903,26.56,8.27,0.05301,31.98,2.85,0.11746,26.6,8.23,0.08731,25.97,8.86,0.08192,24.83,10.0,0.07636,21.73,13.1,0.05045,31.43,3.4,0.10776,28.53,6.3,0.09203,23.94,10.89,0.06165,23.39,11.44,0.05808,19.16,15.67,0.02696,34.36,0.47,0.12556,31.52,3.31,0.10949,27.76,7.07,0.08295,23.49,11.34,0.05334,14.04,20.79,0.02193,34.57,0.26,0.12306,33.77,1.06,0.11602,32.68,2.15,0.10694,31.22,3.61,0.09455,27.83,7.0,0.06525,33.94,0.89,0.12273,28.6,6.23,0.08527,24.88,9.95,0.05808,19.61,15.22,0.01631,8.9,25.93,0.07594,31.22,3.61,0.09697,31.25,3.58,0.09506,30.39,4.44,0.08665,29.66,5.17,0.08294,28.55,6.28,0.0776,33.91,0.92,0.11254,32.82,2.01,0.10236,33.77,1.06,0.11101,32.95,1.88,0.10332,31.75,3.08,0.09458,33.13,1.7,0.11868,32.59,2.24,0.11607,32.88,1.95,0.11936,32.13,2.7,0.11277,31.52,3.31,0.10734
cifar100,convnext_tiny,fp16,fp16,False,56.245,1.999,28091428.0,31.057,34.19,65.15,0.11992,100.002,99.996,100.007,100.006,99.999,28.75,5.44,0.09607,23.81,10.38,0.06434,19.51,14.68,0.03516,17.24,16.95,0.02284,15.82,18.37,0.01954,30.55,3.64,0.10605,27.78,6.41,0.09105,22.02,12.17,0.05435,19.9,14.29,0.03803,16.95,17.24,0.01873,30.89,3.3,0.11191,25.11,9.08,0.07417,21.15,13.04,0.05,15.31,18.88,0.0162,12.03,22.16,0.01917,33.99,0.2,0.11568,32.87,1.32,0.10396,30.96,3.23,0.08789,28.29,5.9,0.06507,23.35,10.84,0.02615,26.24,7.95,0.07177,27.18,7.01,0.07809,28.14,6.05,0.08218,22.3,11.89,0.04148,24.0,10.19,0.05275,32.2,1.99,0.10024,29.81,4.38,0.08246,27.61,6.58,0.06638,27.15,7.04,0.06136,25.01,9.18,0.04494,31.55,2.64,0.09248,30.78,3.41,0.08658,29.21,4.98,0.0738,27.77,6.42,0.06249,25.94,8.25,0.04862,30.79,3.4,0.10568,25.87,8.32,0.07952,25.53,8.66,0.07675,24.16,10.03,0.069,21.17,13.02,0.04323,30.93,3.26,0.10287,27.64,6.55,0.08264,23.23,10.96,0.05301,22.99,11.2,0.05217,18.73,15.46,0.02012,33.89,0.3,0.12148,31.0,3.19,0.10483,27.6,6.59,0.08145,23.15,11.04,0.05039,13.62,20.57,0.02661,33.84,0.35,0.11648,33.08,1.11,0.10988,31.96,2.23,0.10046,30.6,3.59,0.08905,27.2,6.99,0.05947,33.06,1.13,0.11463,27.85,6.34,0.07781,24.28,9.91,0.05078,19.24,14.95,0.01304,8.73,25.46,0.08143,30.63,3.56,0.09223,30.93,3.26,0.09265,30.01,4.18,0.08414,29.26,4.93,0.07998,28.18,6.01,0.07444,33.38,0.81,0.10772,32.26,1.93,0.09741,33.12,1.07,0.10568,32.51,1.68,0.09987,31.14,3.05,0.08978,32.57,1.62,0.11291,32.24,1.95,0.11215,32.08,2.11,0.11087,31.43,2.76,0.10525,31.02,3.17,0.10181
cifar100,efficientnet_b0,baseline,FP32 Baseline,False,16.845,1.0,4135648.0,86.509,49.76,80.54,0.05643,100.0,100.0,100.0,100.0,100.0,28.0,21.76,0.05635,17.31,32.45,0.14633,11.34,38.42,0.20871,8.75,41.01,0.24081,7.36,42.4,0.25989,35.17,14.59,0.0142,26.87,22.89,0.06378,15.45,34.31,0.16732,12.27,37.49,0.20319,8.39,41.37,0.25447,44.4,5.36,0.05144,39.01,10.75,0.04431,32.94,16.82,0.02164,19.83,29.93,0.06754,10.84,38.92,0.15885,49.1,0.66,0.05472,47.01,2.75,0.04848,42.68,7.08,0.02719,38.25,11.51,0.01117,30.23,19.53,0.04385,21.98,27.78,0.11356,22.91,26.85,0.10114,24.65,25.11,0.07974,17.73,32.03,0.14618,18.92,30.84,0.12643,46.3,3.46,0.05489,41.67,8.09,0.0368,37.29,12.47,0.02011,37.52,12.24,0.02225,32.92,16.84,0.013,43.39,6.37,0.04326,40.6,9.16,0.0232,37.85,11.91,0.01334,35.51,14.25,0.01314,31.25,18.51,0.03151,44.2,5.56,0.04062,33.01,16.75,0.0241,35.48,14.28,0.01274,33.39,16.37,0.0137,28.28,21.48,0.04275,42.33,7.43,0.02995,35.92,13.84,0.01017,27.25,22.51,0.05309,25.81,23.95,0.06558,19.88,29.88,0.10083,48.86,0.9,0.05295,46.99,2.77,0.05025,44.91,4.85,0.04832,41.05,8.71,0.03661,28.58,21.18,0.02354,49.99,-0.23,0.05909,49.54,0.22,0.05851,48.5,1.26,0.05433,47.19,2.57,0.05015,43.16,6.6,0.0318,48.78,0.98,0.05272,45.8,3.96,0.04464,43.19,6.57,0.03944,37.72,12.04,0.02413,18.63,31.13,0.07457,42.45,7.31,0.03544,42.7,7.06,0.03761,40.46,9.3,0.02854,36.13,13.63,0.01822,33.36,16.4,0.01283,44.79,4.97,0.0354,37.44,12.32,0.01391,33.61,16.15,0.02958,20.97,28.79,0.13141,12.38,37.38,0.21802,42.25,7.51,0.0419,38.1,11.66,0.02677,36.1,13.66,0.01653,34.15,15.61,0.01485,32.18,17.58,0.01206
cifar100,efficientnet_b0,clustering,Clustering,False,16.846,1.0,4135648.0,57.584,24.82,52.82,0.02885,131.485,112.317,134.657,141.345,132.83,15.0,9.82,0.03997,11.75,13.07,0.05626,9.36,15.46,0.0666,8.72,16.1,0.06719,7.87,16.95,0.0701,17.77,7.05,0.0254,14.98,9.84,0.04061,10.87,13.95,0.06306,9.64,15.18,0.06995,8.4,16.42,0.07227,20.31,4.51,0.01196,15.85,8.97,0.01635,12.8,12.02,0.03179,9.14,15.68,0.05162,7.12,17.7,0.05908,23.18,1.64,0.01759,19.94,4.88,0.01181,16.12,8.7,0.04349,13.96,10.86,0.06397,9.92,14.9,0.10912,11.26,13.56,0.08538,11.55,13.27,0.08274,11.01,13.81,0.08853,9.94,14.88,0.09818,9.63,15.19,0.10149,17.21,7.61,0.03497,13.4,11.42,0.07152,11.04,13.78,0.0965,11.14,13.68,0.09479,9.47,15.35,0.11327,15.69,9.13,0.04348,14.66,10.16,0.05538,13.47,11.35,0.06724,12.34,12.48,0.08054,11.12,13.7,0.0944,20.19,4.63,0.01028,13.83,10.99,0.06341,14.48,10.34,0.05682,11.22,13.6,0.09648,8.52,16.3,0.13702,14.93,9.89,0.05985,10.11,14.71,0.11468,6.5,18.32,0.16424,6.52,18.3,0.16074,5.09,19.73,0.17919,22.2,2.62,0.01478,18.0,6.82,0.02556,13.91,10.91,0.05873,10.06,14.76,0.09658,5.78,19.04,0.14508,23.71,1.11,0.02055,22.17,2.65,0.01103,20.52,4.3,0.0134,18.45,6.37,0.02628,14.02,10.8,0.07093,20.63,4.19,0.01485,12.87,11.95,0.06718,8.95,15.87,0.10322,5.44,19.38,0.13991,2.77,22.05,0.16906,17.04,7.78,0.03199,17.02,7.8,0.03282,14.86,9.96,0.05246,13.08,11.74,0.06656,11.29,13.53,0.08487,24.53,0.29,0.02929,23.83,0.99,0.02761,23.6,1.22,0.02738,20.48,4.34,0.0116,16.35,8.47,0.03464,18.15,6.67,0.02668,15.8,9.02,0.04407,15.6,9.22,0.04466,14.8,10.02,0.05131,13.9,10.92,0.05948
cifar100,efficientnet_b0,clustering_quant_int8,Clustering + Quant INT8,True,4.838,3.482,,215.667,31.9,63.97,0.05432,123.293,109.891,125.358,128.379,126.193,17.91,13.99,0.06539,13.09,18.81,0.11304,9.61,22.29,0.15104,8.78,23.12,0.16051,7.49,24.41,0.17543,21.81,10.09,0.02658,17.73,14.17,0.06372,11.92,19.98,0.12589,9.92,21.98,0.15051,7.96,23.94,0.17319,25.99,5.91,0.02754,20.73,11.17,0.01258,16.56,15.34,0.0343,10.43,21.47,0.09033,7.0,24.9,0.12764,30.74,1.16,0.04888,28.25,3.65,0.03461,24.45,7.45,0.01317,20.97,10.93,0.01906,15.69,16.21,0.06061,12.62,19.28,0.11745,13.0,18.9,0.1124,12.89,19.01,0.11365,10.9,21.0,0.1322,10.91,20.99,0.13335,25.04,6.86,0.01479,20.76,11.14,0.02302,17.06,14.84,0.05288,16.8,15.1,0.05499,14.54,17.36,0.07667,23.75,8.15,0.0119,23.09,8.81,0.01106,21.44,10.46,0.01371,19.58,12.32,0.02442,17.75,14.15,0.03842,27.64,4.26,0.02974,19.73,12.17,0.04023,21.44,10.46,0.01252,18.92,12.98,0.03014,15.41,16.49,0.06871,25.08,6.82,0.01384,20.97,10.93,0.02587,15.96,15.94,0.06889,15.57,16.33,0.07445,11.89,20.01,0.10923,29.32,2.58,0.03434,24.5,7.4,0.01365,19.89,12.01,0.04157,15.39,16.51,0.07795,9.43,22.47,0.12962,31.92,-0.02,0.05733,31.5,0.4,0.05826,30.28,1.62,0.05271,28.45,3.45,0.0426,23.81,8.09,0.02038,27.26,4.64,0.02442,17.52,14.38,0.07686,12.88,19.02,0.12889,8.16,23.74,0.18794,3.22,28.68,0.26485,24.25,7.65,0.01283,24.42,7.48,0.01524,22.57,9.33,0.01031,19.16,12.74,0.02722,16.15,15.75,0.05585,29.73,2.17,0.03956,26.47,5.43,0.02583,24.33,7.57,0.02496,17.27,14.63,0.09171,12.9,19.0,0.13789,23.81,8.09,0.01573,21.87,10.03,0.01557,21.13,10.77,0.01822,20.59,11.31,0.0176,19.67,12.23,0.02159
cifar100,efficientnet_b0,cqat,CQAT,True,4.813,3.5,,9.17,52.27,83.11,0.11608,95.263,96.144,95.197,94.891,95.039,33.68,18.59,0.0344,21.31,30.96,0.05421,14.27,38.0,0.09973,11.78,40.49,0.11844,10.07,42.2,0.12992,41.08,11.19,0.07814,32.11,20.16,0.02459,19.41,32.86,0.06366,15.63,36.64,0.09222,11.23,41.04,0.12443,48.08,4.19,0.12482,41.23,11.04,0.10481,33.77,18.5,0.07107,19.53,32.74,0.02454,11.36,40.91,0.08623,52.28,-0.01,0.12008,50.17,2.1,0.11343,46.54,5.73,0.09886,43.16,9.11,0.08541,35.49,16.78,0.04444,22.74,29.53,0.07185,23.35,28.92,0.06395,25.07,27.2,0.04677,18.52,33.75,0.10552,19.56,32.71,0.09382,48.43,3.84,0.11225,43.6,8.67,0.09191,39.28,12.99,0.07319,39.56,12.71,0.07541,35.54,16.73,0.05776,46.88,5.39,0.10853,45.25,7.02,0.09788,43.09,9.18,0.08957,40.74,11.53,0.07676,37.43,14.84,0.06078,47.38,4.89,0.10439,34.78,17.49,0.0327,38.02,14.25,0.0586,35.73,16.54,0.04614,30.24,22.03,0.012,46.69,5.58,0.09997,40.46,11.81,0.06973,31.33,20.94,0.01934,29.75,22.52,0.01567,23.15,29.12,0.04185,51.93,0.34,0.11848,50.08,2.19,0.11579,48.15,4.12,0.1151,43.74,8.53,0.099,32.39,19.88,0.04496,52.64,-0.37,0.11978,52.27,0.0,0.11938,51.52,0.75,0.11839,50.14,2.13,0.1136,46.3,5.97,0.09666,51.49,0.78,0.11711,47.99,4.28,0.10945,44.35,7.92,0.09785,36.83,15.44,0.0627,13.47,38.8,0.09144,46.81,5.46,0.10901,46.7,5.57,0.10701,44.42,7.85,0.09736,41.22,11.05,0.09062,36.83,15.44,0.06938,49.7,2.57,0.1115,41.86,10.41,0.06495,37.55,14.72,0.03551,23.49,28.78,0.08397,14.94,37.33,0.17236,45.65,6.62,0.09854,42.78,9.49,0.0919,41.32,10.95,0.08368,39.76,12.51,0.07545,37.89,14.38,0.06736
cifar100,efficientnet_b0,cqat_int8,CQAT + INT8,True,4.832,3.486,,9.4,52.31,83.29,0.11483,95.354,95.582,96.358,94.449,95.085,34.54,17.77,0.03235,22.18,30.13,0.05363,14.46,37.85,0.11048,12.48,39.83,0.12656,10.81,41.5,0.1378,41.58,10.73,0.07704,32.74,19.57,0.02451,19.31,33.0,0.07512,15.58,36.73,0.10474,11.57,40.74,0.1371,48.06,4.25,0.12082,41.53,10.78,0.10196,34.04,18.27,0.06619,19.97,32.34,0.0277,12.39,39.92,0.08604,52.22,0.09,0.11856,49.88,2.43,0.11085,46.1,6.21,0.09598,41.68,10.63,0.07381,34.11,18.2,0.03289,23.85,28.46,0.06191,24.42,27.89,0.05546,26.07,26.24,0.03907,18.93,33.38,0.10009,19.66,32.65,0.09505,47.44,4.87,0.1036,42.43,9.88,0.08364,37.8,14.51,0.06116,38.11,14.2,0.06497,33.66,18.65,0.04018,45.54,6.77,0.09837,44.12,8.19,0.0903,41.7,10.61,0.08028,39.65,12.66,0.06988,36.01,16.3,0.05035,46.91,5.4,0.09779,35.44,16.87,0.03488,38.69,13.62,0.06475,35.91,16.4,0.04787,31.22,21.09,0.01573,46.46,5.85,0.09291,41.02,11.29,0.06867,32.43,19.88,0.01519,31.06,21.25,0.01588,24.8,27.51,0.03651,52.11,0.2,0.11813,49.99,2.32,0.11464,48.11,4.2,0.11483,43.59,8.72,0.09709,32.48,19.83,0.04363,52.62,-0.31,0.11718,52.19,0.12,0.1166,51.19,1.12,0.1128,50.09,2.22,0.11035,46.5,5.81,0.09697,51.82,0.49,0.11722,47.99,4.32,0.10646,44.03,8.28,0.09187,37.35,14.96,0.06675,14.41,37.9,0.07588,46.29,6.02,0.10454,46.36,5.95,0.10451,43.66,8.65,0.09218,40.18,12.13,0.08273,36.11,16.2,0.06226,49.47,2.84,0.10691,42.13,10.18,0.06403,37.65,14.66,0.03504,23.67,28.64,0.08719,14.66,37.65,0.17701,46.2,6.11,0.10055,42.78,9.53,0.08813,41.54,10.77,0.08347,39.96,12.35,0.07778,38.3,14.01,0.07067
cifar100,efficientnet_b0,fp16,FP16,False,8.473,1.988,4135648.0,23.839,49.81,80.55,0.05696,100.009,100.036,100.013,100.018,99.974,27.96,21.85,0.05671,17.25,32.56,0.147,11.33,38.48,0.2089,8.75,41.06,0.24091,7.35,42.46,0.26007,35.13,14.68,0.01412,26.84,22.97,0.06403,15.44,34.37,0.1675,12.25,37.56,0.2035,8.35,41.46,0.255,44.4,5.41,0.05149,38.99,10.82,0.04418,32.91,16.9,0.02148,19.79,30.02,0.06795,10.77,39.04,0.15962,49.09,0.72,0.05464,47.0,2.81,0.04838,42.71,7.1,0.0275,38.28,11.53,0.01155,30.21,19.6,0.04396,21.96,27.85,0.11375,22.93,26.88,0.10094,24.62,25.19,0.08,17.69,32.12,0.14659,18.9,30.91,0.12665,46.28,3.53,0.05472,41.66,8.15,0.03671,37.23,12.58,0.01928,37.51,12.3,0.02183,32.89,16.92,0.01356,43.42,6.39,0.04364,40.58,9.23,0.02325,37.87,11.94,0.01352,35.48,14.33,0.01267,31.27,18.54,0.0314,44.2,5.61,0.04067,32.98,16.83,0.025,35.5,14.31,0.01218,33.38,16.43,0.01442,28.24,21.57,0.04313,42.31,7.5,0.02983,35.93,13.88,0.00978,27.17,22.64,0.05387,25.75,24.06,0.06595,19.88,29.93,0.10085,48.86,0.95,0.05299,47.01,2.8,0.05049,44.96,4.85,0.04887,41.03,8.78,0.03669,28.53,21.28,0.024,49.98,-0.17,0.05903,49.55,0.26,0.05865,48.49,1.32,0.05426,47.17,2.64,0.05,43.16,6.65,0.03196,48.8,1.01,0.05298,45.8,4.01,0.04473,43.21,6.6,0.03973,37.75,12.06,0.02485,18.62,31.19,0.07452,42.5,7.31,0.03596,42.71,7.1,0.03773,40.47,9.34,0.02867,36.13,13.68,0.01881,33.34,16.47,0.0134,44.78,5.03,0.03529,37.44,12.37,0.01384,33.69,16.12,0.02866,21.01,28.8,0.13101,12.41,37.4,0.21768,42.23,7.58,0.04175,38.13,11.68,0.02709,36.09,13.72,0.01667,34.19,15.62,0.0143,32.23,17.58,0.01108
cifar100,efficientnet_b0,kd_temp2,KD T=2,False,16.845,1.0,4135648.0,18.267,63.56,88.87,0.14365,82.12,90.104,81.383,78.858,80.13,37.32,26.24,0.03673,23.24,40.32,0.06107,15.03,48.53,0.12211,12.31,51.25,0.14495,10.38,53.18,0.16066,46.29,17.27,0.08701,36.25,27.31,0.03104,20.44,43.12,0.08175,16.37,47.19,0.11271,11.73,51.83,0.15094,59.06,4.5,0.15323,53.07,10.49,0.14887,45.61,17.95,0.12681,28.2,35.36,0.03161,15.86,47.7,0.05969,63.19,0.37,0.14399,61.47,2.09,0.14455,57.47,6.09,0.13408,53.22,10.34,0.11906,43.13,20.43,0.0651,27.19,36.37,0.05571,28.21,35.35,0.04697,30.44,33.12,0.02494,21.57,41.99,0.09835,23.45,40.11,0.07774,59.37,4.19,0.14237,54.64,8.92,0.13196,49.2,14.36,0.11024,49.49,14.07,0.11202,44.5,19.06,0.09066,58.1,5.46,0.14665,56.24,7.32,0.13943,53.21,10.35,0.12813,49.8,13.76,0.10924,44.95,18.61,0.08374,58.12,5.44,0.13952,44.77,18.79,0.07703,48.17,15.39,0.1025,45.41,18.15,0.09026,38.71,24.85,0.04587,55.48,8.08,0.12295,48.46,15.1,0.09415,38.98,24.58,0.04477,36.59,26.97,0.03228,29.01,34.55,0.02664,63.01,0.55,0.14332,61.05,2.51,0.1421,59.11,4.45,0.14207,54.43,9.13,0.13045,39.84,23.72,0.06846,63.47,0.09,0.14298,63.03,0.53,0.1422,62.11,1.45,0.13968,61.08,2.48,0.13905,57.5,6.06,0.12842,62.71,0.85,0.14104,60.4,3.16,0.14056,58.06,5.5,0.1373,53.76,9.8,0.12987,32.56,31.0,0.03821,56.97,6.59,0.13772,56.85,6.71,0.13586,53.73,9.83,0.12533,49.81,13.75,0.12638,44.2,19.36,0.10221,59.82,3.74,0.1386,50.61,12.95,0.09518,45.34,18.22,0.06707,29.29,34.27,0.05311,16.6,46.96,0.16318,54.73,8.83,0.12796,50.31,13.25,0.11944,48.05,15.51,0.10826,45.68,17.88,0.09646,43.45,20.11,0.09086
cifar100,efficientnet_b0,kd_temp4,KD T=4,False,16.845,1.0,4135648.0,18.343,67.3,90.27,0.13341,77.419,87.28,76.702,73.377,74.781,39.93,27.37,0.03669,25.64,41.66,0.05294,16.82,50.48,0.11655,13.93,53.37,0.13997,11.71,55.59,0.15707,49.61,17.69,0.08762,38.58,28.72,0.02897,22.13,45.17,0.07975,18.09,49.21,0.10909,12.97,54.33,0.14676,62.85,4.45,0.14238,56.14,11.16,0.13445,48.24,19.06,0.11418,30.29,37.01,0.02704,17.09,50.21,0.06414,67.03,0.27,0.1338,65.28,2.02,0.13367,61.52,5.78,0.12788,57.44,9.86,0.11734,47.69,19.61,0.07475,28.29,39.01,0.07781,29.26,38.04,0.06888,31.21,36.09,0.05101,21.98,45.32,0.12745,23.7,43.6,0.10878,62.75,4.55,0.12964,57.39,9.91,0.11728,52.15,15.15,0.10167,51.82,15.48,0.09619,47.24,20.06,0.08252,61.59,5.71,0.13281,60.1,7.2,0.13201,57.0,10.3,0.12255,53.92,13.38,0.11004,48.9,18.4,0.08647,61.4,5.9,0.12953,47.04,20.26,0.06733,50.76,16.54,0.0905,47.98,19.32,0.07584,41.13,26.17,0.03675,58.98,8.32,0.11423,51.43,15.87,0.08237,41.0,26.3,0.02624,39.05,28.25,0.0208,30.74,36.56,0.03752,66.85,0.45,0.13387,64.81,2.49,0.1311,63.2,4.1,0.1347,58.45,8.85,0.12232,43.43,23.87,0.06311,67.39,-0.09,0.13389,66.97,0.33,0.13263,66.29,1.01,0.13192,65.01,2.29,0.1288,61.4,5.9,0.1176,66.66,0.64,0.13175,64.69,2.61,0.13248,62.04,5.26,0.12537,57.81,9.49,0.11752,36.71,30.59,0.03032,60.64,6.66,0.12815,60.82,6.48,0.12804,58.31,8.99,0.12741,52.87,14.43,0.11657,46.97,20.33,0.09339,63.74,3.56,0.12891,54.99,12.31,0.0951,48.84,18.46,0.06245,31.96,35.34,0.05298,18.05,49.25,0.1715,57.56,9.74,0.11406,52.99,14.31,0.10845,50.64,16.66,0.09833,48.56,18.74,0.09065,45.99,21.31,0.08365
cifar100,efficientnet_b0,kd_temp8,KD T=8,False,16.845,1.0,4135648.0,19.97,68.82,90.82,0.12192,75.659,87.041,75.043,71.053,72.344,40.11,28.71,0.02421,24.79,44.03,0.06906,16.35,52.47,0.12727,13.13,55.69,0.15015,11.04,57.78,0.16548,50.34,18.48,0.07562,38.59,30.23,0.01979,22.4,46.42,0.08459,17.63,51.19,0.12,12.83,55.99,0.15216,64.26,4.56,0.13251,57.59,11.23,0.12671,49.33,19.49,0.10609,30.53,38.29,0.02022,17.22,51.6,0.07369,68.6,0.22,0.12373,66.71,2.11,0.12266,63.11,5.71,0.11851,58.83,9.99,0.10721,49.07,19.75,0.06731,27.53,41.29,0.10945,28.77,40.05,0.09737,30.65,38.17,0.075,21.3,47.52,0.16523,23.15,45.67,0.13679,63.73,5.09,0.11564,58.97,9.85,0.10895,53.02,15.8,0.08774,53.61,15.21,0.09119,48.04,20.78,0.07001,63.43,5.39,0.12778,61.85,6.97,0.12325,58.9,9.92,0.11611,55.63,13.19,0.10198,50.78,18.04,0.08289,63.12,5.7,0.11975,48.21,20.61,0.05705,52.53,16.29,0.08474,49.88,18.94,0.07304,42.48,26.34,0.02881,60.41,8.41,0.1044,52.4,16.42,0.07168,41.69,27.13,0.01637,39.96,28.86,0.01465,31.23,37.59,0.04717,68.42,0.4,0.12267,66.5,2.32,0.12148,64.73,4.09,0.12174,60.28,8.54,0.11657,44.42,24.4,0.05529,68.73,0.09,0.12103,68.28,0.54,0.12033,67.41,1.41,0.11772,66.67,2.15,0.12008,63.69,5.13,0.11401,68.48,0.34,0.12285,66.35,2.47,0.12051,64.28,4.54,0.1179,60.51,8.31,0.11307,41.75,27.07,0.05412,61.75,7.07,0.11458,62.16,6.66,0.11675,59.32,9.5,0.1125,54.57,14.25,0.11211,47.15,21.67,0.07632,65.1,3.72,0.11669,57.27,11.55,0.09552,50.51,18.31,0.05907,33.45,35.37,0.05435,18.76,50.06,0.17512,59.02,9.8,0.10555,53.64,15.18,0.09283,51.79,17.03,0.08812,49.1,19.72,0.07505,46.81,22.01,0.07122
cifar100,efficientnet_b0,pcqat,PCQAT,True,4.814,3.5,,7.525,60.79,87.69,0.12698,85.434,89.946,85.078,83.588,84.251,39.44,21.35,0.05209,26.57,34.22,0.03025,18.41,42.38,0.07195,15.42,45.37,0.0913,13.18,47.61,0.10579,46.92,13.87,0.08751,37.44,23.35,0.04051,24.11,36.68,0.04123,19.88,40.91,0.06798,15.04,45.75,0.0975,55.08,5.71,0.12986,47.99,12.8,0.12037,39.74,21.05,0.09059,23.67,37.12,0.01959,14.01,46.78,0.07011,60.34,0.45,0.12494,58.55,2.24,0.11966,54.87,5.92,0.10628,50.17,10.62,0.08356,41.42,19.37,0.04042,26.43,34.36,0.05933,26.67,34.12,0.0623,28.95,31.84,0.04745,20.97,39.82,0.10131,22.38,38.41,0.09513,55.93,4.86,0.11299,51.37,9.42,0.09995,45.77,15.02,0.07253,46.37,14.42,0.07833,41.35,19.44,0.05357,55.01,5.78,0.11325,53.51,7.28,0.10606,50.78,10.01,0.09473,48.23,12.56,0.08202,43.82,16.97,0.0589,54.89,5.9,0.11416,41.97,18.82,0.05225,45.45,15.34,0.07826,42.54,18.25,0.0563,36.12,24.67,0.01771,52.98,7.81,0.1032,46.36,14.43,0.07418,37.39,23.4,0.02538,35.72,25.07,0.01971,28.39,32.4,0.03892,60.13,0.66,0.12613,57.25,3.54,0.11562,54.99,5.8,0.11414,50.63,10.16,0.10229,36.48,24.31,0.03072,60.46,0.33,0.12501,60.06,0.73,0.12506,58.91,1.88,0.12005,57.44,3.35,0.115,54.23,6.56,0.10625,60.22,0.57,0.1272,56.15,4.64,0.11275,52.19,8.6,0.09853,44.27,16.52,0.06258,17.76,43.03,0.10364,54.5,6.29,0.11126,55.09,5.7,0.11497,52.17,8.62,0.10244,47.84,12.95,0.09014,41.64,19.15,0.06421,57.52,3.27,0.1166,51.3,9.49,0.09159,46.66,14.13,0.06407,32.36,28.43,0.03713,19.06,41.73,0.15782,52.17,8.62,0.1038,48.27,12.52,0.08886,46.31,14.48,0.07826,44.64,16.15,0.07055,42.81,17.98,0.06482
cifar100,efficientnet_b0,pcqat_int8,PCQAT + INT8,True,4.833,3.486,,13.253,60.73,87.48,0.11034,85.288,89.574,84.047,83.691,84.909,39.77,20.96,0.0338,27.15,33.58,0.03665,18.48,42.25,0.09184,14.96,45.77,0.11702,12.42,48.31,0.13481,46.53,14.2,0.06501,38.75,21.98,0.03185,24.06,36.67,0.06015,19.9,40.83,0.08755,14.56,46.17,0.12346,55.01,5.72,0.11103,48.67,12.06,0.10657,40.75,19.98,0.07964,25.59,35.14,0.01584,14.24,46.49,0.08022,60.13,0.6,0.10584,58.89,1.84,0.10506,55.59,5.14,0.09473,51.81,8.92,0.08329,43.23,17.5,0.04287,27.69,33.04,0.06818,27.97,32.76,0.06845,29.23,31.5,0.06063,21.94,38.79,0.11341,23.15,37.58,0.10754,56.36,4.37,0.10018,51.37,9.36,0.08256,46.17,14.56,0.06164,46.52,14.21,0.06511,41.35,19.38,0.03781,54.8,5.93,0.09577,53.85,6.88,0.0929,51.61,9.12,0.08584,49.46,11.27,0.07742,45.27,15.46,0.05802,54.64,6.09,0.09641,41.77,18.96,0.03738,44.92,15.81,0.05768,42.23,18.5,0.03971,36.67,24.06,0.02089,53.2,7.53,0.08732,46.38,14.35,0.05458,37.37,23.36,0.01991,36.38,24.35,0.01553,28.88,31.85,0.04958,59.62,1.11,0.10713,57.04,3.69,0.10039,54.79,5.94,0.09949,49.84,10.89,0.08298,36.29,24.44,0.0204,60.19,0.54,0.10507,59.84,0.89,0.1051,58.79,1.94,0.10089,57.78,2.95,0.09902,54.7,6.03,0.09094,59.58,1.15,0.10662,56.11,4.62,0.09813,53.06,7.67,0.09206,46.75,13.98,0.07176,20.45,40.28,0.07307,54.54,6.19,0.09788,54.61,6.12,0.09575,52.58,8.15,0.09087,47.92,12.81,0.0782,41.67,19.06,0.0504,56.27,4.46,0.09334,48.5,12.23,0.05902,43.41,17.32,0.02564,27.3,33.43,0.09831,17.92,42.81,0.18736,51.31,9.42,0.0808,48.04,12.69,0.07393,45.95,14.78,0.06367,44.8,15.93,0.05983,42.32,18.41,0.05053
cifar100,efficientnet_b0,pqat,PQAT,True,4.813,3.5,,215.667,62.74,88.2,0.08609,83.239,89.741,83.347,80.027,81.467,38.09,24.65,0.02272,24.98,37.76,0.08841,16.27,46.47,0.1431,13.35,49.39,0.16561,11.42,51.32,0.17635,46.48,16.26,0.0345,36.81,25.93,0.02438,22.16,40.58,0.11064,18.08,44.66,0.13885,12.88,49.86,0.17277,57.4,5.34,0.08131,51.1,11.64,0.07427,43.9,18.84,0.05374,28.0,34.74,0.02928,15.75,46.99,0.10962,62.44,0.3,0.08456,60.5,2.24,0.0803,56.69,6.05,0.06877,51.92,10.82,0.04776,42.68,20.06,0.01442,27.2,35.54,0.11437,28.52,34.22,0.10534,30.1,32.64,0.09139,21.42,41.32,0.16159,22.93,39.81,0.1514,57.06,5.68,0.06824,51.83,10.91,0.05076,46.51,16.23,0.03103,46.99,15.75,0.03371,42.52,20.22,0.0176,56.53,6.21,0.07121,54.58,8.16,0.06228,51.5,11.24,0.04974,48.54,14.2,0.03541,44.33,18.41,0.02179,56.94,5.8,0.07351,44.05,18.69,0.01591,46.99,15.75,0.03095,44.38,18.36,0.01655,38.39,24.35,0.02343,54.94,7.8,0.06032,48.61,14.13,0.03324,39.39,23.35,0.02695,37.88,24.86,0.03307,30.62,32.12,0.07178,61.99,0.75,0.08297,59.82,2.92,0.07856,57.14,5.6,0.07085,52.4,10.34,0.05934,37.86,24.88,0.01357,62.38,0.36,0.08268,62.06,0.68,0.08242,61.31,1.43,0.08082,60.78,1.96,0.08228,57.23,5.51,0.06558,62.28,0.46,0.08294,60.16,2.58,0.07696,57.77,4.97,0.06717,53.45,9.29,0.05268,32.25,30.49,0.06271,55.92,6.82,0.06762,56.17,6.57,0.06932,53.17,9.57,0.05847,48.33,14.41,0.04458,43.01,19.73,0.02554,59.08,3.66,0.07462,50.59,12.15,0.03631,45.54,17.2,0.01404,28.84,33.9,0.112,17.2,45.54,0.2228,52.65,10.09,0.05273,48.25,14.49,0.03898,45.84,16.9,0.02944,43.99,18.75,0.02394,41.7,21.04,0.022
cifar100,efficientnet_b0,pqat_int8,PQAT + INT8,True,4.832,3.486,,8.872,62.4,88.39,0.08239,83.638,90.023,83.564,80.293,82.268,36.87,25.53,0.02666,24.48,37.92,0.08879,16.15,46.25,0.14182,13.28,49.12,0.16368,11.29,51.11,0.1745,46.42,15.98,0.03721,36.31,26.09,0.02351,22.11,40.29,0.10656,17.82,44.58,0.1363,13.04,49.36,0.16824,57.41,4.99,0.08243,50.69,11.71,0.07205,43.39,19.01,0.04959,27.9,34.5,0.02953,16.08,46.32,0.10592,62.01,0.39,0.08184,60.24,2.16,0.07871,55.99,6.41,0.06248,51.7,10.7,0.04906,42.01,20.39,0.01427,27.3,35.1,0.10667,28.35,34.05,0.10174,29.65,32.75,0.0925,21.67,40.73,0.15124,23.07,39.33,0.14394,57.5,4.9,0.07369,51.94,10.46,0.05163,46.65,15.75,0.03264,46.87,15.53,0.03108,42.1,20.3,0.01916,56.29,6.11,0.07078,54.77,7.63,0.0658,51.63,10.77,0.05393,48.5,13.9,0.03612,43.96,18.44,0.01744,56.91,5.49,0.0723,43.91,18.49,0.01734,46.93,15.47,0.03273,44.6,17.8,0.01929,37.99,24.41,0.02205,54.79,7.61,0.06232,48.14,14.26,0.03294,39.07,23.33,0.02562,37.17,25.23,0.033,30.22,32.18,0.06941,61.76,0.64,0.08197,59.48,2.92,0.07581,57.18,5.22,0.07348,52.5,9.9,0.06272,36.86,25.54,0.02359,62.57,-0.17,0.08462,62.05,0.35,0.08192,61.49,0.91,0.08228,60.46,1.94,0.07879,57.57,4.83,0.0706,61.9,0.5,0.08047,59.81,2.59,0.07509,57.11,5.29,0.06529,52.58,9.82,0.05099,29.27,33.13,0.08043,55.88,6.52,0.06834,55.81,6.59,0.06618,52.95,9.45,0.05854,48.45,13.95,0.04694,42.01,20.39,0.02292,58.47,3.93,0.06797,49.94,12.46,0.03005,45.05,17.35,0.02127,28.27,34.13,0.11889,16.65,45.75,0.23267,52.43,9.97,0.05192,47.85,14.55,0.03607,45.82,16.58,0.03068,44.02,18.38,0.02426,41.73,20.67,0.01605
cifar100,efficientnet_b0,pruning,Pruning (50%),False,16.844,1.0,4135648.0,303.064,64.23,89.05,0.08403,81.247,89.48,81.236,77.664,78.665,37.66,26.57,0.02851,24.5,39.73,0.10246,15.89,48.34,0.15992,13.66,50.57,0.17685,11.26,52.97,0.19235,46.79,17.44,0.02909,36.47,27.76,0.03097,22.03,42.2,0.12195,18.24,45.99,0.14764,13.19,51.04,0.18387,58.6,5.63,0.07791,52.17,12.06,0.0709,44.61,19.62,0.04955,28.32,35.91,0.03265,15.88,48.35,0.11554,63.83,0.4,0.08316,62.25,1.98,0.08053,58.3,5.93,0.06757,53.67,10.56,0.04774,44.35,19.88,0.01807,27.05,37.18,0.11908,28.37,35.86,0.11026,29.64,34.59,0.10389,21.71,42.52,0.16195,23.27,40.96,0.15239,58.63,5.6,0.06877,53.52,10.71,0.05354,48.35,15.88,0.03278,48.43,15.8,0.03369,44.45,19.78,0.01898,58.19,6.04,0.06995,56.58,7.65,0.06535,53.43,10.8,0.05264,50.45,13.78,0.03989,45.87,18.36,0.01751,58.47,5.76,0.07263,44.97,19.26,0.01916,48.28,15.95,0.03034,45.55,18.68,0.01871,38.8,25.43,0.02407,56.15,8.08,0.06411,49.36,14.87,0.03644,39.58,24.65,0.03003,38.18,26.05,0.03529,30.82,33.41,0.07369,63.85,0.38,0.08496,61.63,2.6,0.07657,59.68,4.55,0.07283,55.15,9.08,0.06232,40.18,24.05,0.01272,64.15,0.08,0.08387,63.73,0.5,0.08298,63.04,1.19,0.08183,62.05,2.18,0.07959,59.07,5.16,0.06973,64.15,0.08,0.08398,62.6,1.63,0.07686,61.23,3.0,0.07339,57.98,6.25,0.06125,42.64,21.59,0.01694,57.46,6.77,0.06562,57.34,6.89,0.06259,54.78,9.45,0.05782,49.89,14.34,0.0448,44.42,19.81,0.02955,60.37,3.86,0.07159,51.94,12.29,0.03508,46.56,17.67,0.01606,29.77,34.46,0.11222,17.34,46.89,0.23151,53.13,11.1,0.04554,48.22,16.01,0.03065,45.83,18.4,0.02323,44.16,20.07,0.01965,41.25,22.98,0.0208
cifar100,efficientnet_b0,pruning_20,Pruning 20%,False,16.846,1.0,4135648.0,30.257,64.35,89.03,0.08402,80.963,89.174,80.715,77.602,78.413,38.13,26.22,0.02523,24.93,39.42,0.09485,16.25,48.1,0.15115,13.5,50.85,0.17234,11.29,53.06,0.18545,47.15,17.2,0.03347,37.38,26.97,0.02409,22.55,41.8,0.11331,18.44,45.91,0.14183,13.21,51.14,0.17679,58.95,5.4,0.08109,52.27,12.08,0.07179,44.61,19.74,0.05126,28.38,35.97,0.02967,15.91,48.44,0.10956,64.11,0.24,0.08388,62.65,1.7,0.0798,58.69,5.66,0.06549,54.26,10.09,0.04702,45.1,19.25,0.01929,27.18,37.17,0.1208,27.84,36.51,0.11817,29.5,34.85,0.10706,21.43,42.92,0.16783,22.86,41.49,0.15855,59.14,5.21,0.06849,54.08,10.27,0.05248,48.74,15.61,0.02971,48.92,15.43,0.03132,44.8,19.55,0.02087,58.78,5.57,0.07125,57.18,7.17,0.06482,53.98,10.37,0.05266,51.04,13.31,0.03841,46.08,18.27,0.016,58.37,5.98,0.07032,45.08,19.27,0.01434,48.13,16.22,0.03061,45.4,18.95,0.01783,38.76,25.59,0.02616,56.12,8.23,0.06278,49.36,14.99,0.03345,40.08,24.27,0.02905,38.35,26.0,0.03524,31.01,33.34,0.07356,63.97,0.38,0.08389,62.09,2.26,0.07846,59.87,4.48,0.07293,55.3,9.05,0.06216,39.62,24.73,0.01588,64.02,0.33,0.08135,63.43,0.92,0.07895,63.08,1.27,0.08093,62.17,2.18,0.07932,59.31,5.04,0.07039,63.96,0.39,0.08082,62.35,2.0,0.07309,60.95,3.4,0.06968,57.77,6.58,0.06086,41.95,22.4,0.01881,57.73,6.62,0.06403,57.72,6.63,0.06251,55.31,9.04,0.05689,50.2,14.15,0.04425,44.38,19.97,0.02338,60.89,3.46,0.07418,52.41,11.94,0.03576,47.17,17.18,0.01807,30.28,34.07,0.11085,17.22,47.13,0.23487,53.0,11.35,0.04436,48.78,15.57,0.03144,46.62,17.73,0.0229,44.69,19.66,0.02298,41.07,23.28,0.02367
cifar100,efficientnet_b0,pruning_50,Pruning 50%,False,16.846,1.0,4135648.0,19.175,64.44,89.0,0.08639,81.288,90.02,81.12,77.721,78.473,37.33,27.11,0.02831,24.2,40.24,0.09891,15.73,48.71,0.15632,12.94,51.5,0.17832,10.93,53.51,0.1905,46.44,18.0,0.03109,36.52,27.92,0.02801,21.72,42.72,0.11941,17.55,46.89,0.15006,12.41,52.03,0.18707,58.45,5.99,0.07873,51.89,12.55,0.07187,44.03,20.41,0.04854,27.52,36.92,0.03769,15.32,49.12,0.11823,64.25,0.19,0.08675,62.11,2.33,0.07867,58.35,6.09,0.06703,54.23,10.21,0.05121,44.88,19.56,0.01872,26.96,37.48,0.11731,28.23,36.21,0.10909,29.51,34.93,0.10266,21.19,43.25,0.16416,22.86,41.58,0.15387,58.9,5.54,0.07106,53.61,10.83,0.05257,48.47,15.97,0.03163,48.41,16.03,0.02839,44.24,20.2,0.01915,58.73,5.71,0.07287,56.78,7.66,0.06529,53.75,10.69,0.05466,50.36,14.08,0.03595,45.6,18.84,0.01406,58.71,5.73,0.0759,45.11,19.33,0.01589,48.54,15.9,0.03366,46.1,18.34,0.01989,38.84,25.6,0.0256,56.04,8.4,0.0637,48.71,15.73,0.03257,39.71,24.73,0.02478,37.83,26.61,0.03619,29.91,34.53,0.08023,63.85,0.59,0.08415,61.84,2.6,0.07724,59.73,4.71,0.07234,55.55,8.89,0.06493,39.89,24.55,0.01763,64.21,0.23,0.08477,63.66,0.78,0.08267,62.79,1.65,0.07973,61.92,2.52,0.07852,58.96,5.48,0.06838,63.78,0.66,0.08051,62.41,2.03,0.07552,60.91,3.53,0.07067,57.85,6.59,0.06042,41.98,22.46,0.02156,57.72,6.72,0.0677,57.77,6.67,0.0673,54.56,9.88,0.05492,49.85,14.59,0.04429,44.14,20.3,0.02617,60.45,3.99,0.07235,52.19,12.25,0.03643,47.16,17.28,0.01736,30.54,33.9,0.10018,17.85,46.59,0.21748,53.12,11.32,0.04625,48.53,15.91,0.03402,46.76,17.68,0.02766,44.48,19.96,0.01972,41.72,22.72,0.01995
cifar100,efficientnet_b0,pruning_70,Pruning 70%,False,16.846,1.0,4135648.0,24.107,63.98,88.93,0.08484,81.522,89.674,81.146,77.973,79.336,37.58,26.4,0.02165,24.25,39.73,0.09129,15.56,48.42,0.1491,12.7,51.28,0.1698,10.66,53.32,0.18236,46.38,17.6,0.03296,36.29,27.69,0.02583,21.72,42.26,0.11208,17.55,46.43,0.14024,12.45,51.53,0.17508,58.51,5.47,0.08255,52.39,11.59,0.0785,44.97,19.01,0.05805,29.31,34.67,0.01758,16.23,47.75,0.09923,64.01,-0.03,0.08697,62.36,1.62,0.08384,58.28,5.7,0.06911,54.0,9.98,0.0521,44.79,19.19,0.01389,27.15,36.83,0.11455,28.01,35.97,0.11066,29.67,34.31,0.09937,21.34,42.64,0.1611,22.88,41.1,0.15092,58.64,5.34,0.0695,53.48,10.5,0.05246,48.53,15.45,0.03274,48.64,15.34,0.03149,44.48,19.5,0.01767,58.39,5.59,0.07252,56.83,7.15,0.06806,53.68,10.3,0.05614,50.35,13.63,0.03885,45.67,18.31,0.01752,58.24,5.74,0.07623,44.81,19.17,0.02164,47.77,16.21,0.0305,45.29,18.69,0.01752,38.55,25.43,0.02227,55.9,8.08,0.06603,48.81,15.17,0.03529,39.56,24.42,0.02402,38.29,25.69,0.028,30.34,33.64,0.07118,63.35,0.63,0.08233,61.77,2.21,0.08104,59.45,4.53,0.07455,54.82,9.16,0.06243,39.67,24.31,0.02016,64.05,-0.07,0.08571,63.64,0.34,0.08508,63.1,0.88,0.08571,62.05,1.93,0.08304,59.29,4.69,0.07564,63.67,0.31,0.08257,62.16,1.82,0.07683,60.55,3.43,0.07188,57.3,6.68,0.06039,41.25,22.73,0.01685,57.51,6.47,0.06894,57.42,6.56,0.06704,54.91,9.07,0.06136,49.79,14.19,0.04601,44.27,19.71,0.02653,60.08,3.9,0.0738,50.81,13.17,0.03017,45.52,18.46,0.01582,28.15,35.83,0.12329,16.44,47.54,0.2388,53.13,10.85,0.04856,48.06,15.92,0.03142,46.0,17.98,0.02343,44.06,19.92,0.01976,41.13,22.85,0.01876
cifar100,efficientnet_b0,pruning_90,Pruning 90%,False,16.846,1.0,4135648.0,37.035,62.86,88.46,0.08931,83.528,91.781,83.135,80.285,80.974,35.49,27.37,0.02277,22.65,40.21,0.09429,14.4,48.46,0.14743,12.03,50.83,0.16373,10.02,52.84,0.17471,44.39,18.47,0.03177,34.25,28.61,0.02797,20.6,42.26,0.11222,16.3,46.56,0.14204,11.48,51.38,0.17462,57.29,5.57,0.0924,50.59,12.27,0.08661,42.4,20.46,0.05895,26.08,36.78,0.03048,14.3,48.56,0.11146,62.66,0.2,0.08928,60.92,1.94,0.08533,56.99,5.87,0.07194,52.55,10.31,0.05348,43.22,19.64,0.01364,26.06,36.8,0.115,26.62,36.24,0.11435,28.24,34.62,0.10241,20.38,42.48,0.16172,21.88,40.98,0.15299,57.65,5.21,0.07715,51.98,10.88,0.05513,47.5,15.36,0.0417,47.57,15.29,0.0402,43.15,19.71,0.02509,56.69,6.17,0.07316,55.39,7.47,0.07121,52.12,10.74,0.05748,49.27,13.59,0.04386,44.92,17.94,0.02412,56.89,5.97,0.08039,43.36,19.5,0.02324,47.01,15.85,0.04136,44.45,18.41,0.02663,37.07,25.79,0.01935,53.81,9.05,0.06171,47.26,15.6,0.03529,37.64,25.22,0.0244,36.0,26.86,0.03249,28.69,34.17,0.07615,62.52,0.34,0.09028,60.42,2.44,0.08438,58.43,4.43,0.08153,53.72,9.14,0.06974,38.23,24.63,0.01277,62.87,-0.01,0.09045,62.34,0.52,0.08914,61.5,1.36,0.08727,60.68,2.18,0.08718,57.58,5.28,0.07756,62.56,0.3,0.0872,60.71,2.15,0.07905,59.06,3.8,0.07424,56.14,6.72,0.06755,39.53,23.33,0.01298,56.16,6.7,0.07489,56.36,6.5,0.07487,53.7,9.16,0.06794,48.42,14.44,0.05137,43.09,19.77,0.03391,58.98,3.88,0.07907,50.42,12.44,0.04189,44.35,18.51,0.0123,27.2,35.66,0.11664,15.6,47.26,0.23065,52.16,10.7,0.05869,47.48,15.38,0.04519,45.58,17.28,0.03973,43.33,19.53,0.03036,40.67,22.19,0.0261
cifar100,efficientnet_b0,pruning_kd,Pruning + KD,False,16.846,1.0,4135648.0,123.956,67.15,90.31,0.13305,77.764,88.266,77.034,73.462,74.92,38.96,28.19,0.0303,24.47,42.68,0.07027,16.29,50.86,0.13035,13.41,53.74,0.15679,11.28,55.87,0.17652,48.61,18.54,0.08143,37.62,29.53,0.02374,21.76,45.39,0.08732,17.05,50.1,0.12673,12.41,54.74,0.16556,62.18,4.97,0.13676,55.76,11.39,0.13328,47.24,19.91,0.10827,29.0,38.15,0.01305,16.43,50.72,0.07823,67.1,0.05,0.13629,65.39,1.76,0.13649,61.44,5.71,0.12812,57.03,10.12,0.11316,46.88,20.27,0.06558,27.06,40.09,0.09667,28.3,38.85,0.08432,30.25,36.9,0.06147,21.55,45.6,0.13871,22.78,44.37,0.11991,62.37,4.78,0.12677,57.76,9.39,0.11916,52.57,14.58,0.10331,52.83,14.32,0.10299,47.31,19.84,0.08121,61.46,5.69,0.13141,59.83,7.32,0.1284,56.89,10.26,0.12124,53.8,13.35,0.10888,48.62,18.53,0.08477,61.7,5.45,0.13211,46.58,20.57,0.06098,50.94,16.21,0.09113,48.4,18.75,0.07926,41.26,25.89,0.03687,58.49,8.66,0.11289,51.19,15.96,0.08312,40.58,26.57,0.02329,38.56,28.59,0.01797,30.92,36.23,0.03357,66.57,0.58,0.13236,64.6,2.55,0.1299,63.13,4.02,0.13488,58.85,8.3,0.12778,44.43,22.72,0.07661,67.28,-0.13,0.13427,66.61,0.54,0.13094,65.82,1.33,0.12932,64.81,2.34,0.12885,61.53,5.62,0.12082,66.45,0.7,0.13126,64.29,2.86,0.12923,62.21,4.94,0.12729,58.18,8.97,0.12116,37.16,29.99,0.03406,60.41,6.74,0.12685,60.72,6.43,0.12802,58.0,9.15,0.1235,52.51,14.64,0.11304,46.78,20.37,0.09217,63.37,3.78,0.12809,54.72,12.43,0.09546,48.49,18.66,0.06299,31.5,35.65,0.05468,17.61,49.54,0.17531,58.01,9.14,0.11931,52.73,14.42,0.10512,50.79,16.36,0.09811,48.71,18.44,0.09317,46.29,20.86,0.0867
cifar100,efficientnet_b0,pruning_kd_70,Pruning 70% + KD,False,16.847,1.0,4135648.0,19.638,67.32,90.35,0.13211,77.455,87.515,77.118,73.256,74.446,39.71,27.61,0.0352,24.88,42.44,0.06625,16.38,50.94,0.12794,13.45,53.87,0.15276,11.18,56.14,0.17171,49.2,18.12,0.08251,38.77,28.55,0.02906,22.37,44.95,0.08264,17.83,49.49,0.11716,12.73,54.59,0.15825,62.69,4.63,0.14186,56.78,10.54,0.14432,48.29,19.03,0.11813,30.15,37.17,0.02663,16.64,50.68,0.07129,67.02,0.3,0.13353,64.97,2.35,0.1324,61.04,6.28,0.12562,56.68,10.64,0.11189,46.67,20.65,0.06738,28.21,39.11,0.07619,29.32,38.0,0.06731,31.31,36.01,0.04537,21.89,45.43,0.12879,23.28,44.04,0.11112,62.76,4.56,0.12992,57.41,9.91,0.11783,52.16,15.16,0.10007,52.31,15.01,0.09904,47.04,20.28,0.07978,61.13,6.19,0.13181,59.9,7.42,0.1326,56.5,10.82,0.12111,53.47,13.85,0.10882,48.07,19.25,0.08188,61.55,5.77,0.12906,47.96,19.36,0.07554,51.38,15.94,0.09358,48.68,18.64,0.08195,41.57,25.75,0.04088,59.42,7.9,0.12048,51.25,16.07,0.0835,41.05,26.27,0.03185,39.15,28.17,0.02586,30.66,36.66,0.0333,66.67,0.65,0.13089,65.17,2.15,0.13514,63.11,4.21,0.13511,57.92,9.4,0.12164,42.58,24.74,0.06246,67.22,0.1,0.13117,66.98,0.34,0.13225,66.15,1.17,0.13021,64.88,2.44,0.12677,61.74,5.58,0.12163,66.91,0.41,0.13266,64.77,2.55,0.13151,62.71,4.61,0.12991,58.86,8.46,0.1262,37.68,29.64,0.04325,60.43,6.89,0.12757,60.93,6.39,0.1314,57.54,9.78,0.12242,52.37,14.95,0.11715,46.76,20.56,0.09467,63.85,3.47,0.12907,55.63,11.69,0.09874,49.71,17.61,0.06992,33.0,34.32,0.04165,18.49,48.83,0.16056,57.9,9.42,0.11819,52.95,14.37,0.10852,50.47,16.85,0.09589,48.53,18.79,0.09107,45.86,21.46,0.08227
cifar100,efficientnet_b0,pruning_qat,Pruning + QAT,True,4.833,3.485,,370.989,62.53,88.03,0.08466,83.341,89.502,83.57,79.834,82.001,38.73,23.8,0.01962,25.44,37.09,0.0807,16.56,45.97,0.13491,13.61,48.92,0.15623,11.13,51.4,0.17109,47.07,15.46,0.03881,37.85,24.68,0.01924,22.68,39.85,0.10283,18.4,44.13,0.12927,13.13,49.4,0.16316,57.11,5.42,0.07972,50.75,11.78,0.0722,43.79,18.74,0.05544,28.06,34.47,0.0242,15.46,47.07,0.10666,62.0,0.53,0.08179,60.02,2.51,0.07612,56.01,6.52,0.06231,51.7,10.83,0.04604,42.38,20.15,0.01622,27.58,34.95,0.11019,28.66,33.87,0.10389,30.33,32.2,0.09103,21.69,40.84,0.15842,23.4,39.13,0.14614,56.83,5.7,0.0658,51.73,10.8,0.04897,46.62,15.91,0.03038,47.08,15.45,0.03263,42.57,19.96,0.0191,56.1,6.43,0.06783,54.39,8.14,0.06207,51.09,11.44,0.04776,48.13,14.4,0.03231,44.15,18.38,0.01686,56.79,5.74,0.07143,43.94,18.59,0.01725,46.76,15.77,0.02828,44.61,17.92,0.01924,38.36,24.17,0.02094,55.45,7.08,0.06548,48.74,13.79,0.03381,40.02,22.51,0.02251,38.41,24.12,0.02802,31.52,31.01,0.06193,61.95,0.58,0.08303,59.7,2.83,0.07699,57.44,5.09,0.07486,52.83,9.7,0.06305,38.16,24.37,0.01576,62.55,-0.02,0.08478,62.09,0.44,0.08354,61.22,1.31,0.0808,60.22,2.31,0.07699,57.13,5.4,0.06463,61.82,0.71,0.07935,59.87,2.66,0.07418,57.8,4.73,0.06854,52.93,9.6,0.04724,31.97,30.56,0.06647,55.76,6.77,0.06657,55.71,6.82,0.06493,52.92,9.61,0.05676,48.23,14.3,0.04333,42.98,19.55,0.02478,58.5,4.03,0.07,50.24,12.29,0.03296,44.85,17.68,0.01591,28.21,34.32,0.11835,16.47,46.06,0.23538,52.66,9.87,0.05382,47.97,14.56,0.03742,45.62,16.91,0.02792,44.0,18.53,0.02289,40.72,21.81,0.02561
cifar100,efficientnet_b0,ptq,PTQ INT8,True,4.813,3.5,,7.958,49.35,80.26,0.05739,100.402,100.414,100.361,100.583,100.253,27.55,21.8,0.05674,16.87,32.48,0.14703,11.16,38.19,0.20633,8.61,40.74,0.23823,7.19,42.16,0.25758,34.91,14.44,0.01212,26.37,22.98,0.06451,15.12,34.23,0.16673,12.14,37.21,0.2009,8.29,41.06,0.2512,43.91,5.44,0.05192,38.33,11.02,0.04287,32.23,17.12,0.01881,19.72,29.63,0.06606,10.75,38.6,0.15779,49.09,0.26,0.05942,47.15,2.2,0.05507,42.55,6.8,0.03082,38.31,11.04,0.0122,30.63,18.72,0.034,21.52,27.83,0.11314,22.23,27.12,0.1017,24.07,25.28,0.07958,17.22,32.13,0.14436,18.7,30.65,0.12296,45.95,3.4,0.05694,41.19,8.16,0.03792,36.4,12.95,0.01773,36.98,12.37,0.02233,32.12,17.23,0.01685,43.06,6.29,0.04549,40.82,8.53,0.03055,38.0,11.35,0.01749,35.34,14.01,0.01323,31.46,17.89,0.02415,43.76,5.59,0.04053,32.79,16.56,0.021,35.6,13.75,0.01636,33.0,16.35,0.01028,27.88,21.47,0.04331,42.22,7.13,0.03464,35.5,13.85,0.01004,26.72,22.63,0.05477,25.51,23.84,0.06334,19.64,29.71,0.09928,48.77,0.58,0.05805,46.39,2.96,0.0513,44.08,5.27,0.04778,40.52,8.83,0.04027,28.12,21.23,0.02049,49.83,-0.48,0.06264,48.92,0.43,0.05681,48.26,1.09,0.05663,46.91,2.44,0.05189,42.89,6.46,0.0336,48.84,0.51,0.05882,45.6,3.75,0.05099,42.26,7.09,0.03917,36.48,12.87,0.02519,16.74,32.61,0.08743,42.41,6.94,0.04009,42.56,6.79,0.04139,40.52,8.83,0.03384,36.01,13.34,0.02128,33.04,16.31,0.01487,44.81,4.54,0.03905,37.77,11.58,0.01689,33.62,15.73,0.02618,21.21,28.14,0.1247,12.48,36.87,0.21216,42.16,7.19,0.04569,38.1,11.25,0.03137,36.32,13.03,0.02118,34.66,14.69,0.01583,32.63,16.72,0.01563
cifar100,efficientnet_b0,qat,QAT,True,4.813,3.5,,31.394,55.03,84.59,0.07806,92.812,95.867,92.724,91.625,91.795,31.49,23.54,0.03029,20.48,34.55,0.09809,13.27,41.76,0.14677,11.05,43.98,0.16225,9.85,45.18,0.16565,38.83,16.2,0.01666,30.51,24.52,0.0348,18.34,36.69,0.11484,15.0,40.03,0.13623,10.83,44.2,0.16431,50.56,4.47,0.08554,44.35,10.68,0.0756,37.13,17.9,0.048,21.92,33.11,0.04548,12.28,42.75,0.11538,54.58,0.45,0.07802,53.18,1.85,0.07853,49.29,5.74,0.06499,44.89,10.14,0.04397,36.08,18.95,0.01468,22.71,32.32,0.12591,23.52,31.51,0.11677,25.3,29.73,0.09873,18.15,36.88,0.16811,19.29,35.74,0.15324,51.25,3.78,0.07552,46.22,8.81,0.05593,40.93,14.1,0.031,41.87,13.16,0.03975,36.7,18.33,0.02248,49.63,5.4,0.07343,47.64,7.39,0.06268,44.77,10.26,0.04943,42.09,12.94,0.0343,38.42,16.61,0.01807,49.79,5.24,0.06679,37.22,17.81,0.01134,40.95,14.08,0.03131,37.98,17.05,0.01602,31.72,23.31,0.03237,47.23,7.8,0.04934,40.54,14.49,0.02097,31.4,23.63,0.04231,29.88,25.15,0.04947,23.59,31.44,0.08632,54.65,0.38,0.07977,52.84,2.19,0.07793,50.75,4.28,0.0746,46.28,8.75,0.061,33.13,21.9,0.01838,54.95,0.08,0.07809,55.0,0.03,0.08185,54.15,0.88,0.08013,53.03,2.0,0.07627,49.46,5.57,0.06298,54.24,0.79,0.07504,51.9,3.13,0.07171,49.2,5.83,0.06349,44.09,10.94,0.04593,22.89,32.14,0.06628,48.75,6.28,0.06885,49.0,6.03,0.06923,46.58,8.45,0.06086,42.45,12.58,0.05246,37.27,17.76,0.02581,51.36,3.67,0.06648,43.4,11.63,0.02304,37.82,17.21,0.01918,23.56,31.47,0.1287,13.86,41.17,0.22928,46.93,8.1,0.05878,43.41,11.62,0.04924,41.29,13.74,0.03706,39.42,15.61,0.0297,37.66,17.37,0.02294
cifar100,efficientnet_b0,qat_int8,QAT + INT8,True,4.832,3.486,,14.925,55.16,84.41,0.07985,92.993,96.143,92.825,91.9,91.891,31.06,24.1,0.03238,20.0,35.16,0.09958,13.14,42.02,0.14417,10.71,44.45,0.16187,9.72,45.44,0.16377,38.58,16.58,0.02245,29.76,25.4,0.04115,18.24,36.92,0.11329,14.56,40.6,0.13814,10.75,44.41,0.16116,50.67,4.49,0.08701,44.43,10.73,0.07752,36.94,18.22,0.04794,21.99,33.17,0.04209,11.96,43.2,0.11554,54.95,0.21,0.0816,53.49,1.67,0.08193,49.24,5.92,0.06468,45.07,10.09,0.04673,36.17,18.99,0.01202,22.56,32.6,0.12764,23.42,31.74,0.11833,25.1,30.06,0.0998,17.69,37.47,0.17228,19.14,36.02,0.15375,51.15,4.01,0.07599,45.92,9.24,0.05424,40.85,14.31,0.03099,41.6,13.56,0.03827,36.87,18.29,0.01883,49.34,5.82,0.07222,47.63,7.53,0.06325,44.73,10.43,0.05004,42.16,13.0,0.03662,37.91,17.25,0.01562,49.91,5.25,0.06936,36.78,18.38,0.01172,40.71,14.45,0.03063,37.66,17.5,0.01379,31.53,23.63,0.03376,46.68,8.48,0.04609,39.93,15.23,0.01498,31.18,23.98,0.0397,29.4,25.76,0.05249,22.93,32.23,0.09053,54.55,0.61,0.07907,52.97,2.19,0.07987,50.85,4.31,0.0766,45.9,9.26,0.05774,32.8,22.36,0.01651,55.46,-0.3,0.08332,55.1,0.06,0.08387,54.26,0.9,0.08139,52.69,2.47,0.07431,49.48,5.68,0.06444,54.4,0.76,0.07749,51.99,3.17,0.07352,48.8,6.36,0.06115,43.64,11.52,0.04298,22.36,32.8,0.07013,49.16,6.0,0.07359,48.97,6.19,0.06992,46.72,8.44,0.06296,42.48,12.68,0.05397,37.25,17.91,0.02778,51.64,3.52,0.06888,43.58,11.58,0.02569,37.8,17.36,0.01791,23.41,31.75,0.12999,13.79,41.37,0.2304,46.9,8.26,0.05954,43.14,12.02,0.04814,41.32,13.84,0.03868,39.07,16.09,0.02719,37.48,17.68,0.02441
cifar100,efficientnet_b0,qat_only,QAT,True,4.832,3.486,,12.246,55.08,84.66,0.07733,92.761,95.833,92.633,91.618,91.727,31.52,23.56,0.02999,20.57,34.51,0.09703,13.3,41.78,0.14537,10.99,44.09,0.16213,9.82,45.26,0.16611,38.87,16.21,0.0177,30.3,24.78,0.03879,18.42,36.66,0.1149,14.92,40.16,0.13722,10.82,44.26,0.16389,50.42,4.66,0.08267,44.86,10.22,0.07889,37.09,17.99,0.04534,22.16,32.92,0.04395,12.18,42.9,0.11645,55.15,-0.07,0.0822,53.38,1.7,0.07905,49.3,5.78,0.06417,45.21,9.87,0.04689,36.56,18.52,0.01188,23.05,32.03,0.12259,23.83,31.25,0.11441,25.24,29.84,0.09932,18.07,37.01,0.16795,19.36,35.72,0.15098,51.21,3.87,0.07492,45.94,9.14,0.05276,40.78,14.3,0.02899,41.54,13.54,0.03539,36.84,18.24,0.01613,49.71,5.37,0.07411,47.78,7.3,0.06355,44.72,10.36,0.04833,41.99,13.09,0.03306,38.02,17.06,0.01396,50.07,5.01,0.06936,37.17,17.91,0.00885,40.83,14.25,0.02961,37.93,17.15,0.0157,31.61,23.47,0.03608,46.96,8.12,0.04578,40.21,14.87,0.02254,31.58,23.5,0.03969,29.94,25.14,0.04998,23.78,31.3,0.0847,54.53,0.55,0.07772,52.96,2.12,0.07838,50.89,4.19,0.07527,46.22,8.86,0.06038,33.09,21.99,0.01457,55.42,-0.34,0.08126,55.0,0.08,0.08074,54.14,0.94,0.07851,53.11,1.97,0.07684,49.12,5.96,0.06,54.67,0.41,0.07854,51.99,3.09,0.07162,49.09,5.99,0.06174,43.74,11.34,0.04199,23.12,31.96,0.0628,49.0,6.08,0.07002,48.96,6.12,0.06821,46.65,8.43,0.06061,42.41,12.67,0.05079,37.26,17.82,0.02555,51.52,3.56,0.0672,43.77,11.31,0.02615,37.86,17.22,0.01729,23.32,31.76,0.1322,13.77,41.31,0.23263,47.0,8.08,0.05813,43.13,11.95,0.0455,41.31,13.77,0.03681,39.39,15.69,0.02695,37.99,17.09,0.02376
cifar100,efficientnet_b0,quant_int8,Quantization INT8,True,4.833,3.486,,9.898,49.43,80.4,0.05681,100.524,100.662,100.402,100.666,100.402,27.1,22.33,0.06195,16.62,32.81,0.15211,11.0,38.43,0.21161,8.56,40.87,0.24252,7.09,42.34,0.26232,34.83,14.6,0.01271,26.03,23.4,0.06909,15.06,34.37,0.17034,11.92,37.51,0.20596,8.27,41.16,0.25551,44.0,5.43,0.0505,38.36,11.07,0.04152,32.07,17.36,0.01666,19.17,30.26,0.07355,10.18,39.25,0.16662,48.83,0.6,0.05579,47.02,2.41,0.05169,42.74,6.69,0.03116,38.46,10.97,0.01293,30.51,18.92,0.03492,21.59,27.84,0.1129,22.34,27.09,0.10279,24.12,25.31,0.08076,17.19,32.24,0.14677,18.59,30.84,0.12522,45.9,3.53,0.05532,41.27,8.16,0.03802,36.28,13.15,0.01641,36.53,12.9,0.01535,31.9,17.53,0.02071,43.03,6.4,0.04251,41.03,8.4,0.03022,38.09,11.34,0.01487,35.56,13.87,0.00895,31.35,18.08,0.02573,43.79,5.64,0.03968,32.78,16.65,0.02002,35.41,14.02,0.00963,32.93,16.5,0.01674,27.75,21.68,0.04627,42.07,7.36,0.03247,35.35,14.08,0.01065,26.59,22.84,0.05648,25.11,24.32,0.06764,19.25,30.18,0.10347,48.89,0.54,0.05719,46.56,2.87,0.05114,44.57,4.86,0.05092,40.38,9.05,0.03747,28.26,21.17,0.0203,49.64,-0.21,0.05927,49.15,0.28,0.05775,48.44,0.99,0.05708,46.46,2.97,0.04639,42.76,6.67,0.03063,48.69,0.74,0.05616,45.39,4.04,0.04697,42.16,7.27,0.03683,36.35,13.08,0.02074,16.33,33.1,0.09213,42.72,6.71,0.04096,42.51,6.92,0.03843,40.6,8.83,0.0333,36.1,13.33,0.01907,32.88,16.55,0.01223,44.55,4.88,0.03708,37.66,11.77,0.01337,33.35,16.08,0.03096,21.02,28.41,0.12807,12.52,36.91,0.21382,41.75,7.68,0.04042,38.15,11.28,0.02972,36.2,13.23,0.01895,34.74,14.69,0.01421,32.62,16.81,0.01534
cifar100,efficientnet_b0,sparsity,Sparsity (Pruning),False,16.845,1.0,4135648.0,222.08,64.29,89.22,0.08495,81.205,89.759,80.813,77.544,78.843,37.17,27.12,0.02877,24.2,40.09,0.09851,15.75,48.54,0.15438,13.2,51.09,0.17335,11.08,53.21,0.18525,46.29,18.0,0.03185,36.57,27.72,0.02442,21.72,42.57,0.11811,17.88,46.41,0.1449,12.73,51.56,0.1803,58.77,5.52,0.08117,52.39,11.9,0.07499,44.6,19.69,0.05236,27.8,36.49,0.03723,15.71,48.58,0.11508,64.2,0.09,0.08593,62.26,2.03,0.08043,58.45,5.84,0.06907,54.23,10.06,0.05287,44.52,19.77,0.01354,27.02,37.27,0.11956,28.37,35.92,0.11028,29.39,34.9,0.10405,21.32,42.97,0.16656,23.0,41.29,0.15351,59.27,5.02,0.07391,54.33,9.96,0.05954,48.92,15.37,0.03619,48.98,15.31,0.03431,45.05,19.24,0.02384,58.46,5.83,0.07177,56.61,7.68,0.06482,53.95,10.34,0.05721,50.84,13.45,0.04204,46.09,18.2,0.01869,58.58,5.71,0.07415,45.43,18.86,0.01911,48.61,15.68,0.03414,45.75,18.54,0.0213,38.98,25.31,0.02298,56.16,8.13,0.0664,49.01,15.28,0.03489,39.23,25.06,0.02769,37.73,26.56,0.03652,30.26,34.03,0.07562,63.83,0.46,0.08388,61.79,2.5,0.07769,60.01,4.28,0.07603,55.4,8.89,0.0656,40.05,24.24,0.0155,64.28,0.01,0.08533,63.95,0.34,0.08553,63.24,1.05,0.08434,62.36,1.93,0.08352,59.18,5.11,0.07189,64.08,0.21,0.08352,62.14,2.15,0.07376,60.62,3.67,0.06958,57.34,6.95,0.05851,41.2,23.09,0.02478,57.62,6.67,0.06767,57.81,6.48,0.06798,54.73,9.56,0.05746,49.84,14.45,0.04484,44.23,20.06,0.0274,60.31,3.98,0.07136,51.59,12.7,0.03334,46.14,18.15,0.01724,29.54,34.75,0.11077,16.91,47.38,0.23368,53.31,10.98,0.04892,48.61,15.68,0.03471,46.57,17.72,0.03112,44.59,19.7,0.01961,41.59,22.7,0.01861
cifar100,efficientnet_b0,sparsity_clustering,Sparsity-preserving Clustering,False,16.849,1.0,4135648.0,17.401,39.88,71.14,0.06217,115.46,105.803,118.765,119.501,115.359,22.93,16.95,0.03627,16.17,23.71,0.08128,12.09,27.79,0.11038,10.66,29.22,0.12033,9.63,30.25,0.12757,27.89,11.99,0.01601,22.65,17.23,0.03596,15.0,24.88,0.08911,13.22,26.66,0.1013,10.25,29.63,0.12224,32.03,7.85,0.02679,24.73,15.15,0.02185,18.69,21.19,0.06311,11.21,28.67,0.11717,8.0,31.88,0.13756,39.05,0.83,0.05963,35.96,3.92,0.04219,31.99,7.89,0.01918,27.74,12.14,0.01294,19.36,20.52,0.07726,13.38,26.5,0.14883,13.44,26.44,0.1499,13.75,26.13,0.14654,10.46,29.42,0.1921,10.74,29.14,0.18713,31.11,8.77,0.01634,25.36,14.52,0.03125,20.74,19.14,0.06361,20.52,19.36,0.06569,16.97,22.91,0.09429,29.86,10.02,0.0142,29.09,10.79,0.0096,26.35,13.53,0.02162,23.89,15.99,0.04039,20.25,19.63,0.07039,33.47,6.41,0.02385,23.12,16.76,0.05818,25.28,14.6,0.0351,22.34,17.54,0.0575,18.15,21.73,0.09722,30.5,9.38,0.01351,24.7,15.18,0.03573,18.14,21.74,0.09682,18.1,21.78,0.0932,13.68,26.2,0.13442,37.46,2.42,0.04896,32.01,7.87,0.01762,27.2,12.68,0.01708,20.73,19.15,0.06418,11.56,28.32,0.14395,39.97,-0.09,0.06407,39.09,0.79,0.0589,37.82,2.06,0.05136,36.12,3.76,0.04045,31.2,8.68,0.0158,37.04,2.84,0.04672,29.56,10.32,0.01888,24.36,15.52,0.03541,17.2,22.68,0.08528,4.39,35.49,0.21957,30.89,8.99,0.01879,31.18,8.7,0.01754,28.62,11.26,0.01326,22.58,17.3,0.04783,17.16,22.72,0.10302,37.71,2.17,0.0554,34.48,5.4,0.03974,31.98,7.9,0.02856,24.31,15.57,0.04127,17.76,22.12,0.09411,31.11,8.77,0.01747,28.87,11.01,0.01532,28.45,11.43,0.01259,27.22,12.66,0.01475,26.79,13.09,0.01196
cifar100,efficientnet_b0,sparsity_clustering_quant_int8,Sparsity-preserving Clustering + INT8,True,4.842,3.479,,318.189,28.54,56.29,0.01192,124.074,106.678,127.169,131.556,126.545,23.08,5.46,0.03112,18.47,10.07,0.05877,14.13,14.41,0.09036,13.19,15.35,0.0938,11.47,17.07,0.10602,25.27,3.27,0.02159,22.26,6.28,0.03918,17.35,11.19,0.06528,15.26,13.28,0.07743,12.81,15.73,0.09237,22.84,5.7,0.0289,18.35,10.19,0.05411,14.78,13.76,0.08088,10.49,18.05,0.11331,8.15,20.39,0.12713,26.9,1.64,0.01829,23.22,5.32,0.03846,20.14,8.4,0.06005,18.44,10.1,0.06913,15.5,13.04,0.08878,18.33,10.21,0.06879,18.2,10.34,0.07023,17.46,11.08,0.07703,15.41,13.13,0.09136,15.2,13.34,0.09146,21.13,7.41,0.05455,18.18,10.36,0.07249,15.74,12.8,0.08917,15.53,13.01,0.09114,14.14,14.4,0.09985,19.42,9.12,0.06346,19.2,9.34,0.06432,18.08,10.46,0.07182,17.45,11.09,0.07483,16.32,12.22,0.0816,26.05,2.49,0.01922,22.49,6.05,0.03933,21.52,7.02,0.04364,18.65,9.89,0.05987,17.81,10.73,0.0612,24.0,4.54,0.03043,20.35,8.19,0.0526,16.48,12.06,0.08275,16.49,12.05,0.0832,13.98,14.56,0.10621,24.78,3.76,0.02711,18.94,9.6,0.06607,14.98,13.56,0.09292,11.01,17.53,0.12087,6.42,22.12,0.15143,28.41,0.13,0.0129,27.7,0.84,0.01175,26.67,1.87,0.01308,25.19,3.35,0.02094,20.89,7.65,0.04965,23.26,5.28,0.04083,13.55,14.99,0.1201,8.99,19.55,0.15897,5.71,22.83,0.18551,2.75,25.79,0.20072,21.57,6.97,0.04721,21.34,7.2,0.04782,19.55,8.99,0.05944,17.65,10.89,0.07481,16.67,11.87,0.08097,29.03,-0.49,0.01749,29.55,-1.01,0.01929,29.14,-0.6,0.02302,28.89,-0.35,0.02392,25.33,3.21,0.01676,22.35,6.19,0.04539,20.36,8.18,0.05623,19.95,8.59,0.05689,18.92,9.62,0.06569,18.27,10.27,0.06822
cifar100,efficientnet_b0,sparsity_quant_int8,Sparsity + Quant INT8,True,4.837,3.483,,23.2,63.87,88.88,0.08329,82.13,89.845,82.078,78.533,79.992,37.13,26.74,0.03131,24.42,39.45,0.09904,16.02,47.85,0.15583,13.23,50.64,0.17728,11.17,52.7,0.19192,46.29,17.58,0.02944,36.58,27.29,0.02581,21.81,42.06,0.12017,17.67,46.2,0.15015,13.07,50.8,0.18206,58.44,5.43,0.08119,51.45,12.42,0.06955,43.71,20.16,0.04752,27.87,36.0,0.03441,16.22,47.65,0.10894,63.51,0.36,0.08163,62.04,1.83,0.08052,57.9,5.97,0.06662,53.74,10.13,0.05354,44.06,19.81,0.01491,26.76,37.11,0.11346,27.84,36.03,0.10744,29.32,34.55,0.09948,21.29,42.58,0.15685,22.89,40.98,0.14826,58.16,5.71,0.06791,51.92,11.95,0.04458,47.19,16.68,0.02768,47.57,16.3,0.02957,42.63,21.24,0.01899,58.11,5.76,0.07355,56.24,7.63,0.06489,53.08,10.79,0.05352,50.12,13.75,0.03972,45.28,18.59,0.01838,58.05,5.82,0.07174,44.46,19.41,0.01647,47.44,16.43,0.02987,45.49,18.38,0.01735,38.51,25.36,0.02631,55.61,8.26,0.06163,48.76,15.11,0.03222,39.74,24.13,0.02561,37.76,26.11,0.03464,30.34,33.53,0.07382,63.6,0.27,0.08584,61.29,2.58,0.07904,58.94,4.93,0.07525,53.78,10.09,0.06105,38.3,25.57,0.02028,63.79,0.08,0.08315,63.4,0.47,0.08215,62.51,1.36,0.07866,61.4,2.47,0.07558,59.1,4.77,0.07146,63.67,0.2,0.0834,61.34,2.53,0.07439,59.1,4.77,0.06801,54.2,9.67,0.04888,33.38,30.49,0.0649,57.1,6.77,0.06572,57.22,6.65,0.06687,54.85,9.02,0.06293,49.31,14.56,0.04506,42.8,21.07,0.02414,60.23,3.64,0.07075,52.31,11.56,0.03946,47.09,16.78,0.01955,30.26,33.61,0.10223,18.08,45.79,0.21337,52.85,11.02,0.0469,48.51,15.36,0.03596,46.53,17.34,0.02693,44.57,19.3,0.02233,41.74,22.13,0.02153
cifar100,efficientnet_b0,structured_pruning_30,Structured Pruning 30%,False,16.85,1.0,4135648.0,26.595,62.92,88.18,0.08477,83.086,91.391,82.557,80.122,80.35,35.76,27.16,0.03103,22.77,40.15,0.11174,14.8,48.12,0.16732,12.42,50.5,0.18642,10.46,52.46,0.19928,44.99,17.93,0.02716,34.71,28.21,0.03429,20.77,42.15,0.12741,16.67,46.25,0.15704,12.11,50.81,0.18859,57.81,5.11,0.08317,50.71,12.21,0.06624,42.96,19.96,0.04288,25.81,37.11,0.05294,14.2,48.72,0.13412,62.86,0.06,0.08602,60.77,2.15,0.07882,57.03,5.89,0.06679,53.1,9.82,0.05382,44.44,18.48,0.01581,26.08,36.84,0.12237,26.83,36.09,0.11677,28.93,33.99,0.10081,20.73,42.19,0.16594,22.31,40.61,0.15381,58.1,4.82,0.07597,52.65,10.27,0.0555,47.42,15.5,0.03239,47.61,15.31,0.03264,43.56,19.36,0.01835,57.22,5.7,0.07363,55.86,7.06,0.07128,52.61,10.31,0.0572,49.74,13.18,0.04313,45.32,17.6,0.02156,57.03,5.89,0.07329,43.36,19.56,0.01828,46.8,16.12,0.0316,43.99,18.93,0.0154,36.91,26.01,0.03085,54.64,8.28,0.06307,47.98,14.94,0.03353,37.86,25.06,0.03122,36.34,26.58,0.03888,28.88,34.04,0.08375,62.83,0.09,0.08721,60.55,2.37,0.08044,58.8,4.12,0.08036,53.56,9.36,0.06258,37.47,25.45,0.02329,62.84,0.08,0.08442,62.33,0.59,0.08257,61.48,1.44,0.07951,60.8,2.12,0.07979,58.15,4.77,0.0733,63.04,-0.12,0.08653,60.9,2.02,0.07633,59.56,3.36,0.07518,55.59,7.33,0.0599,38.2,24.72,0.02704,56.27,6.65,0.06764,56.19,6.73,0.06559,54.3,8.62,0.06544,49.62,13.3,0.05624,43.55,19.37,0.03035,59.12,3.8,0.07347,50.66,12.26,0.03584,45.25,17.67,0.01103,28.26,34.66,0.11691,16.58,46.34,0.22838,52.61,10.31,0.05197,47.96,14.96,0.03961,45.96,16.96,0.02936,44.39,18.53,0.02452,41.66,21.26,0.01838
cifar100,efficientnet_b0,structured_pruning_50,Structured Pruning 50%,False,16.85,1.0,4135648.0,20.218,58.7,86.04,0.08518,87.856,93.918,87.491,85.947,85.584,34.34,24.36,0.02127,22.5,36.2,0.08819,15.29,43.41,0.13485,12.36,46.34,0.15515,10.88,47.82,0.16161,42.87,15.83,0.03334,33.31,25.39,0.02609,20.27,38.43,0.10691,16.62,42.08,0.12996,12.36,46.34,0.1563,53.49,5.21,0.08723,45.43,13.27,0.06105,36.41,22.29,0.02731,21.16,37.54,0.07521,12.29,46.41,0.14163,58.62,0.08,0.08638,57.02,1.68,0.08455,53.68,5.02,0.07654,48.88,9.82,0.05345,41.33,17.37,0.01716,24.17,34.53,0.12339,25.65,33.05,0.11053,27.71,30.99,0.08952,19.72,38.98,0.16467,21.17,37.53,0.14697,54.3,4.4,0.08016,49.49,9.21,0.06498,44.23,14.47,0.03968,44.13,14.57,0.03695,40.16,18.54,0.02003,53.54,5.16,0.08149,51.65,7.05,0.07239,48.7,10.0,0.06009,46.09,12.61,0.04818,41.7,17.0,0.02463,53.09,5.61,0.07717,39.51,19.19,0.01332,43.08,15.62,0.03311,40.49,18.21,0.02148,34.3,24.4,0.02428,51.59,7.11,0.06888,44.29,14.41,0.03243,34.29,24.41,0.03222,32.71,25.99,0.04101,25.37,33.33,0.08874,58.4,0.3,0.08581,56.72,1.98,0.08531,55.12,3.58,0.08727,50.29,8.41,0.07312,34.95,23.75,0.01862,58.73,-0.03,0.08523,58.8,-0.1,0.08818,58.24,0.46,0.0872,57.4,1.3,0.08572,54.73,3.97,0.07795,58.92,-0.22,0.0899,56.24,2.46,0.08052,53.21,5.49,0.06772,48.28,10.42,0.04672,30.01,28.69,0.0496,52.82,5.88,0.07658,53.86,4.84,0.08442,50.88,7.82,0.07329,46.54,12.16,0.06369,40.67,18.03,0.03262,54.97,3.73,0.07288,46.86,11.84,0.03746,41.24,17.46,0.01255,26.3,32.4,0.11652,15.53,43.17,0.21642,50.31,8.39,0.06091,46.93,11.77,0.05418,45.13,13.57,0.04535,43.85,14.85,0.04143,41.03,17.67,0.02853
